portfolio_id,date,ticker,shares,price,value
batisseur,2026-05-05,CASH,1000000.0,1.0,1000000.0
batisseur,2026-05-06,AMZN,219.33832937,274.99,60315.85
batisseur,2026-05-06,BABA,302.43459852,141.44,42776.35
batisseur,2026-05-06,BSX,714.54090747,56.0,40014.29
batisseur,2026-05-06,CASH,55000.0,1.0,55000.0
batisseur,2026-05-06,CRCL,175.14668535,121.8,21332.87
batisseur,2026-05-06,CSU.TO,38.63784004,1764.5458,68178.24
batisseur,2026-05-06,DPZ,60.28999488,324.66,19573.75
batisseur,2026-05-06,EL.PA,144.83315413,207.0177,29983.03
batisseur,2026-05-06,FICO,28.13546288,1067.0,30020.54
batisseur,2026-05-06,IBE.MC,865.44999242,23.1504,20035.49
batisseur,2026-05-06,ISRG,66.46284727,451.73,30023.26
batisseur,2026-05-06,JPM,145.4427925,314.9,45799.93
batisseur,2026-05-06,LLY,50.56276356,987.05,49907.98
batisseur,2026-05-06,MELI,27.51319106,1841.14,50655.64
batisseur,2026-05-06,META,99.18011108,612.88,60785.51
batisseur,2026-05-06,MSFT,97.2337012,413.96,40250.86
batisseur,2026-05-06,NVDA,407.12468193,207.83,84612.72
batisseur,2026-05-06,NVO,668.5981725,45.76,30595.05
batisseur,2026-05-06,RACE,61.45526057,336.25,20664.33
batisseur,2026-05-06,RMS.PA,10.23441313,1958.2917,20041.97
batisseur,2026-05-06,STZ,133.51134846,152.29,20332.44
batisseur,2026-05-06,ULTA,56.33485437,535.1,30144.78
batisseur,2026-05-06,V,124.21202994,318.1404,39516.87
batisseur,2026-05-06,VICI,707.46374248,28.65,20268.84
batisseur,2026-05-06,VRSK,166.25103907,170.94,28418.95
batisseur,2026-05-06,WM,133.63624215,220.52,29469.46
batisseur,2026-05-06,ZM,183.31805683,105.13,19272.23
batisseur,2026-05-07,AMZN,219.33832937,271.17,59477.98
batisseur,2026-05-07,BABA,302.43459852,141.0,42643.28
batisseur,2026-05-07,BSX,714.54090747,56.57,40421.58
batisseur,2026-05-07,CASH,55000.0,1.0,55000.0
batisseur,2026-05-07,CRCL,175.14668535,113.25,19835.36
batisseur,2026-05-07,CSU.TO,38.63784004,1881.4614,72695.61
batisseur,2026-05-07,DPZ,60.28999488,332.53,20048.23
batisseur,2026-05-07,EL.PA,144.83315413,207.1072,29995.99
batisseur,2026-05-07,FICO,28.13546288,1128.39,31747.78
batisseur,2026-05-07,IBE.MC,865.44999242,23.0543,19952.38
batisseur,2026-05-07,ISRG,66.46284727,453.49,30140.24
batisseur,2026-05-07,JPM,145.4427925,306.27,44544.76
batisseur,2026-05-07,LLY,50.56276356,974.96,49296.67
batisseur,2026-05-07,MELI,27.51319106,1870.01,51449.94
batisseur,2026-05-07,META,99.18011108,616.81,61175.28
batisseur,2026-05-07,MSFT,97.2337012,420.77,40913.02
batisseur,2026-05-07,NVDA,407.12468193,211.5,86106.87
batisseur,2026-05-07,NVO,668.5981725,45.8,30621.8
batisseur,2026-05-07,RACE,61.45526057,337.46,20738.69
batisseur,2026-05-07,RMS.PA,10.23441313,1999.4127,20462.81
batisseur,2026-05-07,STZ,133.51134846,150.25,20060.08
batisseur,2026-05-07,ULTA,56.33485437,526.53,29661.99
batisseur,2026-05-07,V,124.21202994,320.6153,39824.28
batisseur,2026-05-07,VICI,707.46374248,28.79,20367.88
batisseur,2026-05-07,VRSK,166.25103907,174.69,29042.39
batisseur,2026-05-07,WM,133.63624215,221.45,29593.75
batisseur,2026-05-07,ZM,183.31805683,108.36,19864.34
batisseur,2026-05-08,AMZN,219.33832937,272.68,59809.17
batisseur,2026-05-08,BABA,302.43459852,140.06,42358.99
batisseur,2026-05-08,BSX,714.54090747,53.93,38535.19
batisseur,2026-05-08,CASH,55000.0,1.0,55000.0
batisseur,2026-05-08,CRCL,175.14668535,113.67,19908.92
batisseur,2026-05-08,CSU.TO,38.63784004,1882.4877,72735.26
batisseur,2026-05-08,DPZ,60.28999488,323.48,19502.61
batisseur,2026-05-08,EL.PA,144.83315413,201.0793,29122.95
batisseur,2026-05-08,FICO,28.13546288,1126.0,31680.53
batisseur,2026-05-08,IBE.MC,865.44999242,22.8238,19752.86
batisseur,2026-05-08,ISRG,66.46284727,450.06,29912.27
batisseur,2026-05-08,JPM,145.4427925,302.1,43938.27
batisseur,2026-05-08,LLY,50.56276356,948.45,47956.25
batisseur,2026-05-08,MELI,27.51319106,1632.52,44915.84
batisseur,2026-05-08,META,99.18011108,609.63,60463.17
batisseur,2026-05-08,MSFT,97.2337012,415.12,40363.65
batisseur,2026-05-08,NVDA,407.12468193,215.2,87613.23
batisseur,2026-05-08,NVO,668.5981725,46.07,30802.32
batisseur,2026-05-08,RACE,61.45526057,339.69,20875.74
batisseur,2026-05-08,RMS.PA,10.23441313,1948.6157,19942.94
batisseur,2026-05-08,STZ,133.51134846,148.21,19787.72
batisseur,2026-05-08,ULTA,56.33485437,521.58,29383.13
batisseur,2026-05-08,V,124.21202994,318.1305,39515.63
batisseur,2026-05-08,VICI,707.46374248,28.84,20403.25
batisseur,2026-05-08,VRSK,166.25103907,171.87,28573.57
batisseur,2026-05-08,WM,133.63624215,215.37,28781.24
batisseur,2026-05-08,ZM,183.31805683,109.21,20020.16
batisseur,2026-05-11,AMZN,219.33832937,268.99,58999.82
batisseur,2026-05-11,BABA,302.43459852,137.3,41524.27
batisseur,2026-05-11,BSX,714.54090747,53.37,38135.05
batisseur,2026-05-11,CASH,55000.0,1.0,55000.0
batisseur,2026-05-11,CRCL,175.14668535,131.76,23077.33
batisseur,2026-05-11,CSU.TO,38.63784004,1764.4596,68174.91
batisseur,2026-05-11,DPZ,60.28999488,313.22,18884.03
batisseur,2026-05-11,EL.PA,144.83315413,196.54,28465.5
batisseur,2026-05-11,FICO,28.13546288,1092.0,30723.93
batisseur,2026-05-11,IBE.MC,865.44999242,23.0787,19973.49
batisseur,2026-05-11,ISRG,66.46284727,420.06,27918.38
batisseur,2026-05-11,JPM,145.4427925,300.0,43632.84
batisseur,2026-05-11,LLY,50.56276356,966.99,48893.69
batisseur,2026-05-11,MELI,27.51319106,1557.3,42846.29
batisseur,2026-05-11,META,99.18011108,598.86,59395.0
batisseur,2026-05-11,MSFT,97.2337012,412.66,40124.46
batisseur,2026-05-11,NVDA,407.12468193,219.44,89339.44
batisseur,2026-05-11,NVO,668.5981725,46.4,31022.96
batisseur,2026-05-11,RACE,61.45526057,329.26,20234.76
batisseur,2026-05-11,RMS.PA,10.23441313,1890.6673,19349.87
batisseur,2026-05-11,STZ,133.51134846,142.41,19013.35
batisseur,2026-05-11,ULTA,56.33485437,511.98,28842.32
batisseur,2026-05-11,V,124.21202994,323.19,40144.08
batisseur,2026-05-11,VICI,707.46374248,28.92,20459.85
batisseur,2026-05-11,VRSK,166.25103907,168.57,28024.94
batisseur,2026-05-11,WM,133.63624215,214.11,28612.86
batisseur,2026-05-11,ZM,183.31805683,107.12,19637.03
batisseur,2026-05-12,AMZN,219.33832937,265.82,58304.52
batisseur,2026-05-12,BABA,302.43459852,134.78,40762.13
batisseur,2026-05-12,BSX,714.54090747,54.1,38656.66
batisseur,2026-05-12,CASH,55000.0,1.0,55000.0
batisseur,2026-05-12,CRCL,175.14668535,123.65,21656.89
batisseur,2026-05-12,CSU.TO,38.63784004,1758.2465,67934.84
batisseur,2026-05-12,DPZ,60.28999488,310.16,18699.55
batisseur,2026-05-12,EL.PA,144.83315413,195.4294,28304.65
batisseur,2026-05-12,FICO,28.13546288,1086.0,30555.11
batisseur,2026-05-12,IBE.MC,865.44999242,22.8943,19813.9
batisseur,2026-05-12,ISRG,66.46284727,431.87,28703.31
batisseur,2026-05-12,JPM,145.4427925,304.88,44342.6
batisseur,2026-05-12,LLY,50.56276356,989.87,50050.56
batisseur,2026-05-12,MELI,27.51319106,1578.78,43437.28
batisseur,2026-05-12,META,99.18011108,603.0,59805.61
batisseur,2026-05-12,MSFT,97.2337012,407.77,39648.99
batisseur,2026-05-12,NVDA,407.12468193,220.78,89884.99
batisseur,2026-05-12,NVO,668.5981725,47.0,31424.11
batisseur,2026-05-12,RACE,61.45526057,329.26,20234.76
batisseur,2026-05-12,RMS.PA,10.23441313,1860.0541,19036.56
batisseur,2026-05-12,STZ,133.51134846,142.53,19029.37
batisseur,2026-05-12,ULTA,56.33485437,505.2,28460.37
batisseur,2026-05-12,V,124.21202994,326.42,40545.29
batisseur,2026-05-12,VICI,707.46374248,28.55,20198.09
batisseur,2026-05-12,VRSK,166.25103907,166.32,27650.87
batisseur,2026-05-12,WM,133.63624215,217.65,29085.93
batisseur,2026-05-12,ZM,183.31805683,102.96,18874.43
batisseur,2026-05-13,AMZN,219.33832937,270.13,59249.86
batisseur,2026-05-13,BABA,302.43459852,145.81,44097.99
batisseur,2026-05-13,BSX,714.54090747,53.06,37913.54
batisseur,2026-05-13,CASH,55000.0,1.0,55000.0
batisseur,2026-05-13,CRCL,175.14668535,126.57,22168.32
batisseur,2026-05-13,CSU.TO,38.63784004,1801.4718,69604.99
batisseur,2026-05-13,DPZ,60.28999488,308.48,18598.26
batisseur,2026-05-13,EL.PA,144.83315413,200.0305,28971.05
batisseur,2026-05-13,FICO,28.13546288,1064.64,29954.14
batisseur,2026-05-13,IBE.MC,865.44999242,22.9663,19876.14
batisseur,2026-05-13,ISRG,66.46284727,432.27,28729.89
batisseur,2026-05-13,JPM,145.4427925,300.25,43669.2
batisseur,2026-05-13,LLY,50.56276356,1015.75,51359.13
batisseur,2026-05-13,MELI,27.51319106,1562.0,42975.6
batisseur,2026-05-13,META,99.18011108,616.63,61157.43
batisseur,2026-05-13,MSFT,97.2337012,405.21,39400.07
batisseur,2026-05-13,NVDA,407.12468193,225.83,91940.97
batisseur,2026-05-13,NVO,668.5981725,47.08,31477.6
batisseur,2026-05-13,RACE,61.45526057,333.09,20470.13
batisseur,2026-05-13,RMS.PA,10.23441313,1857.1329,19006.67
batisseur,2026-05-13,STZ,133.51134846,140.52,18761.02
batisseur,2026-05-13,ULTA,56.33485437,492.15,27725.2
batisseur,2026-05-13,V,124.21202994,320.31,39786.36
batisseur,2026-05-13,VICI,707.46374248,28.21,19957.55
batisseur,2026-05-13,VRSK,166.25103907,161.47,26844.56
batisseur,2026-05-13,WM,133.63624215,216.44,28924.23
batisseur,2026-05-13,ZM,183.31805683,102.43,18777.27
batisseur,2026-05-14,AMZN,219.33832937,267.22,58611.59
batisseur,2026-05-14,BABA,302.43459852,141.12,42679.57
batisseur,2026-05-14,BSX,714.54090747,53.55,38263.67
batisseur,2026-05-14,CASH,55000.0,1.0,55000.0
batisseur,2026-05-14,CRCL,175.14668535,123.88,21697.17
batisseur,2026-05-14,CSU.TO,38.63784004,1848.3804,71417.43
batisseur,2026-05-14,DPZ,60.28999488,304.01,18328.76
batisseur,2026-05-14,EL.PA,144.83315413,202.922,29389.83
batisseur,2026-05-14,FICO,28.13546288,1076.9301,30299.93
batisseur,2026-05-14,IBE.MC,865.44999242,22.9283,19843.31
batisseur,2026-05-14,ISRG,66.46284727,428.06,28450.09
batisseur,2026-05-14,JPM,145.4427925,299.91,43619.75
batisseur,2026-05-14,LLY,50.56276356,1006.7,50901.53
batisseur,2026-05-14,MELI,27.51319106,1607.37,44223.88
batisseur,2026-05-14,META,99.18011108,618.43,61335.96
batisseur,2026-05-14,MSFT,97.2337012,409.43,39810.39
batisseur,2026-05-14,NVDA,407.12468193,235.74,95975.57
batisseur,2026-05-14,NVO,668.5981725,45.8,30621.8
batisseur,2026-05-14,RACE,61.45526057,332.21,20416.05
batisseur,2026-05-14,RMS.PA,10.23441313,1866.9526,19107.16
batisseur,2026-05-14,STZ,133.51134846,140.61,18773.03
batisseur,2026-05-14,ULTA,56.33485437,498.28,28070.53
batisseur,2026-05-14,V,124.21202994,322.52,40060.86
batisseur,2026-05-14,VICI,707.46374248,27.88,19724.09
batisseur,2026-05-14,VRSK,166.25103907,156.84,26074.81
batisseur,2026-05-14,WM,133.63624215,218.82,29242.28
batisseur,2026-05-14,ZM,183.31805683,98.23,18007.33
batisseur,2026-05-15,AMZN,219.33832937,264.14,57936.03
batisseur,2026-05-15,BABA,302.43459852,132.59,40099.8
batisseur,2026-05-15,BSX,714.54090747,52.68,37642.02
batisseur,2026-05-15,CASH,55000.0,1.0,55000.0
batisseur,2026-05-15,CRCL,175.14668535,114.0,19966.72
batisseur,2026-05-15,CSU.TO,38.63784004,1903.5247,73548.09
batisseur,2026-05-15,DPZ,60.28999488,302.29,18225.06
batisseur,2026-05-15,EL.PA,144.83315413,202.0455,29262.89
batisseur,2026-05-15,FICO,28.13546288,1098.59,30909.34
batisseur,2026-05-15,IBE.MC,865.44999242,22.3912,19378.46
batisseur,2026-05-15,ISRG,66.46284727,421.12,27988.83
batisseur,2026-05-15,JPM,145.4427925,297.81,43314.32
batisseur,2026-05-15,LLY,50.56276356,1004.92,50811.53
batisseur,2026-05-15,MELI,27.51319106,1546.8101,42557.68
batisseur,2026-05-15,META,99.18011108,614.23,60919.4
batisseur,2026-05-15,MSFT,97.2337012,421.92,41024.84
batisseur,2026-05-15,NVDA,407.12468193,225.32,91733.34
batisseur,2026-05-15,NVO,668.5981725,44.74,29913.08
batisseur,2026-05-15,RACE,61.45526057,321.2,19739.43
batisseur,2026-05-15,RMS.PA,10.23441313,1837.3607,18804.31
batisseur,2026-05-15,STZ,133.51134846,142.35,19005.34
batisseur,2026-05-15,ULTA,56.33485437,494.28,27845.19
batisseur,2026-05-15,V,124.21202994,325.75,40462.07
batisseur,2026-05-15,VICI,707.46374248,27.9,19738.24
batisseur,2026-05-15,VRSK,166.25103907,162.55,27024.11
batisseur,2026-05-15,WM,133.63624215,219.82,29375.92
batisseur,2026-05-15,ZM,183.31805683,100.16,18361.14
batisseur,2026-05-16,AMZN,219.33832937,264.14,57936.03
batisseur,2026-05-16,BABA,302.43459852,132.59,40099.8
batisseur,2026-05-16,BSX,714.54090747,52.68,37642.02
batisseur,2026-05-16,CASH,55000.0,1.0,55000.0
batisseur,2026-05-16,CRCL,175.14668535,114.0,19966.72
batisseur,2026-05-16,CSU.TO,38.63784004,1903.5247,73548.09
batisseur,2026-05-16,DPZ,60.28999488,302.29,18225.06
batisseur,2026-05-16,EL.PA,144.83315413,202.0455,29262.89
batisseur,2026-05-16,FICO,28.13546288,1098.59,30909.34
batisseur,2026-05-16,IBE.MC,865.44999242,22.3912,19378.46
batisseur,2026-05-16,ISRG,66.46284727,421.12,27988.83
batisseur,2026-05-16,JPM,145.4427925,297.81,43314.32
batisseur,2026-05-16,LLY,50.56276356,1004.92,50811.53
batisseur,2026-05-16,MELI,27.51319106,1546.8101,42557.68
batisseur,2026-05-16,META,99.18011108,614.23,60919.4
batisseur,2026-05-16,MSFT,97.2337012,421.92,41024.84
batisseur,2026-05-16,NVDA,407.12468193,225.32,91733.34
batisseur,2026-05-16,NVO,668.5981725,44.74,29913.08
batisseur,2026-05-16,RACE,61.45526057,321.2,19739.43
batisseur,2026-05-16,RMS.PA,10.23441313,1837.3607,18804.31
batisseur,2026-05-16,STZ,133.51134846,142.35,19005.34
batisseur,2026-05-16,ULTA,56.33485437,494.28,27845.19
batisseur,2026-05-16,V,124.21202994,325.75,40462.07
batisseur,2026-05-16,VICI,707.46374248,27.9,19738.24
batisseur,2026-05-16,VRSK,166.25103907,162.55,27024.11
batisseur,2026-05-16,WM,133.63624215,219.82,29375.92
batisseur,2026-05-16,ZM,183.31805683,100.16,18361.14
batisseur,2026-05-17,AMZN,219.33832937,264.14,57936.03
batisseur,2026-05-17,BABA,302.43459852,132.59,40099.8
batisseur,2026-05-17,BSX,714.54090747,52.68,37642.02
batisseur,2026-05-17,CASH,55000.0,1.0,55000.0
batisseur,2026-05-17,CRCL,175.14668535,114.0,19966.72
batisseur,2026-05-17,CSU.TO,38.63784004,1903.5247,73548.09
batisseur,2026-05-17,DPZ,60.28999488,302.29,18225.06
batisseur,2026-05-17,EL.PA,144.83315413,202.0455,29262.89
batisseur,2026-05-17,FICO,28.13546288,1098.59,30909.34
batisseur,2026-05-17,IBE.MC,865.44999242,22.3912,19378.46
batisseur,2026-05-17,ISRG,66.46284727,421.12,27988.83
batisseur,2026-05-17,JPM,145.4427925,297.81,43314.32
batisseur,2026-05-17,LLY,50.56276356,1004.92,50811.53
batisseur,2026-05-17,MELI,27.51319106,1546.8101,42557.68
batisseur,2026-05-17,META,99.18011108,614.23,60919.4
batisseur,2026-05-17,MSFT,97.2337012,421.92,41024.84
batisseur,2026-05-17,NVDA,407.12468193,225.32,91733.34
batisseur,2026-05-17,NVO,668.5981725,44.74,29913.08
batisseur,2026-05-17,RACE,61.45526057,321.2,19739.43
batisseur,2026-05-17,RMS.PA,10.23441313,1837.3607,18804.31
batisseur,2026-05-17,STZ,133.51134846,142.35,19005.34
batisseur,2026-05-17,ULTA,56.33485437,494.28,27845.19
batisseur,2026-05-17,V,124.21202994,325.75,40462.07
batisseur,2026-05-17,VICI,707.46374248,27.9,19738.24
batisseur,2026-05-17,VRSK,166.25103907,162.55,27024.11
batisseur,2026-05-17,WM,133.63624215,219.82,29375.92
batisseur,2026-05-17,ZM,183.31805683,100.16,18361.14
batisseur,2026-05-18,AMZN,219.33832937,264.86,58093.95
batisseur,2026-05-18,BABA,302.43459852,133.26,40302.43
batisseur,2026-05-18,BSX,714.54090747,55.92,39957.13
batisseur,2026-05-18,CASH,55000.0,1.0,55000.0
batisseur,2026-05-18,CRCL,175.14668535,111.39,19509.59
batisseur,2026-05-18,CSU.TO,38.63784004,1898.3236,73347.13
batisseur,2026-05-18,DPZ,60.28999488,308.0,18569.32
batisseur,2026-05-18,EL.PA,144.83315413,202.3229,29303.06
batisseur,2026-05-18,FICO,28.13546288,1181.8199,33251.05
batisseur,2026-05-18,IBE.MC,865.44999242,22.561,19525.4
batisseur,2026-05-18,ISRG,66.46284727,439.92,29238.34
batisseur,2026-05-18,JPM,145.4427925,300.73,43739.01
batisseur,2026-05-18,LLY,50.56276356,988.09,49960.56
batisseur,2026-05-18,MELI,27.51319106,1585.91,43633.45
batisseur,2026-05-18,META,99.18011108,611.21,60619.88
batisseur,2026-05-18,MSFT,97.2337012,423.54,41182.36
batisseur,2026-05-18,NVDA,407.12468193,222.32,90511.96
batisseur,2026-05-18,NVO,668.5981725,44.28,29605.53
batisseur,2026-05-18,RACE,61.45526057,324.77,19958.82
batisseur,2026-05-18,RMS.PA,10.23441313,1835.0754,18780.92
batisseur,2026-05-18,STZ,133.51134846,147.58,19703.61
batisseur,2026-05-18,ULTA,56.33485437,479.87,27033.41
batisseur,2026-05-18,V,124.21202994,332.64,41317.89
batisseur,2026-05-18,VICI,707.46374248,28.5,20162.72
batisseur,2026-05-18,VRSK,166.25103907,171.52,28515.38
batisseur,2026-05-18,WM,133.63624215,222.73,29764.8
batisseur,2026-05-18,ZM,183.31805683,98.87,18124.66
batisseur,2026-05-19,AMZN,219.33832937,259.34,56883.2
batisseur,2026-05-19,BABA,302.43459852,135.64,41022.23
batisseur,2026-05-19,BSX,714.54090747,56.81,40593.07
batisseur,2026-05-19,CASH,55000.0,1.0,55000.0
batisseur,2026-05-19,CRCL,175.14668535,111.03,19446.54
batisseur,2026-05-19,CSU.TO,38.63784004,1986.8764,76768.62
batisseur,2026-05-19,DPZ,60.28999488,312.75,18855.7
batisseur,2026-05-19,EL.PA,144.83315413,205.1306,29709.71
batisseur,2026-05-19,FICO,28.13546288,1186.15,33372.88
batisseur,2026-05-19,IBE.MC,865.44999242,22.8091,19740.16
batisseur,2026-05-19,ISRG,66.46284727,441.58,29348.66
batisseur,2026-05-19,JPM,145.4427925,295.7,43007.44
batisseur,2026-05-19,LLY,50.56276356,1021.41,51645.31
batisseur,2026-05-19,MELI,27.51319106,1594.86,43879.69
batisseur,2026-05-19,META,99.18011108,602.61,59766.93
batisseur,2026-05-19,MSFT,97.2337012,417.42,40587.29
batisseur,2026-05-19,NVDA,407.12468193,220.61,89815.78
batisseur,2026-05-19,NVO,668.5981725,44.28,29605.53
batisseur,2026-05-19,RACE,61.45526057,329.66,20259.34
batisseur,2026-05-19,RMS.PA,10.23441313,1872.9821,19168.88
batisseur,2026-05-19,STZ,133.51134846,146.47,19555.41
batisseur,2026-05-19,ULTA,56.33485437,481.56,27128.61
batisseur,2026-05-19,V,124.21202994,329.91,40978.79
batisseur,2026-05-19,VICI,707.46374248,28.37,20070.75
batisseur,2026-05-19,VRSK,166.25103907,170.71,28380.72
batisseur,2026-05-19,WM,133.63624215,222.34,29712.68
batisseur,2026-05-19,ZM,183.31805683,97.39,17853.35
batisseur,2026-05-20,AMZN,219.33832937,265.01,58126.85
batisseur,2026-05-20,BABA,302.43459852,134.47,40668.38
batisseur,2026-05-20,BSX,714.54090747,56.67,40493.03
batisseur,2026-05-20,CASH,55000.0,1.0,55000.0
batisseur,2026-05-20,CRCL,175.14668535,111.62,19549.87
batisseur,2026-05-20,CSU.TO,38.63784004,1974.9621,76308.27
batisseur,2026-05-20,DPZ,60.28999488,315.97,19049.83
batisseur,2026-05-20,EL.PA,144.83315413,205.0979,29704.97
batisseur,2026-05-20,FICO,28.13546288,1230.23,34613.09
batisseur,2026-05-20,IBE.MC,865.44999242,22.7558,19693.98
batisseur,2026-05-20,ISRG,66.46284727,449.03,29843.81
batisseur,2026-05-20,JPM,145.4427925,301.98,43920.82
batisseur,2026-05-20,LLY,50.56276356,1018.87,51516.88
batisseur,2026-05-20,MELI,27.51319106,1651.2,45429.78
batisseur,2026-05-20,META,99.18011108,605.06,60009.92
batisseur,2026-05-20,MSFT,97.2337012,421.06,40941.22
batisseur,2026-05-20,NVDA,407.12468193,223.47,90980.15
batisseur,2026-05-20,NVO,668.5981725,45.07,30133.72
batisseur,2026-05-20,RACE,61.45526057,341.81,21006.02
batisseur,2026-05-20,RMS.PA,10.23441313,1882.6753,19268.08
batisseur,2026-05-20,STZ,133.51134846,151.18,20184.24
batisseur,2026-05-20,ULTA,56.33485437,493.12,27779.84
batisseur,2026-05-20,V,124.21202994,330.75,41083.13
batisseur,2026-05-20,VICI,707.46374248,28.4,20091.97
batisseur,2026-05-20,VRSK,166.25103907,170.66,28372.4
batisseur,2026-05-20,WM,133.63624215,219.59,29345.18
batisseur,2026-05-20,ZM,183.31805683,99.42,18225.48
batisseur,2026-05-21,AMZN,219.33832937,268.46,58883.57
batisseur,2026-05-21,BABA,302.43459852,131.47,39761.08
batisseur,2026-05-21,BSX,714.54090747,57.15,40836.01
batisseur,2026-05-21,CASH,55000.0,1.0,55000.0
batisseur,2026-05-21,CRCL,175.14668535,114.88,20120.85
batisseur,2026-05-21,CSU.TO,38.63784004,1971.1152,76159.63
batisseur,2026-05-21,DPZ,60.28999488,316.47,19079.97
batisseur,2026-05-21,EL.PA,144.83315413,203.9084,29532.7
batisseur,2026-05-21,FICO,28.13546288,1228.1,34553.16
batisseur,2026-05-21,IBE.MC,865.44999242,22.8903,19810.4
batisseur,2026-05-21,ISRG,66.46284727,439.8,29230.36
batisseur,2026-05-21,JPM,145.4427925,303.0,44069.17
batisseur,2026-05-21,LLY,50.56276356,1041.65,52668.7
batisseur,2026-05-21,MELI,27.51319106,1677.9,46164.38
batisseur,2026-05-21,META,99.18011108,607.38,60240.02
batisseur,2026-05-21,MSFT,97.2337012,419.09,40749.67
batisseur,2026-05-21,NVDA,407.12468193,219.51,89367.94
batisseur,2026-05-21,NVO,668.5981725,44.39,29679.07
batisseur,2026-05-21,RACE,61.45526057,349.39,21471.85
batisseur,2026-05-21,RMS.PA,10.23441313,1868.7732,19125.8
batisseur,2026-05-21,STZ,133.51134846,150.83,20137.52
batisseur,2026-05-21,ULTA,56.33485437,504.05,28395.58
batisseur,2026-05-21,V,124.21202994,331.12,41129.09
batisseur,2026-05-21,VICI,707.46374248,28.52,20176.87
batisseur,2026-05-21,VRSK,166.25103907,171.6,28528.68
batisseur,2026-05-21,WM,133.63624215,217.75,29099.29
batisseur,2026-05-21,ZM,183.31805683,96.75,17736.02
batisseur,2026-05-22,AMZN,219.33832937,266.32,58414.19
batisseur,2026-05-22,BABA,302.43459852,130.0,39316.5
batisseur,2026-05-22,BSX,714.54090747,57.78,41286.17
batisseur,2026-05-22,CASH,55000.0,1.0,55000.0
batisseur,2026-05-22,CRCL,175.14668535,113.12,19812.59
batisseur,2026-05-22,CSU.TO,38.63784004,1975.5371,76330.48
batisseur,2026-05-22,DPZ,60.28999488,316.52,19082.99
batisseur,2026-05-22,EL.PA,144.83315413,201.3364,29160.19
batisseur,2026-05-22,FICO,28.13546288,1239.91,34885.44
batisseur,2026-05-22,IBE.MC,865.44999242,22.7484,19687.61
batisseur,2026-05-22,ISRG,66.46284727,438.1,29117.37
batisseur,2026-05-22,JPM,145.4427925,306.38,44560.76
batisseur,2026-05-22,LLY,50.56276356,1065.0,53849.34
batisseur,2026-05-22,MELI,27.51319106,1664.42,45793.51
batisseur,2026-05-22,META,99.18011108,610.26,60525.66
batisseur,2026-05-22,MSFT,97.2337012,418.57,40699.11
batisseur,2026-05-22,NVDA,407.12468193,215.33,87666.16
batisseur,2026-05-22,NVO,668.5981725,44.96,30060.17
batisseur,2026-05-22,RACE,61.45526057,348.24,21401.18
batisseur,2026-05-22,RMS.PA,10.23441313,1865.1947,19089.17
batisseur,2026-05-22,STZ,133.51134846,149.5,19959.95
batisseur,2026-05-22,ULTA,56.33485437,515.04,29014.7
batisseur,2026-05-22,V,124.21202994,328.88,40850.85
batisseur,2026-05-22,VICI,707.46374248,28.5,20162.72
batisseur,2026-05-22,VRSK,166.25103907,171.11,28447.22
batisseur,2026-05-22,WM,133.63624215,217.9,29119.34
batisseur,2026-05-22,ZM,183.31805683,105.64,19365.72
batisseur,2026-05-23,AMZN,219.33832937,266.32,58414.19
batisseur,2026-05-23,BABA,302.43459852,130.0,39316.5
batisseur,2026-05-23,BSX,714.54090747,57.78,41286.17
batisseur,2026-05-23,CASH,55000.0,1.0,55000.0
batisseur,2026-05-23,CRCL,175.14668535,113.12,19812.59
batisseur,2026-05-23,CSU.TO,38.63784004,1975.5371,76330.48
batisseur,2026-05-23,DPZ,60.28999488,316.52,19082.99
batisseur,2026-05-23,EL.PA,144.83315413,201.3364,29160.19
batisseur,2026-05-23,FICO,28.13546288,1239.91,34885.44
batisseur,2026-05-23,IBE.MC,865.44999242,22.7484,19687.61
batisseur,2026-05-23,ISRG,66.46284727,438.1,29117.37
batisseur,2026-05-23,JPM,145.4427925,306.38,44560.76
batisseur,2026-05-23,LLY,50.56276356,1065.0,53849.34
batisseur,2026-05-23,MELI,27.51319106,1664.42,45793.51
batisseur,2026-05-23,META,99.18011108,610.26,60525.66
batisseur,2026-05-23,MSFT,97.2337012,418.57,40699.11
batisseur,2026-05-23,NVDA,407.12468193,215.33,87666.16
batisseur,2026-05-23,NVO,668.5981725,44.96,30060.17
batisseur,2026-05-23,RACE,61.45526057,348.24,21401.18
batisseur,2026-05-23,RMS.PA,10.23441313,1865.1947,19089.17
batisseur,2026-05-23,STZ,133.51134846,149.5,19959.95
batisseur,2026-05-23,ULTA,56.33485437,515.04,29014.7
batisseur,2026-05-23,V,124.21202994,328.88,40850.85
batisseur,2026-05-23,VICI,707.46374248,28.5,20162.72
batisseur,2026-05-23,VRSK,166.25103907,171.11,28447.22
batisseur,2026-05-23,WM,133.63624215,217.9,29119.34
batisseur,2026-05-23,ZM,183.31805683,105.64,19365.72
batisseur,2026-05-24,AMZN,219.33832937,266.32,58414.19
batisseur,2026-05-24,BABA,302.43459852,130.0,39316.5
batisseur,2026-05-24,BSX,714.54090747,57.78,41286.17
batisseur,2026-05-24,CASH,55000.0,1.0,55000.0
batisseur,2026-05-24,CRCL,175.14668535,113.12,19812.59
batisseur,2026-05-24,CSU.TO,38.63784004,1975.5371,76330.48
batisseur,2026-05-24,DPZ,60.28999488,316.52,19082.99
batisseur,2026-05-24,EL.PA,144.83315413,201.3364,29160.19
batisseur,2026-05-24,FICO,28.13546288,1239.91,34885.44
batisseur,2026-05-24,IBE.MC,865.44999242,22.7484,19687.61
batisseur,2026-05-24,ISRG,66.46284727,438.1,29117.37
batisseur,2026-05-24,JPM,145.4427925,306.38,44560.76
batisseur,2026-05-24,LLY,50.56276356,1065.0,53849.34
batisseur,2026-05-24,MELI,27.51319106,1664.42,45793.51
batisseur,2026-05-24,META,99.18011108,610.26,60525.66
batisseur,2026-05-24,MSFT,97.2337012,418.57,40699.11
batisseur,2026-05-24,NVDA,407.12468193,215.33,87666.16
batisseur,2026-05-24,NVO,668.5981725,44.96,30060.17
batisseur,2026-05-24,RACE,61.45526057,348.24,21401.18
batisseur,2026-05-24,RMS.PA,10.23441313,1865.1947,19089.17
batisseur,2026-05-24,STZ,133.51134846,149.5,19959.95
batisseur,2026-05-24,ULTA,56.33485437,515.04,29014.7
batisseur,2026-05-24,V,124.21202994,328.88,40850.85
batisseur,2026-05-24,VICI,707.46374248,28.5,20162.72
batisseur,2026-05-24,VRSK,166.25103907,171.11,28447.22
batisseur,2026-05-24,WM,133.63624215,217.9,29119.34
batisseur,2026-05-24,ZM,183.31805683,105.64,19365.72
batisseur,2026-05-25,AMZN,219.33832937,266.32,58414.19
batisseur,2026-05-25,BABA,302.43459852,130.0,39316.5
batisseur,2026-05-25,BSX,714.54090747,57.78,41286.17
batisseur,2026-05-25,CASH,55000.0,1.0,55000.0
batisseur,2026-05-25,CRCL,175.14668535,113.12,19812.59
batisseur,2026-05-25,CSU.TO,38.63784004,2009.1,77627.29
batisseur,2026-05-25,DPZ,60.28999488,316.52,19082.99
batisseur,2026-05-25,EL.PA,144.83315413,203.8559,29525.1
batisseur,2026-05-25,FICO,28.13546288,1239.91,34885.44
batisseur,2026-05-25,IBE.MC,865.44999242,22.9702,19879.54
batisseur,2026-05-25,ISRG,66.46284727,438.1,29117.37
batisseur,2026-05-25,JPM,145.4427925,306.38,44560.76
batisseur,2026-05-25,LLY,50.56276356,1065.0,53849.34
batisseur,2026-05-25,MELI,27.51319106,1664.42,45793.51
batisseur,2026-05-25,META,99.18011108,610.26,60525.66
batisseur,2026-05-25,MSFT,97.2337012,418.57,40699.11
batisseur,2026-05-25,NVDA,407.12468193,215.33,87666.16
batisseur,2026-05-25,NVO,668.5981725,44.96,30060.17
batisseur,2026-05-25,RACE,61.45526057,348.24,21401.18
batisseur,2026-05-25,RMS.PA,10.23441313,1921.5545,19665.98
batisseur,2026-05-25,STZ,133.51134846,149.5,19959.95
batisseur,2026-05-25,ULTA,56.33485437,515.04,29014.7
batisseur,2026-05-25,V,124.21202994,328.88,40850.85
batisseur,2026-05-25,VICI,707.46374248,28.5,20162.72
batisseur,2026-05-25,VRSK,166.25103907,171.11,28447.22
batisseur,2026-05-25,WM,133.63624215,217.9,29119.34
batisseur,2026-05-25,ZM,183.31805683,105.64,19365.72
batisseur,2026-05-26,AMZN,219.33832937,265.29,58188.27
batisseur,2026-05-26,BABA,302.43459852,129.47,39156.21
batisseur,2026-05-26,BSX,714.54090747,57.64,41186.14
batisseur,2026-05-26,CASH,55000.0,1.0,55000.0
batisseur,2026-05-26,CRCL,175.14668535,104.17,18245.03
batisseur,2026-05-26,CSU.TO,38.63784004,1944.5527,75133.32
batisseur,2026-05-26,DPZ,60.28999488,310.42,18715.22
batisseur,2026-05-26,EL.PA,144.83315413,200.2793,29007.08
batisseur,2026-05-26,FICO,28.13546288,1259.89,35447.59
batisseur,2026-05-26,IBE.MC,865.44999242,23.1758,20057.53
batisseur,2026-05-26,ISRG,66.46284727,436.64,29020.34
batisseur,2026-05-26,JPM,145.4427925,306.74,44613.12
batisseur,2026-05-26,LLY,50.56276356,1064.74,53836.2
batisseur,2026-05-26,MELI,27.51319106,1648.04,45342.84
batisseur,2026-05-26,META,99.18011108,612.34,60731.95
batisseur,2026-05-26,MSFT,97.2337012,416.03,40452.14
batisseur,2026-05-26,NVDA,407.12468193,214.86,87474.81
batisseur,2026-05-26,NVO,668.5981725,44.19,29545.35
batisseur,2026-05-26,RACE,61.45526057,329.91,20274.71
batisseur,2026-05-26,RMS.PA,10.23441313,1857.9075,19014.6
batisseur,2026-05-26,STZ,133.51134846,147.64,19711.62
batisseur,2026-05-26,ULTA,56.33485437,516.04,29071.04
batisseur,2026-05-26,V,124.21202994,326.48,40552.74
batisseur,2026-05-26,VICI,707.46374248,28.62,20247.61
batisseur,2026-05-26,VRSK,166.25103907,171.59,28527.02
batisseur,2026-05-26,WM,133.63624215,215.48,28795.94
batisseur,2026-05-26,ZM,183.31805683,100.09,18348.3
batisseur,2026-05-27,AMZN,219.33832937,271.85,59627.13
batisseur,2026-05-27,BABA,302.43459852,127.76,38639.04
batisseur,2026-05-27,BSX,714.54090747,50.46,36055.73
batisseur,2026-05-27,CASH,55000.0,1.0,55000.0
batisseur,2026-05-27,CRCL,175.14668535,102.64,17977.06
batisseur,2026-05-27,CSU.TO,38.63784004,1917.0324,74069.99
batisseur,2026-05-27,DPZ,60.28999488,311.72,18793.6
batisseur,2026-05-27,EL.PA,144.83315413,203.2374,29435.51
batisseur,2026-05-27,FICO,28.13546288,1278.47,35970.34
batisseur,2026-05-27,IBE.MC,865.44999242,22.9071,19824.96
batisseur,2026-05-27,ISRG,66.46284727,418.55,27818.02
batisseur,2026-05-27,JPM,145.4427925,299.28,43528.12
batisseur,2026-05-27,LLY,50.56276356,1082.92,54755.43
batisseur,2026-05-27,MELI,27.51319106,1696.17,46667.05
batisseur,2026-05-27,META,99.18011108,635.255,63004.66
batisseur,2026-05-27,MSFT,97.2337012,412.67,40125.43
batisseur,2026-05-27,NVDA,407.12468193,212.6,86554.71
batisseur,2026-05-27,NVO,668.5981725,44.55,29786.05
batisseur,2026-05-27,RACE,61.45526057,333.22,20478.12
batisseur,2026-05-27,RMS.PA,10.23441313,1901.4593,19460.32
batisseur,2026-05-27,STZ,133.51134846,143.72,19188.25
batisseur,2026-05-27,ULTA,56.33485437,507.35,28581.49
batisseur,2026-05-27,V,124.21202994,327.61,40693.1
batisseur,2026-05-27,VICI,707.46374248,28.63,20254.69
batisseur,2026-05-27,VRSK,166.25103907,171.5,28512.05
batisseur,2026-05-27,WM,133.63624215,215.59,28810.64
batisseur,2026-05-27,ZM,183.31805683,99.96,18324.47
batisseur,2026-05-28,AMZN,219.33832937,274.0,60098.7
batisseur,2026-05-28,BABA,302.43459852,126.16,38155.15
batisseur,2026-05-28,BSX,714.54090747,49.11,35091.1
batisseur,2026-05-28,CASH,55000.0,1.0,55000.0
batisseur,2026-05-28,CRCL,175.14668535,108.24,18957.88
batisseur,2026-05-28,CSU.TO,38.63784004,1995.4977,77101.72
batisseur,2026-05-28,DPZ,60.28999488,310.35,18711.0
batisseur,2026-05-28,EL.PA,144.83315413,203.8009,29517.12
batisseur,2026-05-28,FICO,28.13546288,1296.36,36473.69
batisseur,2026-05-28,IBE.MC,865.44999242,22.7877,19721.6
batisseur,2026-05-28,ISRG,66.46284727,423.63,28155.66
batisseur,2026-05-28,JPM,145.4427925,296.73,43157.24
batisseur,2026-05-28,LLY,50.56276356,1126.8,56974.12
batisseur,2026-05-28,MELI,27.51319106,1695.53,46649.44
batisseur,2026-05-28,META,99.18011108,635.29,63008.13
batisseur,2026-05-28,MSFT,97.2337012,426.99,41517.82
batisseur,2026-05-28,NVDA,407.12468193,214.25,87226.46
batisseur,2026-05-28,NVO,668.5981725,45.51,30427.9
batisseur,2026-05-28,RACE,61.45526057,346.35,21285.03
batisseur,2026-05-28,RMS.PA,10.23441313,1905.095,19497.53
batisseur,2026-05-28,STZ,133.51134846,142.13,18975.97
batisseur,2026-05-28,ULTA,56.33485437,520.15,29302.58
batisseur,2026-05-28,V,124.21202994,324.95,40362.7
batisseur,2026-05-28,VICI,707.46374248,28.33,20042.45
batisseur,2026-05-28,VRSK,166.25103907,172.82,28731.51
batisseur,2026-05-28,WM,133.63624215,214.4,28651.61
batisseur,2026-05-28,ZM,183.31805683,100.46,18416.13
batisseur,2026-05-29,AMZN,219.33832937,270.64,59361.73
batisseur,2026-05-29,BABA,302.43459852,124.22,37568.43
batisseur,2026-05-29,BSX,714.54090747,48.31,34519.47
batisseur,2026-05-29,CASH,55000.0,1.0,55000.0
batisseur,2026-05-29,CRCL,175.14668535,113.0,19791.58
batisseur,2026-05-29,CSU.TO,38.63784004,2046.2704,79063.47
batisseur,2026-05-29,DPZ,60.28999488,310.58,18724.87
batisseur,2026-05-29,EL.PA,144.83315413,204.2089,29576.22
batisseur,2026-05-29,FICO,28.13546288,1250.59,35185.93
batisseur,2026-05-29,IBE.MC,865.44999242,22.7352,19676.2
batisseur,2026-05-29,ISRG,66.46284727,424.64,28222.78
batisseur,2026-05-29,JPM,145.4427925,299.31,43532.48
batisseur,2026-05-29,LLY,50.56276356,1105.0,55871.85
batisseur,2026-05-29,MELI,27.51319106,1695.65,46652.74
batisseur,2026-05-29,META,99.18011108,632.51,62732.41
batisseur,2026-05-29,MSFT,97.2337012,450.24,43778.5
batisseur,2026-05-29,NVDA,407.12468193,211.14,85960.31
batisseur,2026-05-29,NVO,668.5981725,45.58,30474.71
batisseur,2026-05-29,RACE,61.45526057,340.23,20908.92
batisseur,2026-05-29,RMS.PA,10.23441313,1888.7723,19330.48
batisseur,2026-05-29,STZ,133.51134846,138.82,18534.05
batisseur,2026-05-29,ULTA,56.33485437,508.85,28665.99
batisseur,2026-05-29,V,124.21202994,326.36,40537.84
batisseur,2026-05-29,VICI,707.46374248,28.22,19964.63
batisseur,2026-05-29,VRSK,166.25103907,174.99,29092.27
batisseur,2026-05-29,WM,133.63624215,211.46,28258.72
batisseur,2026-05-29,ZM,183.31805683,101.59,18623.28
batisseur,2026-05-30,AMZN,219.33832937,270.64,59361.73
batisseur,2026-05-30,BABA,302.43459852,124.22,37568.43
batisseur,2026-05-30,BSX,714.54090747,48.31,34519.47
batisseur,2026-05-30,CASH,55000.0,1.0,55000.0
batisseur,2026-05-30,CRCL,175.14668535,113.0,19791.58
batisseur,2026-05-30,CSU.TO,38.63784004,2046.2704,79063.47
batisseur,2026-05-30,DPZ,60.28999488,310.58,18724.87
batisseur,2026-05-30,EL.PA,144.83315413,204.2089,29576.22
batisseur,2026-05-30,FICO,28.13546288,1250.59,35185.93
batisseur,2026-05-30,IBE.MC,865.44999242,22.7352,19676.2
batisseur,2026-05-30,ISRG,66.46284727,424.64,28222.78
batisseur,2026-05-30,JPM,145.4427925,299.31,43532.48
batisseur,2026-05-30,LLY,50.56276356,1105.0,55871.85
batisseur,2026-05-30,MELI,27.51319106,1695.65,46652.74
batisseur,2026-05-30,META,99.18011108,632.51,62732.41
batisseur,2026-05-30,MSFT,97.2337012,450.24,43778.5
batisseur,2026-05-30,NVDA,407.12468193,211.14,85960.31
batisseur,2026-05-30,NVO,668.5981725,45.58,30474.71
batisseur,2026-05-30,RACE,61.45526057,340.23,20908.92
batisseur,2026-05-30,RMS.PA,10.23441313,1888.7723,19330.48
batisseur,2026-05-30,STZ,133.51134846,138.82,18534.05
batisseur,2026-05-30,ULTA,56.33485437,508.85,28665.99
batisseur,2026-05-30,V,124.21202994,326.36,40537.84
batisseur,2026-05-30,VICI,707.46374248,28.22,19964.63
batisseur,2026-05-30,VRSK,166.25103907,174.99,29092.27
batisseur,2026-05-30,WM,133.63624215,211.46,28258.72
batisseur,2026-05-30,ZM,183.31805683,101.59,18623.28
batisseur,2026-05-31,AMZN,219.33832937,270.64,59361.73
batisseur,2026-05-31,BABA,302.43459852,124.22,37568.43
batisseur,2026-05-31,BSX,714.54090747,48.31,34519.47
batisseur,2026-05-31,CASH,55000.0,1.0,55000.0
batisseur,2026-05-31,CRCL,175.14668535,113.0,19791.58
batisseur,2026-05-31,CSU.TO,38.63784004,2046.5672,79074.94
batisseur,2026-05-31,DPZ,60.28999488,310.58,18724.87
batisseur,2026-05-31,EL.PA,144.83315413,204.1851,29572.77
batisseur,2026-05-31,FICO,28.13546288,1250.59,35185.93
batisseur,2026-05-31,IBE.MC,865.44999242,22.7326,19673.9
batisseur,2026-05-31,ISRG,66.46284727,424.64,28222.78
batisseur,2026-05-31,JPM,145.4427925,299.31,43532.48
batisseur,2026-05-31,LLY,50.56276356,1105.0,55871.85
batisseur,2026-05-31,MELI,27.51319106,1695.65,46652.74
batisseur,2026-05-31,META,99.18011108,632.51,62732.41
batisseur,2026-05-31,MSFT,97.2337012,450.24,43778.5
batisseur,2026-05-31,NVDA,407.12468193,211.14,85960.31
batisseur,2026-05-31,NVO,668.5981725,45.58,30474.71
batisseur,2026-05-31,RACE,61.45526057,340.23,20908.92
batisseur,2026-05-31,RMS.PA,10.23441313,1888.5521,19328.22
batisseur,2026-05-31,STZ,133.51134846,138.82,18534.05
batisseur,2026-05-31,ULTA,56.33485437,508.85,28665.99
batisseur,2026-05-31,V,124.21202994,326.36,40537.84
batisseur,2026-05-31,VICI,707.46374248,28.22,19964.63
batisseur,2026-05-31,VRSK,166.25103907,174.99,29092.27
batisseur,2026-05-31,WM,133.63624215,211.46,28258.72
batisseur,2026-05-31,ZM,183.31805683,101.59,18623.28
batisseur,2026-06-01,AMZN,219.33832937,261.26,57304.33
batisseur,2026-06-01,BABA,302.43459852,125.4,37925.3
batisseur,2026-06-01,BSX,714.54090747,47.98,34283.67
batisseur,2026-06-01,CASH,55000.0,1.0,55000.0
batisseur,2026-06-01,CRCL,175.14668535,104.97,18385.15
batisseur,2026-06-01,CSU.TO,38.63784004,2117.6419,81821.11
batisseur,2026-06-01,DPZ,60.28999488,313.71,18913.57
batisseur,2026-06-01,EL.PA,144.83315413,200.8835,29094.6
batisseur,2026-06-01,FICO,28.13546288,1284.75,36147.04
batisseur,2026-06-01,IBE.MC,865.44999242,22.5122,19483.19
batisseur,2026-06-01,ISRG,66.46284727,412.26,27399.97
batisseur,2026-06-01,JPM,145.4427925,296.58,43135.42
batisseur,2026-06-01,LLY,50.56276356,1082.2,54719.02
batisseur,2026-06-01,MELI,27.51319106,1730.98,47624.78
batisseur,2026-06-01,META,99.18011108,600.47,59554.68
batisseur,2026-06-01,MSFT,97.2337012,460.52,44778.06
batisseur,2026-06-01,NVDA,407.12468193,224.36,91342.49
batisseur,2026-06-01,NVO,668.5981725,44.07,29465.12
batisseur,2026-06-01,RACE,61.45526057,349.24,21462.63
batisseur,2026-06-01,RMS.PA,10.23441313,1871.0766,19149.37
batisseur,2026-06-01,STZ,133.51134846,136.25,18190.92
batisseur,2026-06-01,ULTA,56.33485437,500.77,28210.8
batisseur,2026-06-01,V,124.21202994,322.77,40091.92
batisseur,2026-06-01,VICI,707.46374248,27.77,19646.27
batisseur,2026-06-01,VRSK,166.25103907,183.97,30585.2
batisseur,2026-06-01,WM,133.63624215,212.51,28399.04
batisseur,2026-06-01,ZM,183.31805683,111.62,20461.96
batisseur,2026-06-02,AMZN,219.33832937,256.52,56264.67
batisseur,2026-06-02,BABA,302.43459852,130.82,39564.5
batisseur,2026-06-02,BSX,714.54090747,47.68,34069.31
batisseur,2026-06-02,CASH,55000.0,1.0,55000.0
batisseur,2026-06-02,CRCL,175.14668535,100.85,17663.54
batisseur,2026-06-02,CSU.TO,38.63784004,2076.5842,80234.73
batisseur,2026-06-02,DPZ,60.28999488,307.53,18540.98
batisseur,2026-06-02,EL.PA,144.83315413,198.7224,28781.59
batisseur,2026-06-02,FICO,28.13546288,1251.63,35215.19
batisseur,2026-06-02,IBE.MC,865.44999242,22.712,19656.07
batisseur,2026-06-02,ISRG,66.46284727,402.3,26738.0
batisseur,2026-06-02,JPM,145.4427925,300.96,43772.46
batisseur,2026-06-02,LLY,50.56276356,1064.15,53806.37
batisseur,2026-06-02,MELI,27.51319106,1672.83,46024.89
batisseur,2026-06-02,META,99.18011108,597.63,59273.01
batisseur,2026-06-02,MSFT,97.2337012,441.31,42910.2
batisseur,2026-06-02,NVDA,407.12468193,222.82,90715.52
batisseur,2026-06-02,NVO,668.5981725,42.92,28696.23
batisseur,2026-06-02,RACE,61.45526057,353.81,21743.49
batisseur,2026-06-02,RMS.PA,10.23441313,1862.3693,19060.26
batisseur,2026-06-02,STZ,133.51134846,136.76,18259.01
batisseur,2026-06-02,ULTA,56.33485437,494.87,27878.43
batisseur,2026-06-02,V,124.21202994,317.32,39414.96
batisseur,2026-06-02,VICI,707.46374248,27.54,19483.55
batisseur,2026-06-02,VRSK,166.25103907,179.1,29775.56
batisseur,2026-06-02,WM,133.63624215,211.93,28321.53
batisseur,2026-06-02,ZM,183.31805683,111.88,20509.62
batisseur,2026-06-03,AMZN,219.33832937,250.02,54838.97
batisseur,2026-06-03,BABA,302.43459852,127.21,38472.71
batisseur,2026-06-03,BSX,714.54090747,47.69,34076.45
batisseur,2026-06-03,CASH,55000.0,1.0,55000.0
batisseur,2026-06-03,CRCL,175.14668535,90.13,15785.97
batisseur,2026-06-03,CSU.TO,38.63784004,1977.7292,76415.18
batisseur,2026-06-03,DPZ,60.28999488,306.77,18495.16
batisseur,2026-06-03,EL.PA,144.83315413,197.2003,28561.14
batisseur,2026-06-03,FICO,28.13546288,1174.66,33049.6
batisseur,2026-06-03,IBE.MC,865.44999242,22.6533,19605.34
batisseur,2026-06-03,ISRG,66.46284727,407.29,27069.65
batisseur,2026-06-03,JPM,145.4427925,300.85,43756.47
batisseur,2026-06-03,LLY,50.56276356,1078.78,54546.1
batisseur,2026-06-03,MELI,27.51319106,1638.54,45081.47
batisseur,2026-06-03,META,99.18011108,622.98,61787.22
batisseur,2026-06-03,MSFT,97.2337012,427.34,41551.85
batisseur,2026-06-03,NVDA,407.12468193,214.75,87430.03
batisseur,2026-06-03,NVO,668.5981725,42.0,28081.12
batisseur,2026-06-03,RACE,61.45526057,344.4,21165.19
batisseur,2026-06-03,RMS.PA,10.23441313,1816.9145,18595.05
batisseur,2026-06-03,STZ,133.51134846,135.4,18077.44
batisseur,2026-06-03,ULTA,56.33485437,471.21,26545.55
batisseur,2026-06-03,V,124.21202994,312.4,38803.84
batisseur,2026-06-03,VICI,707.46374248,27.28,19299.61
batisseur,2026-06-03,VRSK,166.25103907,178.33,29647.55
batisseur,2026-06-03,WM,133.63624215,218.0,29132.7
batisseur,2026-06-03,ZM,183.31805683,106.2,19468.38
batisseur,2026-06-04,AMZN,219.33832937,253.79,55665.87
batisseur,2026-06-04,AVGO,71.73876084,418.91,30052.08
batisseur,2026-06-04,BABA,302.43459852,125.95,38091.64
batisseur,2026-06-04,BSX,714.54090747,48.85,34905.32
batisseur,2026-06-04,CASH,7582.81,1.0,7582.81
batisseur,2026-06-04,CRCL,175.14668535,90.54,15857.78
batisseur,2026-06-04,CSU.TO,38.63784004,2081.9115,80440.56
batisseur,2026-06-04,DPZ,60.28999488,307.51,18539.78
batisseur,2026-06-04,EL.PA,144.83315413,203.17,29425.76
batisseur,2026-06-04,FICO,28.13546288,1166.7,32825.64
batisseur,2026-06-04,IBE.MC,865.44999242,22.5475,19513.78
batisseur,2026-06-04,ISRG,66.46284727,418.82,27835.97
batisseur,2026-06-04,JPM,145.4427925,310.89,45216.71
batisseur,2026-06-04,LLY,50.56276356,1125.27,56896.76
batisseur,2026-06-04,MA,41.22511357,481.76,19860.61
batisseur,2026-06-04,MELI,27.51319106,1634.78,44978.02
batisseur,2026-06-04,META,99.18011108,627.57,62242.46
batisseur,2026-06-04,MSFT,97.2337012,428.05,41620.88
batisseur,2026-06-04,NOW,162.19421794,119.36,19359.5
batisseur,2026-06-04,NVDA,407.12468193,218.66,89021.88
batisseur,2026-06-04,NVO,668.5981725,43.75,29251.17
batisseur,2026-06-04,RMS.PA,10.23441313,1824.2075,18669.69
batisseur,2026-06-04,STZ,133.51134846,137.78,18395.19
batisseur,2026-06-04,ULTA,56.33485437,462.52,26056.0
batisseur,2026-06-04,V,124.21202994,320.18,39770.21
batisseur,2026-06-04,VICI,707.46374248,27.21,19250.09
batisseur,2026-06-04,VRSK,166.25103907,180.0,29925.19
batisseur,2026-06-04,WM,133.63624215,219.01,29267.67
batisseur,2026-06-04,ZM,183.31805683,105.21,19286.89
batisseur,2026-06-05,AMZN,219.33832937,246.03,53963.81
batisseur,2026-06-05,AVGO,71.73876084,385.73,27671.79
batisseur,2026-06-05,BABA,302.43459852,121.06,36612.73
batisseur,2026-06-05,BSX,714.54090747,48.55,34690.96
batisseur,2026-06-05,CASH,7582.81,1.0,7582.81
batisseur,2026-06-05,CRCL,175.14668535,80.28,14060.78
batisseur,2026-06-05,CSU.TO,38.63784004,2131.1419,82342.72
batisseur,2026-06-05,DPZ,60.28999488,313.99,18930.45
batisseur,2026-06-05,EL.PA,144.83315413,200.634,29058.46
batisseur,2026-06-05,FICO,28.13546288,1137.33,31999.3
batisseur,2026-06-05,IBE.MC,865.44999242,22.8818,19803.09
batisseur,2026-06-05,ISRG,66.46284727,422.06,28051.31
batisseur,2026-06-05,JPM,145.4427925,312.37,45431.96
batisseur,2026-06-05,LLY,50.56276356,1131.42,57207.72
batisseur,2026-06-05,MA,41.22511357,491.08,20244.83
batisseur,2026-06-05,MELI,27.51319106,1607.8,44235.71
batisseur,2026-06-05,META,99.18011108,593.0,58813.81
batisseur,2026-06-05,MSFT,97.2337012,416.67,40514.37
batisseur,2026-06-05,NOW,162.19421794,112.45,18238.74
batisseur,2026-06-05,NVDA,407.12468193,205.1,83501.27
batisseur,2026-06-05,NVO,668.5981725,42.96,28722.98
batisseur,2026-06-05,RMS.PA,10.23441313,1866.2824,19100.31
batisseur,2026-06-05,STZ,133.51134846,140.91,18813.08
batisseur,2026-06-05,ULTA,56.33485437,467.07,26312.32
batisseur,2026-06-05,V,124.21202994,323.57,40191.29
batisseur,2026-06-05,VICI,707.46374248,27.86,19709.94
batisseur,2026-06-05,VRSK,166.25103907,181.73,30212.8
batisseur,2026-06-05,WM,133.63624215,220.4,29453.43
batisseur,2026-06-05,ZM,183.31805683,101.62,18628.78
batisseur,2026-06-06,AMZN,219.33832937,246.03,53963.81
batisseur,2026-06-06,AVGO,71.73876084,385.73,27671.79
batisseur,2026-06-06,BABA,302.43459852,121.06,36612.73
batisseur,2026-06-06,BSX,714.54090747,48.55,34690.96
batisseur,2026-06-06,CASH,7582.81,1.0,7582.81
batisseur,2026-06-06,CRCL,175.14668535,80.28,14060.78
batisseur,2026-06-06,CSU.TO,38.63784004,2131.1419,82342.72
batisseur,2026-06-06,DPZ,60.28999488,313.99,18930.45
batisseur,2026-06-06,EL.PA,144.83315413,200.634,29058.46
batisseur,2026-06-06,FICO,28.13546288,1137.33,31999.3
batisseur,2026-06-06,IBE.MC,865.44999242,22.8818,19803.09
batisseur,2026-06-06,ISRG,66.46284727,422.06,28051.31
batisseur,2026-06-06,JPM,145.4427925,312.37,45431.96
batisseur,2026-06-06,LLY,50.56276356,1131.42,57207.72
batisseur,2026-06-06,MA,41.22511357,491.08,20244.83
batisseur,2026-06-06,MELI,27.51319106,1607.8,44235.71
batisseur,2026-06-06,META,99.18011108,593.0,58813.81
batisseur,2026-06-06,MSFT,97.2337012,416.67,40514.37
batisseur,2026-06-06,NOW,162.19421794,112.45,18238.74
batisseur,2026-06-06,NVDA,407.12468193,205.1,83501.27
batisseur,2026-06-06,NVO,668.5981725,42.96,28722.98
batisseur,2026-06-06,RMS.PA,10.23441313,1866.2824,19100.31
batisseur,2026-06-06,STZ,133.51134846,140.91,18813.08
batisseur,2026-06-06,ULTA,56.33485437,467.07,26312.32
batisseur,2026-06-06,V,124.21202994,323.57,40191.29
batisseur,2026-06-06,VICI,707.46374248,27.86,19709.94
batisseur,2026-06-06,VRSK,166.25103907,181.73,30212.8
batisseur,2026-06-06,WM,133.63624215,220.4,29453.43
batisseur,2026-06-06,ZM,183.31805683,101.62,18628.78
batisseur,2026-06-07,AMZN,219.33832937,246.03,53963.81
batisseur,2026-06-07,AVGO,71.73876084,385.73,27671.79
batisseur,2026-06-07,BABA,302.43459852,121.06,36612.73
batisseur,2026-06-07,BSX,714.54090747,48.55,34690.96
batisseur,2026-06-07,CASH,7582.81,1.0,7582.81
batisseur,2026-06-07,CRCL,175.14668535,80.28,14060.78
batisseur,2026-06-07,CSU.TO,38.63784004,2129.3386,82273.04
batisseur,2026-06-07,DPZ,60.28999488,313.99,18930.45
batisseur,2026-06-07,EL.PA,144.83315413,200.5415,29045.06
batisseur,2026-06-07,FICO,28.13546288,1137.33,31999.3
batisseur,2026-06-07,IBE.MC,865.44999242,22.8713,19793.96
batisseur,2026-06-07,ISRG,66.46284727,422.06,28051.31
batisseur,2026-06-07,JPM,145.4427925,312.37,45431.96
batisseur,2026-06-07,LLY,50.56276356,1131.42,57207.72
batisseur,2026-06-07,MA,41.22511357,491.08,20244.83
batisseur,2026-06-07,MELI,27.51319106,1607.8,44235.71
batisseur,2026-06-07,META,99.18011108,593.0,58813.81
batisseur,2026-06-07,MSFT,97.2337012,416.67,40514.37
batisseur,2026-06-07,NOW,162.19421794,112.45,18238.74
batisseur,2026-06-07,NVDA,407.12468193,205.1,83501.27
batisseur,2026-06-07,NVO,668.5981725,42.96,28722.98
batisseur,2026-06-07,RMS.PA,10.23441313,1865.4222,19091.5
batisseur,2026-06-07,STZ,133.51134846,140.91,18813.08
batisseur,2026-06-07,ULTA,56.33485437,467.07,26312.32
batisseur,2026-06-07,V,124.21202994,323.57,40191.29
batisseur,2026-06-07,VICI,707.46374248,27.86,19709.94
batisseur,2026-06-07,VRSK,166.25103907,181.73,30212.8
batisseur,2026-06-07,WM,133.63624215,220.4,29453.43
batisseur,2026-06-07,ZM,183.31805683,101.62,18628.78
batisseur,2026-06-08,AMZN,219.33832937,245.22,53786.15
batisseur,2026-06-08,AVGO,71.73876084,396.6,28451.59
batisseur,2026-06-08,BABA,302.43459852,120.07,36313.32
batisseur,2026-06-08,BSX,714.54090747,48.7,34798.14
batisseur,2026-06-08,CASH,7582.81,1.0,7582.81
batisseur,2026-06-08,CRCL,175.14668535,82.53,14454.86
batisseur,2026-06-08,CSU.TO,38.63784004,2122.6641,82015.16
batisseur,2026-06-08,DPZ,60.28999488,313.53,18902.72
batisseur,2026-06-08,EL.PA,144.83315413,199.7808,28934.88
batisseur,2026-06-08,FICO,28.13546288,1207.34,33969.07
batisseur,2026-06-08,IBE.MC,865.44999242,22.8049,19736.49
batisseur,2026-06-08,ISRG,66.46284727,418.61,27822.01
batisseur,2026-06-08,JPM,145.4427925,311.11,45248.71
batisseur,2026-06-08,LLY,50.56276356,1149.15,58104.2
batisseur,2026-06-08,MA,41.22511357,485.67,20021.8
batisseur,2026-06-08,MELI,27.51319106,1611.99,44350.99
batisseur,2026-06-08,META,99.18011108,585.39,58059.05
batisseur,2026-06-08,MSFT,97.2337012,411.74,40035.0
batisseur,2026-06-08,NOW,162.19421794,114.19,18520.96
batisseur,2026-06-08,NVDA,407.12468193,208.64,84942.49
batisseur,2026-06-08,NVO,668.5981725,41.02,27425.9
batisseur,2026-06-08,RMS.PA,10.23441313,1896.2733,19407.24
batisseur,2026-06-08,STZ,133.51134846,140.85,18805.07
batisseur,2026-06-08,ULTA,56.33485437,462.8,26071.77
batisseur,2026-06-08,V,124.21202994,319.67,39706.86
batisseur,2026-06-08,VICI,707.46374248,27.4,19384.51
batisseur,2026-06-08,VRSK,166.25103907,178.97,29753.95
batisseur,2026-06-08,WM,133.63624215,216.14,28884.14
batisseur,2026-06-08,ZM,183.31805683,101.15,18542.62
batisseur,2026-06-09,AMZN,219.33832937,244.19,53560.23
batisseur,2026-06-09,AVGO,71.73876084,392.16,28133.07
batisseur,2026-06-09,BABA,302.43459852,119.7,36201.42
batisseur,2026-06-09,BSX,714.54090747,48.96,34983.92
batisseur,2026-06-09,CASH,7582.81,1.0,7582.81
batisseur,2026-06-09,CRCL,175.14668535,81.1,14204.4
batisseur,2026-06-09,CSU.TO,38.63784004,2131.9046,82372.19
batisseur,2026-06-09,DPZ,60.28999488,317.69,19153.53
batisseur,2026-06-09,EL.PA,144.83315413,207.1661,30004.52
batisseur,2026-06-09,FICO,28.13546288,1225.15,34470.16
batisseur,2026-06-09,IBE.MC,865.44999242,22.9935,19899.7
batisseur,2026-06-09,ISRG,66.46284727,426.61,28353.71
batisseur,2026-06-09,JPM,145.4427925,312.7,45479.96
batisseur,2026-06-09,LLY,50.56276356,1144.6801,57878.19
batisseur,2026-06-09,MA,41.22511357,495.24,20416.32
batisseur,2026-06-09,MELI,27.51319106,1641.16,45153.55
batisseur,2026-06-09,META,99.18011108,584.59,57979.7
batisseur,2026-06-09,MSFT,97.2337012,403.41,39225.05
batisseur,2026-06-09,NOW,162.19421794,106.97,17349.92
batisseur,2026-06-09,NVDA,407.12468193,208.19,84759.29
batisseur,2026-06-09,NVO,668.5981725,42.19,28208.16
batisseur,2026-06-09,RMS.PA,10.23441313,1920.0618,19650.71
batisseur,2026-06-09,STZ,133.51134846,140.09,18703.6
batisseur,2026-06-09,ULTA,56.33485437,477.9,26922.43
batisseur,2026-06-09,V,124.21202994,325.05,40375.12
batisseur,2026-06-09,VICI,707.46374248,28.02,19823.13
batisseur,2026-06-09,VRSK,166.25103907,182.55,30349.13
batisseur,2026-06-09,WM,133.63624215,221.3,29573.7
batisseur,2026-06-09,ZM,183.31805683,96.83,17750.69
batisseur,2026-06-10,AMZN,219.33832937,238.0,52202.52
batisseur,2026-06-10,AVGO,71.73876084,372.1,26693.99
batisseur,2026-06-10,BABA,302.43459852,115.38,34894.9
batisseur,2026-06-10,BSX,714.54090747,48.34,34540.91
batisseur,2026-06-10,CASH,7931.93,1.0,7931.93
batisseur,2026-06-10,CRCL,175.14668535,78.93,13824.33
batisseur,2026-06-10,CSGP,571.12965637,34.23,19549.77
batisseur,2026-06-10,CSU.TO,38.63784004,2249.839,86928.92
batisseur,2026-06-10,DPZ,60.28999488,314.77,18977.48
batisseur,2026-06-10,EL.PA,144.83315413,206.7848,29949.29
batisseur,2026-06-10,FICO,28.13546288,1220.15,34329.49
batisseur,2026-06-10,IBE.MC,865.44999242,23.2257,20100.65
batisseur,2026-06-10,ISRG,66.46284727,412.02,27384.02
batisseur,2026-06-10,JPM,145.4427925,309.14,44962.19
batisseur,2026-06-10,LLY,50.56276356,1136.37,57458.01
batisseur,2026-06-10,MA,41.22511357,489.08,20162.38
batisseur,2026-06-10,MELI,27.51319106,1588.29,43698.93
batisseur,2026-06-10,META,99.18011108,570.98,56629.86
batisseur,2026-06-10,MSFT,97.2337012,397.36,38636.78
batisseur,2026-06-10,NOW,162.19421794,106.06,17202.32
batisseur,2026-06-10,NVDA,407.12468193,200.42,81595.93
batisseur,2026-06-10,NVO,668.5981725,42.81,28622.69
batisseur,2026-06-10,RMS.PA,10.23441313,1893.5974,19379.86
batisseur,2026-06-10,STZ,133.51134846,142.27,18994.66
batisseur,2026-06-10,ULTA,56.33485437,470.75,26519.63
batisseur,2026-06-10,V,124.21202994,322.96,40115.52
batisseur,2026-06-10,VRSK,166.25103907,183.13,30445.55
batisseur,2026-06-10,WM,133.63624215,224.28,29971.94
batisseur,2026-06-10,ZM,183.31805683,93.96,17224.56
batisseur,2026-06-11,AMZN,219.33832937,241.51,52972.4
batisseur,2026-06-11,AVGO,71.73876084,385.57,27660.31
batisseur,2026-06-11,BABA,302.43459852,112.69,34081.36
batisseur,2026-06-11,BSX,714.54090747,47.17,33704.89
batisseur,2026-06-11,CASH,7931.93,1.0,7931.93
batisseur,2026-06-11,CRCL,175.14668535,82.63,14472.37
batisseur,2026-06-11,CSGP,571.12965637,32.65,18647.38
batisseur,2026-06-11,CSU.TO,38.63784004,2192.6822,84720.5
batisseur,2026-06-11,DPZ,60.28999488,312.26,18826.15
batisseur,2026-06-11,EL.PA,144.83315413,206.1992,29864.49
batisseur,2026-06-11,FICO,28.13546288,1185.37,33350.93
batisseur,2026-06-11,IBE.MC,865.44999242,23.4635,20306.45
batisseur,2026-06-11,ISRG,66.46284727,412.9,27442.51
batisseur,2026-06-11,JPM,145.4427925,313.49,45594.86
batisseur,2026-06-11,LLY,50.56276356,1160.95,58700.84
batisseur,2026-06-11,MA,41.22511357,486.51,20056.43
batisseur,2026-06-11,MELI,27.51319106,1610.0,44296.24
batisseur,2026-06-11,META,99.18011108,568.43,56376.95
batisseur,2026-06-11,MSFT,97.2337012,390.34,37954.2
batisseur,2026-06-11,NOW,162.19421794,103.08,16718.98
batisseur,2026-06-11,NVDA,407.12468193,204.87,83407.63
batisseur,2026-06-11,NVO,668.5981725,43.96,29391.58
batisseur,2026-06-11,RMS.PA,10.23441313,1895.3027,19397.31
batisseur,2026-06-11,STZ,133.51134846,143.12,19108.14
batisseur,2026-06-11,ULTA,56.33485437,476.42,26839.05
batisseur,2026-06-11,V,124.21202994,319.05,39629.85
batisseur,2026-06-11,VRSK,166.25103907,182.0,30257.69
batisseur,2026-06-11,WM,133.63624215,218.79,29238.27
batisseur,2026-06-11,ZM,183.31805683,92.32,16923.92
batisseur,2026-06-12,AMZN,219.33832937,238.55,52323.16
batisseur,2026-06-12,AVGO,71.73876084,382.07,27409.23
batisseur,2026-06-12,BABA,302.43459852,112.82,34120.67
batisseur,2026-06-12,BSX,714.54090747,46.91,33519.11
batisseur,2026-06-12,CASH,-18.54,1.0,-18.54
batisseur,2026-06-12,CRCL,175.14668535,77.84,13633.42
batisseur,2026-06-12,CSGP,571.12965637,32.84,18755.9
batisseur,2026-06-12,CSU.TO,38.63784004,2090.2138,80761.34
batisseur,2026-06-12,DPZ,60.28999488,323.88,19526.72
batisseur,2026-06-12,EL.PA,144.83315413,211.4339,30622.63
batisseur,2026-06-12,FICO,28.13546288,1179.1899,33177.05
batisseur,2026-06-12,IBE.MC,865.44999242,23.5158,20351.75
batisseur,2026-06-12,ISRG,66.46284727,411.06,27320.22
batisseur,2026-06-12,JPM,145.4427925,320.72,46646.41
batisseur,2026-06-12,LLY,50.56276356,1133.0,57287.61
batisseur,2026-06-12,MA,41.22511357,489.98,20199.48
batisseur,2026-06-12,MELI,27.51319106,1589.6,43734.97
batisseur,2026-06-12,META,99.18011108,566.98,56233.14
batisseur,2026-06-12,MSFT,97.2337012,390.74,37993.1
batisseur,2026-06-12,NOW,242.66456714,102.15,24788.19
batisseur,2026-06-12,NVDA,407.12468193,205.19,83537.91
batisseur,2026-06-12,NVO,668.5981725,43.88,29338.09
batisseur,2026-06-12,RMS.PA,10.23441313,1963.8932,20099.29
batisseur,2026-06-12,STZ,133.51134846,148.51,19827.77
batisseur,2026-06-12,ULTA,56.33485437,467.74,26350.06
batisseur,2026-06-12,V,124.21202994,322.39,40044.72
batisseur,2026-06-12,VRSK,166.25103907,183.8,30556.94
batisseur,2026-06-12,WM,133.63624215,219.45,29326.47
batisseur,2026-06-12,ZM,183.31805683,93.68,17173.24
batisseur,2026-06-13,AMZN,219.33832937,238.55,52323.16
batisseur,2026-06-13,AVGO,71.73876084,382.07,27409.23
batisseur,2026-06-13,BABA,302.43459852,112.82,34120.67
batisseur,2026-06-13,BSX,714.54090747,46.91,33519.11
batisseur,2026-06-13,CASH,-18.54,1.0,-18.54
batisseur,2026-06-13,CRCL,175.14668535,77.84,13633.42
batisseur,2026-06-13,CSGP,571.12965637,32.84,18755.9
batisseur,2026-06-13,CSU.TO,38.63784004,2090.2138,80761.34
batisseur,2026-06-13,DPZ,60.28999488,323.88,19526.72
batisseur,2026-06-13,EL.PA,144.83315413,211.4339,30622.63
batisseur,2026-06-13,FICO,28.13546288,1179.1899,33177.05
batisseur,2026-06-13,IBE.MC,865.44999242,23.5158,20351.75
batisseur,2026-06-13,ISRG,66.46284727,411.06,27320.22
batisseur,2026-06-13,JPM,145.4427925,320.72,46646.41
batisseur,2026-06-13,LLY,50.56276356,1133.0,57287.61
batisseur,2026-06-13,MA,41.22511357,489.98,20199.48
batisseur,2026-06-13,MELI,27.51319106,1589.6,43734.97
batisseur,2026-06-13,META,99.18011108,566.98,56233.14
batisseur,2026-06-13,MSFT,97.2337012,390.74,37993.1
batisseur,2026-06-13,NOW,242.66456714,102.15,24788.19
batisseur,2026-06-13,NVDA,407.12468193,205.19,83537.91
batisseur,2026-06-13,NVO,668.5981725,43.88,29338.09
batisseur,2026-06-13,RMS.PA,10.23441313,1963.8932,20099.29
batisseur,2026-06-13,STZ,133.51134846,148.51,19827.77
batisseur,2026-06-13,ULTA,56.33485437,467.74,26350.06
batisseur,2026-06-13,V,124.21202994,322.39,40044.72
batisseur,2026-06-13,VRSK,166.25103907,183.8,30556.94
batisseur,2026-06-13,WM,133.63624215,219.45,29326.47
batisseur,2026-06-13,ZM,183.31805683,93.68,17173.24
batisseur,2026-06-14,AMZN,219.33832937,238.55,52323.16
batisseur,2026-06-14,AVGO,71.73876084,382.07,27409.23
batisseur,2026-06-14,BABA,302.43459852,112.82,34120.67
batisseur,2026-06-14,BSX,714.54090747,46.91,33519.11
batisseur,2026-06-14,CASH,-18.54,1.0,-18.54
batisseur,2026-06-14,CRCL,175.14668535,77.84,13633.42
batisseur,2026-06-14,CSGP,571.12965637,32.84,18755.9
batisseur,2026-06-14,CSU.TO,38.63784004,2094.0759,80910.57
batisseur,2026-06-14,DPZ,60.28999488,323.88,19526.72
batisseur,2026-06-14,EL.PA,144.83315413,212.0966,30718.62
batisseur,2026-06-14,FICO,28.13546288,1179.1899,33177.05
batisseur,2026-06-14,IBE.MC,865.44999242,23.5895,20415.54
batisseur,2026-06-14,ISRG,66.46284727,411.06,27320.22
batisseur,2026-06-14,JPM,145.4427925,320.72,46646.41
batisseur,2026-06-14,LLY,50.56276356,1133.0,57287.61
batisseur,2026-06-14,MA,41.22511357,489.98,20199.48
batisseur,2026-06-14,MELI,27.51319106,1589.6,43734.97
batisseur,2026-06-14,META,99.18011108,566.98,56233.14
batisseur,2026-06-14,MSFT,97.2337012,390.74,37993.1
batisseur,2026-06-14,NOW,242.66456714,102.15,24788.19
batisseur,2026-06-14,NVDA,407.12468193,205.19,83537.91
batisseur,2026-06-14,NVO,668.5981725,43.88,29338.09
batisseur,2026-06-14,RMS.PA,10.23441313,1970.0487,20162.29
batisseur,2026-06-14,STZ,133.51134846,148.51,19827.77
batisseur,2026-06-14,ULTA,56.33485437,467.74,26350.06
batisseur,2026-06-14,V,124.21202994,322.39,40044.72
batisseur,2026-06-14,VRSK,166.25103907,183.8,30556.94
batisseur,2026-06-14,WM,133.63624215,219.45,29326.47
batisseur,2026-06-14,ZM,183.31805683,93.68,17173.24
batisseur,2026-06-15,AMZN,219.33832937,246.02,53961.62
batisseur,2026-06-15,AVGO,71.73876084,393.94,28260.77
batisseur,2026-06-15,BABA,302.43459852,112.55,34039.01
batisseur,2026-06-15,BSX,714.54090747,46.76,33411.93
batisseur,2026-06-15,CASH,-18.54,1.0,-18.54
batisseur,2026-06-15,CRCL,175.14668535,83.37,14601.98
batisseur,2026-06-15,CSGP,571.12965637,32.04,18298.99
batisseur,2026-06-15,CSU.TO,38.63784004,2076.38,80226.84
batisseur,2026-06-15,DPZ,60.28999488,316.52,19082.99
batisseur,2026-06-15,EL.PA,144.83315413,213.8127,30967.17
batisseur,2026-06-15,FICO,28.13546288,1181.62,33245.43
batisseur,2026-06-15,IBE.MC,865.44999242,23.8034,20600.69
batisseur,2026-06-15,ISRG,66.46284727,416.55,27685.1
batisseur,2026-06-15,JPM,145.4427925,319.4,46454.43
batisseur,2026-06-15,LLY,50.56276356,1129.35,57103.06
batisseur,2026-06-15,MA,41.22511357,490.64,20226.69
batisseur,2026-06-15,MELI,27.51319106,1646.36,45296.62
batisseur,2026-06-15,META,99.18011108,593.48,58861.41
batisseur,2026-06-15,MSFT,97.2337012,399.76,38870.15
batisseur,2026-06-15,NOW,242.66456714,104.15,25273.52
batisseur,2026-06-15,NVDA,407.12468193,212.45,86493.64
batisseur,2026-06-15,NVO,668.5981725,43.92,29364.83
batisseur,2026-06-15,RMS.PA,10.23441313,1988.8476,20354.69
batisseur,2026-06-15,STZ,133.51134846,148.13,19777.04
batisseur,2026-06-15,ULTA,56.33485437,471.65,26570.33
batisseur,2026-06-15,V,124.21202994,323.82,40222.34
batisseur,2026-06-15,VRSK,166.25103907,180.46,30001.66
batisseur,2026-06-15,WM,133.63624215,216.94,28991.05
batisseur,2026-06-15,ZM,183.31805683,94.25,17277.73
batisseur,2026-06-16,AMZN,219.33832937,246.0,53957.23
batisseur,2026-06-16,AVGO,71.73876084,376.71,27024.71
batisseur,2026-06-16,BABA,302.43459852,110.97,33561.17
batisseur,2026-06-16,BSX,714.54090747,46.92,33526.26
batisseur,2026-06-16,CASH,-18.54,1.0,-18.54
batisseur,2026-06-16,CRCL,175.14668535,79.72,13962.69
batisseur,2026-06-16,CSGP,571.12965637,31.97,18259.01
batisseur,2026-06-16,CSU.TO,38.63784004,2044.4208,78992.0
batisseur,2026-06-16,DPZ,60.28999488,320.51,19323.55
batisseur,2026-06-16,EL.PA,144.83315413,211.2684,30598.67
batisseur,2026-06-16,FICO,28.13546288,1186.24,33375.41
batisseur,2026-06-16,IBE.MC,865.44999242,23.6878,20500.65
batisseur,2026-06-16,ISRG,66.46284727,417.07,27719.66
batisseur,2026-06-16,JPM,145.4427925,331.14,48161.93
batisseur,2026-06-16,LLY,50.56276356,1122.5,56756.7
batisseur,2026-06-16,MA,41.22511357,501.33,20667.39
batisseur,2026-06-16,MELI,27.51319106,1674.08,46059.28
batisseur,2026-06-16,META,99.18011108,600.21,59528.9
batisseur,2026-06-16,MSFT,97.2337012,393.83,38293.55
batisseur,2026-06-16,NOW,242.66456714,101.33,24589.2
batisseur,2026-06-16,NVDA,407.12468193,207.41,84441.73
batisseur,2026-06-16,NVO,668.5981725,43.55,29117.45
batisseur,2026-06-16,RMS.PA,10.23441313,2013.6971,20609.01
batisseur,2026-06-16,STZ,133.51134846,144.11,19240.32
batisseur,2026-06-16,ULTA,56.33485437,463.68,26121.34
batisseur,2026-06-16,V,124.21202994,333.12,41377.51
batisseur,2026-06-16,VRSK,166.25103907,179.61,29860.35
batisseur,2026-06-16,WM,133.63624215,218.59,29211.55
batisseur,2026-06-16,ZM,183.31805683,92.07,16878.09
batisseur,2026-06-17,AMZN,219.33832937,237.5,52092.85
batisseur,2026-06-17,AVGO,71.73876084,392.9,28186.16
batisseur,2026-06-17,BABA,302.43459852,107.44,32493.57
batisseur,2026-06-17,BSX,714.54090747,44.95,32118.61
batisseur,2026-06-17,CASH,-18.54,1.0,-18.54
batisseur,2026-06-17,CRCL,175.14668535,80.59,14115.07
batisseur,2026-06-17,CSGP,571.12965637,30.46,17396.61
batisseur,2026-06-17,CSU.TO,38.63784004,2038.0731,78746.74
batisseur,2026-06-17,DPZ,60.28999488,314.36,18952.76
batisseur,2026-06-17,EL.PA,144.83315413,200.2865,29008.13
batisseur,2026-06-17,FICO,28.13546288,1126.84,31704.16
batisseur,2026-06-17,IBE.MC,865.44999242,23.7249,20532.74
batisseur,2026-06-17,ISRG,66.46284727,402.18,26730.03
batisseur,2026-06-17,JPM,145.4427925,333.46,48499.35
batisseur,2026-06-17,LLY,50.56276356,1112.0,56225.79
batisseur,2026-06-17,MA,41.22511357,492.99,20323.57
batisseur,2026-06-17,MELI,27.51319106,1631.8199,44896.57
batisseur,2026-06-17,META,99.18011108,567.58,56292.65
batisseur,2026-06-17,MSFT,97.2337012,378.91,36842.82
batisseur,2026-06-17,NOW,242.66456714,95.48,23169.61
batisseur,2026-06-17,NVDA,407.12468193,204.65,83318.06
batisseur,2026-06-17,NVO,668.5981725,43.52,29097.39
batisseur,2026-06-17,RMS.PA,10.23441313,1979.9426,20263.55
batisseur,2026-06-17,STZ,133.51134846,138.96,18552.74
batisseur,2026-06-17,ULTA,56.33485437,450.75,25392.94
batisseur,2026-06-17,V,124.21202994,330.38,41037.17
batisseur,2026-06-17,VRSK,166.25103907,175.35,29152.12
batisseur,2026-06-17,WM,133.63624215,215.85,28845.38
batisseur,2026-06-17,ZM,183.31805683,87.39,16020.16
batisseur,2026-06-18,AMZN,219.33832937,244.39,53604.09
batisseur,2026-06-18,AVGO,71.73876084,411.35,29509.74
batisseur,2026-06-18,BABA,302.43459852,107.1,32390.75
batisseur,2026-06-18,BSX,714.54090747,45.29,32361.56
batisseur,2026-06-18,CASH,-18.54,1.0,-18.54
batisseur,2026-06-18,CRCL,175.14668535,80.23,14052.02
batisseur,2026-06-18,CSGP,571.12965637,30.12,17202.43
batisseur,2026-06-18,CSU.TO,38.63784004,1943.5932,75096.24
batisseur,2026-06-18,DPZ,60.28999488,312.47,18838.81
batisseur,2026-06-18,EL.PA,144.83315413,203.6931,29501.51
batisseur,2026-06-18,FICO,28.13546288,1096.48,30849.97
batisseur,2026-06-18,IBE.MC,865.44999242,23.9018,20685.83
batisseur,2026-06-18,ISRG,66.46284727,406.78,27035.76
batisseur,2026-06-18,JPM,145.4427925,325.22,47300.91
batisseur,2026-06-18,LLY,50.56276356,1098.5699,55546.73
batisseur,2026-06-18,MA,41.22511357,489.79,20191.65
batisseur,2026-06-18,MELI,27.51319106,1635.15,44988.2
batisseur,2026-06-18,META,99.18011108,577.22,57248.74
batisseur,2026-06-18,MSFT,97.2337012,379.4,36890.47
batisseur,2026-06-18,NOW,242.66456714,95.04,23062.84
batisseur,2026-06-18,NVDA,407.12468193,210.69,85777.1
batisseur,2026-06-18,NVO,668.5981725,43.19,28876.75
batisseur,2026-06-18,RMS.PA,10.23441313,2022.0207,20694.2
batisseur,2026-06-18,STZ,133.51134846,141.18,18849.13
batisseur,2026-06-18,ULTA,56.33485437,456.13,25696.02
batisseur,2026-06-18,V,124.21202994,327.24,40647.14
batisseur,2026-06-18,VRSK,166.25103907,173.8,28894.43
batisseur,2026-06-18,WM,133.63624215,214.6,28678.34
batisseur,2026-06-18,ZM,183.31805683,86.36,15831.35
batisseur,2026-06-19,AMZN,219.33832937,244.39,53604.09
batisseur,2026-06-19,AVGO,71.73876084,411.35,29509.74
batisseur,2026-06-19,BABA,302.43459852,107.1,32390.75
batisseur,2026-06-19,BSX,714.54090747,45.29,32361.56
batisseur,2026-06-19,CASH,-18.54,1.0,-18.54
batisseur,2026-06-19,CRCL,175.14668535,80.23,14052.02
batisseur,2026-06-19,CSGP,571.12965637,30.12,17202.43
batisseur,2026-06-19,CSU.TO,38.63784004,1959.1648,75697.9
batisseur,2026-06-19,DPZ,60.28999488,312.47,18838.81
batisseur,2026-06-19,EL.PA,144.83315413,199.048,28828.76
batisseur,2026-06-19,FICO,28.13546288,1096.48,30849.97
batisseur,2026-06-19,IBE.MC,865.44999242,23.8904,20675.91
batisseur,2026-06-19,ISRG,66.46284727,406.78,27035.76
batisseur,2026-06-19,JPM,145.4427925,325.22,47300.91
batisseur,2026-06-19,LLY,50.56276356,1098.5699,55546.73
batisseur,2026-06-19,MA,41.22511357,489.79,20191.65
batisseur,2026-06-19,MELI,27.51319106,1635.15,44988.2
batisseur,2026-06-19,META,99.18011108,577.22,57248.74
batisseur,2026-06-19,MSFT,97.2337012,379.4,36890.47
batisseur,2026-06-19,NOW,242.66456714,95.04,23062.84
batisseur,2026-06-19,NVDA,407.12468193,210.69,85777.1
batisseur,2026-06-19,NVO,668.5981725,43.19,28876.75
batisseur,2026-06-19,RMS.PA,10.23441313,1974.4235,20207.07
batisseur,2026-06-19,STZ,133.51134846,141.18,18849.13
batisseur,2026-06-19,ULTA,56.33485437,456.13,25696.02
batisseur,2026-06-19,V,124.21202994,327.24,40647.14
batisseur,2026-06-19,VRSK,166.25103907,173.8,28894.43
batisseur,2026-06-19,WM,133.63624215,214.6,28678.34
batisseur,2026-06-19,ZM,183.31805683,86.36,15831.35
batisseur,2026-06-20,AMZN,219.33832937,244.39,53604.09
batisseur,2026-06-20,AVGO,71.73876084,411.35,29509.74
batisseur,2026-06-20,BABA,302.43459852,107.1,32390.75
batisseur,2026-06-20,BSX,714.54090747,45.29,32361.56
batisseur,2026-06-20,CASH,-18.54,1.0,-18.54
batisseur,2026-06-20,CRCL,175.14668535,80.23,14052.02
batisseur,2026-06-20,CSGP,571.12965637,30.12,17202.43
batisseur,2026-06-20,CSU.TO,38.63784004,1955.8205,75568.68
batisseur,2026-06-20,DPZ,60.28999488,312.47,18838.81
batisseur,2026-06-20,EL.PA,144.83315413,198.9568,28815.54
batisseur,2026-06-20,FICO,28.13546288,1096.48,30849.97
batisseur,2026-06-20,IBE.MC,865.44999242,23.8794,20666.43
batisseur,2026-06-20,ISRG,66.46284727,406.78,27035.76
batisseur,2026-06-20,JPM,145.4427925,325.22,47300.91
batisseur,2026-06-20,LLY,50.56276356,1098.5699,55546.73
batisseur,2026-06-20,MA,41.22511357,489.79,20191.65
batisseur,2026-06-20,MELI,27.51319106,1635.15,44988.2
batisseur,2026-06-20,META,99.18011108,577.22,57248.74
batisseur,2026-06-20,MSFT,97.2337012,379.4,36890.47
batisseur,2026-06-20,NOW,242.66456714,95.04,23062.84
batisseur,2026-06-20,NVDA,407.12468193,210.69,85777.1
batisseur,2026-06-20,NVO,668.5981725,43.19,28876.75
batisseur,2026-06-20,RMS.PA,10.23441313,1973.5183,20197.8
batisseur,2026-06-20,STZ,133.51134846,141.18,18849.13
batisseur,2026-06-20,ULTA,56.33485437,456.13,25696.02
batisseur,2026-06-20,V,124.21202994,327.24,40647.14
batisseur,2026-06-20,VRSK,166.25103907,173.8,28894.43
batisseur,2026-06-20,WM,133.63624215,214.6,28678.34
batisseur,2026-06-20,ZM,183.31805683,86.36,15831.35
batisseur,2026-06-21,AMZN,219.33832937,244.39,53604.09
batisseur,2026-06-21,AVGO,71.73876084,411.35,29509.74
batisseur,2026-06-21,BABA,302.43459852,107.1,32390.75
batisseur,2026-06-21,BSX,714.54090747,45.29,32361.56
batisseur,2026-06-21,CASH,-18.54,1.0,-18.54
batisseur,2026-06-21,CRCL,175.14668535,80.23,14052.02
batisseur,2026-06-21,CSGP,571.12965637,30.12,17202.43
batisseur,2026-06-21,CSU.TO,38.63784004,1955.9033,75571.88
batisseur,2026-06-21,DPZ,60.28999488,312.47,18838.81
batisseur,2026-06-21,EL.PA,144.83315413,198.9568,28815.54
batisseur,2026-06-21,FICO,28.13546288,1096.48,30849.97
batisseur,2026-06-21,IBE.MC,865.44999242,23.8794,20666.43
batisseur,2026-06-21,ISRG,66.46284727,406.78,27035.76
batisseur,2026-06-21,JPM,145.4427925,325.22,47300.91
batisseur,2026-06-21,LLY,50.56276356,1098.5699,55546.73
batisseur,2026-06-21,MA,41.22511357,489.79,20191.65
batisseur,2026-06-21,MELI,27.51319106,1635.15,44988.2
batisseur,2026-06-21,META,99.18011108,577.22,57248.74
batisseur,2026-06-21,MSFT,97.2337012,379.4,36890.47
batisseur,2026-06-21,NOW,242.66456714,95.04,23062.84
batisseur,2026-06-21,NVDA,407.12468193,210.69,85777.1
batisseur,2026-06-21,NVO,668.5981725,43.19,28876.75
batisseur,2026-06-21,RMS.PA,10.23441313,1973.5183,20197.8
batisseur,2026-06-21,STZ,133.51134846,141.18,18849.13
batisseur,2026-06-21,ULTA,56.33485437,456.13,25696.02
batisseur,2026-06-21,V,124.21202994,327.24,40647.14
batisseur,2026-06-21,VRSK,166.25103907,173.8,28894.43
batisseur,2026-06-21,WM,133.63624215,214.6,28678.34
batisseur,2026-06-21,ZM,183.31805683,86.36,15831.35
batisseur,2026-06-22,AMZN,219.33832937,232.79,51059.77
batisseur,2026-06-22,AVGO,71.73876084,392.13,28130.92
batisseur,2026-06-22,BABA,302.43459852,104.97,31746.56
batisseur,2026-06-22,BSX,714.54090747,44.33,31675.6
batisseur,2026-06-22,CASH,-18.54,1.0,-18.54
batisseur,2026-06-22,CRCL,175.14668535,79.95,14002.98
batisseur,2026-06-22,CSGP,571.12965637,29.22,16688.41
batisseur,2026-06-22,CSU.TO,38.63784004,1901.4242,73466.92
batisseur,2026-06-22,DPZ,60.28999488,295.11,17792.18
batisseur,2026-06-22,EL.PA,144.83315413,191.826,27782.77
batisseur,2026-06-22,FICO,28.13546288,1090.85,30691.57
batisseur,2026-06-22,IBE.MC,865.44999242,24.1234,20877.6
batisseur,2026-06-22,ISRG,66.46284727,402.95,26781.21
batisseur,2026-06-22,JPM,145.4427925,331.48,48211.38
batisseur,2026-06-22,LLY,50.56276356,1102.08,55724.21
batisseur,2026-06-22,MA,41.22511357,484.09,19956.67
batisseur,2026-06-22,MELI,27.51319106,1589.45,43730.84
batisseur,2026-06-22,META,99.18011108,563.85,55922.7
batisseur,2026-06-22,MSFT,97.2337012,367.34,35717.83
batisseur,2026-06-22,NOW,242.66456714,93.01,22570.23
batisseur,2026-06-22,NVDA,407.12468193,208.65,84946.56
batisseur,2026-06-22,NVO,668.5981725,45.88,30675.28
batisseur,2026-06-22,RMS.PA,10.23441313,1844.2622,18874.94
batisseur,2026-06-22,STZ,133.51134846,141.51,18893.19
batisseur,2026-06-22,ULTA,56.33485437,465.06,26199.09
batisseur,2026-06-22,V,124.21202994,326.6,40567.65
batisseur,2026-06-22,VRSK,166.25103907,168.99,28094.76
batisseur,2026-06-22,WM,133.63624215,213.31,28505.95
batisseur,2026-06-22,ZM,183.31805683,84.34,15461.04
batisseur,2026-06-23,AMZN,219.33832937,234.11,51349.3
batisseur,2026-06-23,AVGO,71.73876084,380.15,27271.49
batisseur,2026-06-23,BABA,302.43459852,102.6,31029.79
batisseur,2026-06-23,BSX,714.54090747,45.6,32583.06
batisseur,2026-06-23,CASH,-18.54,1.0,-18.54
batisseur,2026-06-23,CRCL,175.14668535,75.68,13255.1
batisseur,2026-06-23,CSGP,571.12965637,30.26,17282.38
batisseur,2026-06-23,CSU.TO,38.63784004,1961.003,75768.92
batisseur,2026-06-23,DPZ,60.28999488,283.03,17063.88
batisseur,2026-06-23,EL.PA,144.83315413,191.0144,27665.22
batisseur,2026-06-23,FICO,28.13546288,1099.41,30932.41
batisseur,2026-06-23,IBE.MC,865.44999242,24.06,20822.71
batisseur,2026-06-23,ISRG,66.46284727,403.18,26796.49
batisseur,2026-06-23,JPM,145.4427925,334.14,48598.26
batisseur,2026-06-23,LLY,50.56276356,1107.08,55977.02
batisseur,2026-06-23,MA,41.22511357,488.07,20120.74
batisseur,2026-06-23,MELI,27.51319106,1583.66,43571.54
batisseur,2026-06-23,META,99.18011108,562.2,55759.06
batisseur,2026-06-23,MSFT,97.2337012,373.94,36359.57
batisseur,2026-06-23,NOW,242.66456714,95.94,23281.24
batisseur,2026-06-23,NVDA,407.12468193,200.04,81441.22
batisseur,2026-06-23,NVO,668.5981725,47.42,31704.92
batisseur,2026-06-23,RMS.PA,10.23441313,1823.2422,18659.81
batisseur,2026-06-23,STZ,133.51134846,143.38,19142.86
batisseur,2026-06-23,ULTA,56.33485437,459.33,25876.29
batisseur,2026-06-23,V,124.21202994,328.48,40801.17
batisseur,2026-06-23,VRSK,166.25103907,174.76,29054.03
batisseur,2026-06-23,WM,133.63624215,218.84,29244.95
batisseur,2026-06-23,ZM,183.31805683,86.445,15846.93
batisseur,2026-06-24,AMZN,219.33832937,234.27,51384.39
batisseur,2026-06-24,AVGO,71.73876084,382.07,27409.23
batisseur,2026-06-24,BABA,302.43459852,99.8,30182.97
batisseur,2026-06-24,BSX,714.54090747,44.46,31768.49
batisseur,2026-06-24,CASH,-18.54,1.0,-18.54
batisseur,2026-06-24,CRCL,175.14668535,70.98,12431.91
batisseur,2026-06-24,CSGP,571.12965637,29.81,17025.37
batisseur,2026-06-24,CSU.TO,38.63784004,2020.1599,78054.62
batisseur,2026-06-24,DPZ,60.28999488,287.62,17340.61
batisseur,2026-06-24,EL.PA,144.83315413,191.6127,27751.87
batisseur,2026-06-24,FICO,28.13546288,1140.34,32083.99
batisseur,2026-06-24,IBE.MC,865.44999242,24.0368,20802.67
batisseur,2026-06-24,ISRG,66.46284727,401.83,26706.77
batisseur,2026-06-24,JPM,145.4427925,333.45,48497.9
batisseur,2026-06-24,LLY,50.56276356,1117.26,56491.75
batisseur,2026-06-24,MA,41.22511357,494.41,20382.11
batisseur,2026-06-24,MELI,27.51319106,1659.5699,45660.07
batisseur,2026-06-24,META,99.18011108,557.67,55309.77
batisseur,2026-06-24,MSFT,97.2337012,365.46,35535.03
batisseur,2026-06-24,NOW,242.66456714,93.8,22761.94
batisseur,2026-06-24,NVDA,407.12468193,199.0,81017.81
batisseur,2026-06-24,NVO,668.5981725,47.41,31698.24
batisseur,2026-06-24,RMS.PA,10.23441313,1851.3469,18947.45
batisseur,2026-06-24,STZ,133.51134846,143.02,19094.79
batisseur,2026-06-24,ULTA,56.33485437,478.93,26980.45
batisseur,2026-06-24,V,124.21202994,332.23,41266.96
batisseur,2026-06-24,VRSK,166.25103907,180.06,29935.16
batisseur,2026-06-24,WM,133.63624215,223.26,29835.63
batisseur,2026-06-24,ZM,183.31805683,85.47,15668.19
batisseur,2026-06-25,AMZN,219.33832937,227.01,49791.99
batisseur,2026-06-25,AVGO,71.73876084,378.91,27182.53
batisseur,2026-06-25,BABA,302.43459852,95.07,28752.46
batisseur,2026-06-25,BSX,714.54090747,44.2,31582.71
batisseur,2026-06-25,CASH,-18.54,1.0,-18.54
batisseur,2026-06-25,CRCL,175.14668535,68.81,12051.84
batisseur,2026-06-25,CSGP,571.12965637,28.64,16357.15
batisseur,2026-06-25,CSU.TO,38.63784004,1948.0127,75267.0
batisseur,2026-06-25,DPZ,60.28999488,285.44,17209.18
batisseur,2026-06-25,EL.PA,144.83315413,189.18,27399.53
batisseur,2026-06-25,FICO,28.13546288,1143.48,32172.34
batisseur,2026-06-25,IBE.MC,865.44999242,24.4419,21153.25
batisseur,2026-06-25,ISRG,66.46284727,399.69,26564.54
batisseur,2026-06-25,JPM,145.4427925,335.12,48740.79
batisseur,2026-06-25,LLY,50.56276356,1127.6899,57019.12
batisseur,2026-06-25,MA,41.22511357,488.92,20155.78
batisseur,2026-06-25,MELI,27.51319106,1619.25,44550.73
batisseur,2026-06-25,META,99.18011108,542.87,53841.91
batisseur,2026-06-25,MSFT,97.2337012,352.83,34306.97
batisseur,2026-06-25,NOW,242.66456714,89.52,21723.33
batisseur,2026-06-25,NVDA,407.12468193,195.74,79690.59
batisseur,2026-06-25,NVO,668.5981725,47.64,31852.02
batisseur,2026-06-25,RMS.PA,10.23441313,1837.6993,18807.77
batisseur,2026-06-25,STZ,133.51134846,144.45,19285.71
batisseur,2026-06-25,ULTA,56.33485437,485.52,27351.7
batisseur,2026-06-25,V,124.21202994,330.52,41054.56
batisseur,2026-06-25,VRSK,166.25103907,177.04,29433.08
batisseur,2026-06-25,WM,133.63624215,223.08,29811.57
batisseur,2026-06-25,ZM,183.31805683,82.88,15193.4
batisseur,2026-06-26,AMZN,219.33832937,232.69,51037.84
batisseur,2026-06-26,AVGO,71.73876084,365.02,26186.08
batisseur,2026-06-26,BABA,302.43459852,94.81,28673.82
batisseur,2026-06-26,BSX,714.54090747,44.23,31604.14
batisseur,2026-06-26,CASH,-18.54,1.0,-18.54
batisseur,2026-06-26,CRCL,175.14668535,73.57,12885.54
batisseur,2026-06-26,CSGP,571.12965637,30.25,17276.67
batisseur,2026-06-26,CSU.TO,38.63784004,1986.1716,76741.38
batisseur,2026-06-26,DPZ,60.28999488,298.18,17977.27
batisseur,2026-06-26,EL.PA,144.83315413,192.0843,27820.17
batisseur,2026-06-26,FICO,28.13546288,1182.79,33278.35
batisseur,2026-06-26,IBE.MC,865.44999242,24.7039,21379.97
batisseur,2026-06-26,ISRG,66.46284727,404.7,26897.52
batisseur,2026-06-26,JPM,145.4427925,329.05,47857.95
batisseur,2026-06-26,LLY,50.56276356,1208.12,61085.89
batisseur,2026-06-26,MA,41.22511357,499.02,20572.16
batisseur,2026-06-26,MELI,27.51319106,1675.1,46087.35
batisseur,2026-06-26,META,99.18011108,550.25,54573.86
batisseur,2026-06-26,MSFT,97.2337012,372.97,36265.25
batisseur,2026-06-26,NOW,242.66456714,98.34,23863.63
batisseur,2026-06-26,NVDA,407.12468193,192.53,78383.71
batisseur,2026-06-26,NVO,668.5981725,48.07,32139.51
batisseur,2026-06-26,RMS.PA,10.23441313,1851.9362,18953.48
batisseur,2026-06-26,STZ,133.51134846,146.3,19532.71
batisseur,2026-06-26,ULTA,56.33485437,488.45,27516.76
batisseur,2026-06-26,V,124.21202994,336.23,41763.81
batisseur,2026-06-26,VRSK,166.25103907,182.18,30287.61
batisseur,2026-06-26,WM,133.63624215,225.53,30138.98
batisseur,2026-06-26,ZM,183.31805683,86.48,15853.35
batisseur,2026-06-27,AMZN,219.33832937,232.69,51037.84
batisseur,2026-06-27,AVGO,71.73876084,365.02,26186.08
batisseur,2026-06-27,BABA,302.43459852,94.81,28673.82
batisseur,2026-06-27,BSX,714.54090747,44.23,31604.14
batisseur,2026-06-27,CASH,-18.54,1.0,-18.54
batisseur,2026-06-27,CRCL,175.14668535,73.57,12885.54
batisseur,2026-06-27,CSGP,571.12965637,30.25,17276.67
batisseur,2026-06-27,CSU.TO,38.63784004,1986.4797,76753.28
batisseur,2026-06-27,DPZ,60.28999488,298.18,17977.27
batisseur,2026-06-27,EL.PA,144.83315413,192.0843,27820.17
batisseur,2026-06-27,FICO,28.13546288,1182.79,33278.35
batisseur,2026-06-27,IBE.MC,865.44999242,24.7039,21379.97
batisseur,2026-06-27,ISRG,66.46284727,404.7,26897.52
batisseur,2026-06-27,JPM,145.4427925,329.05,47857.95
batisseur,2026-06-27,LLY,50.56276356,1208.12,61085.89
batisseur,2026-06-27,MA,41.22511357,499.02,20572.16
batisseur,2026-06-27,MELI,27.51319106,1675.1,46087.35
batisseur,2026-06-27,META,99.18011108,550.25,54573.86
batisseur,2026-06-27,MSFT,97.2337012,372.97,36265.25
batisseur,2026-06-27,NOW,242.66456714,98.34,23863.63
batisseur,2026-06-27,NVDA,407.12468193,192.53,78383.71
batisseur,2026-06-27,NVO,668.5981725,48.07,32139.51
batisseur,2026-06-27,RMS.PA,10.23441313,1851.9362,18953.48
batisseur,2026-06-27,STZ,133.51134846,146.3,19532.71
batisseur,2026-06-27,ULTA,56.33485437,488.45,27516.76
batisseur,2026-06-27,V,124.21202994,336.23,41763.81
batisseur,2026-06-27,VRSK,166.25103907,182.18,30287.61
batisseur,2026-06-27,WM,133.63624215,225.53,30138.98
batisseur,2026-06-27,ZM,183.31805683,86.48,15853.35
batisseur,2026-06-28,AMZN,219.33832937,232.69,51037.84
batisseur,2026-06-28,AVGO,71.73876084,365.02,26186.08
batisseur,2026-06-28,BABA,302.43459852,94.81,28673.82
batisseur,2026-06-28,BSX,714.54090747,44.23,31604.14
batisseur,2026-06-28,CASH,-18.54,1.0,-18.54
batisseur,2026-06-28,CRCL,175.14668535,73.57,12885.54
batisseur,2026-06-28,CSGP,571.12965637,30.25,17276.67
batisseur,2026-06-28,CSU.TO,38.63784004,1986.1856,76741.92
batisseur,2026-06-28,DPZ,60.28999488,298.18,17977.27
batisseur,2026-06-28,EL.PA,144.83315413,192.0843,27820.17
batisseur,2026-06-28,FICO,28.13546288,1182.79,33278.35
batisseur,2026-06-28,IBE.MC,865.44999242,24.7039,21379.97
batisseur,2026-06-28,ISRG,66.46284727,404.7,26897.52
batisseur,2026-06-28,JPM,145.4427925,329.05,47857.95
batisseur,2026-06-28,LLY,50.56276356,1208.12,61085.89
batisseur,2026-06-28,MA,41.22511357,499.02,20572.16
batisseur,2026-06-28,MELI,27.51319106,1675.1,46087.35
batisseur,2026-06-28,META,99.18011108,550.25,54573.86
batisseur,2026-06-28,MSFT,97.2337012,372.97,36265.25
batisseur,2026-06-28,NOW,242.66456714,98.34,23863.63
batisseur,2026-06-28,NVDA,407.12468193,192.53,78383.71
batisseur,2026-06-28,NVO,668.5981725,48.07,32139.51
batisseur,2026-06-28,RMS.PA,10.23441313,1851.9362,18953.48
batisseur,2026-06-28,STZ,133.51134846,146.3,19532.71
batisseur,2026-06-28,ULTA,56.33485437,488.45,27516.76
batisseur,2026-06-28,V,124.21202994,336.23,41763.81
batisseur,2026-06-28,VRSK,166.25103907,182.18,30287.61
batisseur,2026-06-28,WM,133.63624215,225.53,30138.98
batisseur,2026-06-28,ZM,183.31805683,86.48,15853.35
batisseur,2026-06-29,AMZN,219.33832937,240.14,52671.91
batisseur,2026-06-29,AVGO,71.73876084,372.45,26719.1
batisseur,2026-06-29,BABA,302.43459852,95.51,28885.53
batisseur,2026-06-29,BSX,714.54090747,43.48,31068.24
batisseur,2026-06-29,CASH,-18.54,1.0,-18.54
batisseur,2026-06-29,CRCL,175.14668535,75.96,13304.14
batisseur,2026-06-29,CSGP,571.12965637,29.32,16745.52
batisseur,2026-06-29,CSU.TO,38.63784004,1948.7354,75294.92
batisseur,2026-06-29,DPZ,60.28999488,294.05,17728.27
batisseur,2026-06-29,EL.PA,144.83315413,186.7504,27047.65
batisseur,2026-06-29,FICO,28.13546288,1177.52,33130.07
batisseur,2026-06-29,IBE.MC,865.44999242,24.9229,21569.52
batisseur,2026-06-29,ISRG,66.46284727,405.97,26981.92
batisseur,2026-06-29,JPM,145.4427925,329.39,47907.4
batisseur,2026-06-29,LLY,50.56276356,1229.9301,62188.66
batisseur,2026-06-29,MA,41.22511357,509.64,21009.97
batisseur,2026-06-29,MELI,27.51319106,1683.13,46308.28
batisseur,2026-06-29,META,99.18011108,562.6,55798.73
batisseur,2026-06-29,MSFT,97.2337012,368.57,35837.43
batisseur,2026-06-29,NOW,242.66456714,99.97,24259.18
batisseur,2026-06-29,NVDA,407.12468193,194.97,79377.1
batisseur,2026-06-29,NVO,668.5981725,48.34,32320.04
batisseur,2026-06-29,RMS.PA,10.23441313,1845.2312,18884.86
batisseur,2026-06-29,STZ,133.51134846,139.66,18646.2
batisseur,2026-06-29,ULTA,56.33485437,459.12,25864.46
batisseur,2026-06-29,V,124.21202994,341.65,42437.04
batisseur,2026-06-29,VRSK,166.25103907,179.21,29793.85
batisseur,2026-06-29,WM,133.63624215,223.37,29850.33
batisseur,2026-06-29,ZM,183.31805683,86.14,15791.02
batisseur,2026-06-30,AMZN,219.33832937,238.34,52277.1
batisseur,2026-06-30,AVGO,71.73876084,377.75,27099.32
batisseur,2026-06-30,BABA,302.43459852,95.98,29027.67
batisseur,2026-06-30,BSX,714.54090747,42.68,30496.61
batisseur,2026-06-30,CASH,-18.54,1.0,-18.54
batisseur,2026-06-30,CRCL,175.14668535,62.63,10969.44
batisseur,2026-06-30,CSGP,571.12965637,28.32,16174.39
batisseur,2026-06-30,CSU.TO,38.63784004,1877.4919,72542.23
batisseur,2026-06-30,DPZ,60.28999488,296.04,17848.25
batisseur,2026-06-30,EL.PA,144.83315413,186.7175,27042.89
batisseur,2026-06-30,FICO,28.13546288,1194.78,33615.69
batisseur,2026-06-30,IBE.MC,865.44999242,24.8577,21513.12
batisseur,2026-06-30,ISRG,66.46284727,397.68,26430.94
batisseur,2026-06-30,JPM,145.4427925,327.33,47607.79
batisseur,2026-06-30,LLY,50.56276356,1199.4301,60646.5
batisseur,2026-06-30,MA,41.22511357,513.6,21173.22
batisseur,2026-06-30,MELI,27.51319106,1697.39,46700.62
batisseur,2026-06-30,META,99.18011108,563.29,55867.16
batisseur,2026-06-30,MSFT,97.2337012,373.02,36270.11
batisseur,2026-06-30,NOW,242.66456714,99.28,24091.74
batisseur,2026-06-30,NVDA,407.12468193,200.09,81461.58
batisseur,2026-06-30,NVO,668.5981725,47.94,32052.6
batisseur,2026-06-30,RMS.PA,10.23441313,1818.8027,18614.38
batisseur,2026-06-30,STZ,133.51134846,139.09,18570.09
batisseur,2026-06-30,ULTA,56.33485437,450.98,25405.89
batisseur,2026-06-30,V,124.21202994,343.09,42615.9
batisseur,2026-06-30,VRSK,166.25103907,179.53,29847.05
batisseur,2026-06-30,WM,133.63624215,222.88,29784.85
batisseur,2026-06-30,ZM,183.31805683,86.31,15822.18
batisseur,2026-07-01,AMZN,219.33832937,241.7,53014.07
batisseur,2026-07-01,AVGO,71.73876084,369.34,26495.99
batisseur,2026-07-01,BABA,302.43459852,97.99,29635.57
batisseur,2026-07-01,BSX,714.54090747,43.06,30768.13
batisseur,2026-07-01,CASH,-18.54,1.0,-18.54
batisseur,2026-07-01,CRCL,175.14668535,61.95,10850.34
batisseur,2026-07-01,CSGP,571.12965637,29.36,16768.37
batisseur,2026-07-01,CSU.TO,38.63784004,1882.9337,72752.49
batisseur,2026-07-01,DPZ,60.28999488,304.18,18339.01
batisseur,2026-07-01,EL.PA,144.83315413,197.7821,28645.41
batisseur,2026-07-01,FICO,28.13546288,1206.65,33949.66
batisseur,2026-07-01,IBE.MC,865.44999242,24.4998,21203.38
batisseur,2026-07-01,ISRG,66.46284727,402.38,26743.32
batisseur,2026-07-01,JPM,145.4427925,334.07,48588.07
batisseur,2026-07-01,LLY,50.56276356,1191.74,60257.67
batisseur,2026-07-01,MA,41.22511357,522.44,21537.65
batisseur,2026-07-01,MELI,27.51319106,1742.1899,47933.2
batisseur,2026-07-01,META,99.18011108,612.91,60788.48
batisseur,2026-07-01,MSFT,97.2337012,384.28,37364.97
batisseur,2026-07-01,NOW,242.66456714,105.8,25673.91
batisseur,2026-07-01,NVDA,407.12468193,197.58,80439.7
batisseur,2026-07-01,NVO,668.5981725,48.77,32607.53
batisseur,2026-07-01,RMS.PA,10.23441313,1823.4824,18662.27
batisseur,2026-07-01,STZ,133.51134846,136.88,18275.03
batisseur,2026-07-01,ULTA,56.33485437,454.78,25619.97
batisseur,2026-07-01,V,124.21202994,351.08,43608.36
batisseur,2026-07-01,VRSK,166.25103907,183.72,30543.64
batisseur,2026-07-01,WM,133.63624215,224.08,29945.21
batisseur,2026-07-01,ZM,183.31805683,90.13,16522.46
batisseur,2026-07-02,AMZN,219.33832937,242.67,53226.83
batisseur,2026-07-02,AVGO,71.73876084,360.45,25858.24
batisseur,2026-07-02,BABA,302.43459852,96.14,29076.06
batisseur,2026-07-02,BSX,714.54090747,45.14,32254.38
batisseur,2026-07-02,CASH,-18.54,1.0,-18.54
batisseur,2026-07-02,CRCL,175.14668535,64.62,11317.98
batisseur,2026-07-02,CSGP,571.12965637,30.0,17133.89
batisseur,2026-07-02,CSU.TO,38.63784004,1957.1912,75621.64
batisseur,2026-07-02,DPZ,60.28999488,311.66,18789.98
batisseur,2026-07-02,EL.PA,144.83315413,200.6063,29054.45
batisseur,2026-07-02,FICO,28.13546288,1270.83,35755.39
batisseur,2026-07-02,IBE.MC,865.44999242,24.5738,21267.43
batisseur,2026-07-02,ISRG,66.46284727,426.01,28313.84
batisseur,2026-07-02,JPM,145.4427925,334.47,48646.25
batisseur,2026-07-02,LLY,50.56276356,1213.91,61378.65
batisseur,2026-07-02,MA,41.22511357,539.39,22236.41
batisseur,2026-07-02,MELI,27.51319106,1763.36,48515.66
batisseur,2026-07-02,META,99.18011108,582.9,57812.09
batisseur,2026-07-02,MSFT,97.2337012,390.49,37968.79
batisseur,2026-07-02,NOW,242.66456714,106.32,25800.1
batisseur,2026-07-02,NVDA,407.12468193,194.83,79320.1
batisseur,2026-07-02,NVO,668.5981725,50.43,33717.41
batisseur,2026-07-02,RMS.PA,10.23441313,1884.2237,19283.92
batisseur,2026-07-02,STZ,133.51134846,137.47,18353.81
batisseur,2026-07-02,ULTA,56.33485437,461.33,25988.96
batisseur,2026-07-02,V,124.21202994,362.13,44980.9
batisseur,2026-07-02,VRSK,166.25103907,188.35,31313.38
batisseur,2026-07-02,WM,133.63624215,230.4,30789.79
batisseur,2026-07-02,ZM,183.31805683,87.145,15975.25
batisseur,2026-07-03,AMZN,219.33832937,242.67,53226.83
batisseur,2026-07-03,AVGO,71.73876084,360.45,25858.24
batisseur,2026-07-03,BABA,302.43459852,96.14,29076.06
batisseur,2026-07-03,BSX,714.54090747,45.14,32254.38
batisseur,2026-07-03,CASH,-18.54,1.0,-18.54
batisseur,2026-07-03,CRCL,175.14668535,64.62,11317.98
batisseur,2026-07-03,CSGP,571.12965637,30.0,17133.89
batisseur,2026-07-03,CSU.TO,38.63784004,1976.3699,76362.66
batisseur,2026-07-03,DPZ,60.28999488,311.66,18789.98
batisseur,2026-07-03,EL.PA,144.83315413,197.0026,28532.51
batisseur,2026-07-03,FICO,28.13546288,1270.83,35755.39
batisseur,2026-07-03,IBE.MC,865.44999242,24.8942,21544.66
batisseur,2026-07-03,ISRG,66.46284727,426.01,28313.84
batisseur,2026-07-03,JPM,145.4427925,334.47,48646.25
batisseur,2026-07-03,LLY,50.56276356,1213.91,61378.65
batisseur,2026-07-03,MA,41.22511357,539.39,22236.41
batisseur,2026-07-03,MELI,27.51319106,1763.36,48515.66
batisseur,2026-07-03,META,99.18011108,582.9,57812.09
batisseur,2026-07-03,MSFT,97.2337012,390.49,37968.79
batisseur,2026-07-03,NOW,242.66456714,106.32,25800.1
batisseur,2026-07-03,NVDA,407.12468193,194.83,79320.1
batisseur,2026-07-03,NVO,668.5981725,50.43,33717.41
batisseur,2026-07-03,RMS.PA,10.23441313,1877.3594,19213.67
batisseur,2026-07-03,STZ,133.51134846,137.47,18353.81
batisseur,2026-07-03,ULTA,56.33485437,461.33,25988.96
batisseur,2026-07-03,V,124.21202994,362.13,44980.9
batisseur,2026-07-03,VRSK,166.25103907,188.35,31313.38
batisseur,2026-07-03,WM,133.63624215,230.4,30789.79
batisseur,2026-07-03,ZM,183.31805683,87.145,15975.25
batisseur,2026-07-04,AMZN,219.33832937,242.67,53226.83
batisseur,2026-07-04,AVGO,71.73876084,360.45,25858.24
batisseur,2026-07-04,BABA,302.43459852,96.14,29076.06
batisseur,2026-07-04,BSX,714.54090747,45.14,32254.38
batisseur,2026-07-04,CASH,-18.54,1.0,-18.54
batisseur,2026-07-04,CRCL,175.14668535,64.62,11317.98
batisseur,2026-07-04,CSGP,571.12965637,30.0,17133.89
batisseur,2026-07-04,CSU.TO,38.63784004,1976.3699,76362.66
batisseur,2026-07-04,DPZ,60.28999488,311.66,18789.98
batisseur,2026-07-04,EL.PA,144.83315413,197.0026,28532.51
batisseur,2026-07-04,FICO,28.13546288,1270.83,35755.39
batisseur,2026-07-04,IBE.MC,865.44999242,24.8942,21544.66
batisseur,2026-07-04,ISRG,66.46284727,426.01,28313.84
batisseur,2026-07-04,JPM,145.4427925,334.47,48646.25
batisseur,2026-07-04,LLY,50.56276356,1213.91,61378.65
batisseur,2026-07-04,MA,41.22511357,539.39,22236.41
batisseur,2026-07-04,MELI,27.51319106,1763.36,48515.66
batisseur,2026-07-04,META,99.18011108,582.9,57812.09
batisseur,2026-07-04,MSFT,97.2337012,390.49,37968.79
batisseur,2026-07-04,NOW,242.66456714,106.32,25800.1
batisseur,2026-07-04,NVDA,407.12468193,194.83,79320.1
batisseur,2026-07-04,NVO,668.5981725,50.43,33717.41
batisseur,2026-07-04,RMS.PA,10.23441313,1877.3594,19213.67
batisseur,2026-07-04,STZ,133.51134846,137.47,18353.81
batisseur,2026-07-04,ULTA,56.33485437,461.33,25988.96
batisseur,2026-07-04,V,124.21202994,362.13,44980.9
batisseur,2026-07-04,VRSK,166.25103907,188.35,31313.38
batisseur,2026-07-04,WM,133.63624215,230.4,30789.79
batisseur,2026-07-04,ZM,183.31805683,87.145,15975.25
batisseur,2026-07-05,AMZN,219.33832937,242.67,53226.83
batisseur,2026-07-05,AVGO,71.73876084,360.45,25858.24
batisseur,2026-07-05,BABA,302.43459852,96.14,29076.06
batisseur,2026-07-05,BSX,714.54090747,45.14,32254.38
batisseur,2026-07-05,CASH,-18.54,1.0,-18.54
batisseur,2026-07-05,CRCL,175.14668535,64.62,11317.98
batisseur,2026-07-05,CSGP,571.12965637,30.0,17133.89
batisseur,2026-07-05,CSU.TO,38.63784004,1975.2848,76320.74
batisseur,2026-07-05,DPZ,60.28999488,311.66,18789.98
batisseur,2026-07-05,EL.PA,144.83315413,196.9576,28525.98
batisseur,2026-07-05,FICO,28.13546288,1270.83,35755.39
batisseur,2026-07-05,IBE.MC,865.44999242,24.8885,21539.74
batisseur,2026-07-05,ISRG,66.46284727,426.01,28313.84
batisseur,2026-07-05,JPM,145.4427925,334.47,48646.25
batisseur,2026-07-05,LLY,50.56276356,1213.91,61378.65
batisseur,2026-07-05,MA,41.22511357,539.39,22236.41
batisseur,2026-07-05,MELI,27.51319106,1763.36,48515.66
batisseur,2026-07-05,META,99.18011108,582.9,57812.09
batisseur,2026-07-05,MSFT,97.2337012,390.49,37968.79
batisseur,2026-07-05,NOW,242.66456714,106.32,25800.1
batisseur,2026-07-05,NVDA,407.12468193,194.83,79320.1
batisseur,2026-07-05,NVO,668.5981725,50.43,33717.41
batisseur,2026-07-05,RMS.PA,10.23441313,1876.9301,19209.28
batisseur,2026-07-05,STZ,133.51134846,137.47,18353.81
batisseur,2026-07-05,ULTA,56.33485437,461.33,25988.96
batisseur,2026-07-05,V,124.21202994,362.13,44980.9
batisseur,2026-07-05,VRSK,166.25103907,188.35,31313.38
batisseur,2026-07-05,WM,133.63624215,230.4,30789.79
batisseur,2026-07-05,ZM,183.31805683,87.145,15975.25
batisseur,2026-07-06,AMZN,219.33832937,244.16,53553.65
batisseur,2026-07-06,AVGO,71.73876084,373.9,26823.12
batisseur,2026-07-06,BABA,302.43459852,97.91,29611.37
batisseur,2026-07-06,BSX,714.54090747,44.6,31868.52
batisseur,2026-07-06,CASH,-18.54,1.0,-18.54
batisseur,2026-07-06,CRCL,175.14668535,68.65,12023.82
batisseur,2026-07-06,CSGP,571.12965637,28.7,16391.42
batisseur,2026-07-06,CSU.TO,38.63784004,1941.6189,75019.96
batisseur,2026-07-06,DPZ,60.28999488,305.91,18443.31
batisseur,2026-07-06,EL.PA,144.83315413,196.9196,28520.48
batisseur,2026-07-06,FICO,28.13546288,1286.51,36196.55
batisseur,2026-07-06,IBE.MC,865.44999242,23.8791,20666.14
batisseur,2026-07-06,ISRG,66.46284727,432.83,28767.11
batisseur,2026-07-06,JPM,145.4427925,337.72,49118.94
batisseur,2026-07-06,LLY,50.56276356,1200.0601,60678.35
batisseur,2026-07-06,MA,41.22511357,533.1,21977.11
batisseur,2026-07-06,MELI,27.51319106,1805.6801,49680.02
batisseur,2026-07-06,META,99.18011108,600.29,59536.83
batisseur,2026-07-06,MSFT,97.2337012,386.74,37604.16
batisseur,2026-07-06,NOW,242.66456714,107.93,26190.79
batisseur,2026-07-06,NVDA,407.12468193,195.55,79613.23
batisseur,2026-07-06,NVO,668.5981725,49.26,32935.14
batisseur,2026-07-06,RMS.PA,10.23441313,1855.676,18991.75
batisseur,2026-07-06,STZ,133.51134846,130.68,17447.26
batisseur,2026-07-06,ULTA,56.33485437,452.49,25490.96
batisseur,2026-07-06,V,124.21202994,357.25,44374.75
batisseur,2026-07-06,VRSK,166.25103907,187.79,31220.28
batisseur,2026-07-06,WM,133.63624215,228.98,30600.03
batisseur,2026-07-06,ZM,183.31805683,84.96,15574.7
batisseur,2026-07-07,AMZN,219.33832937,245.98,53952.84
batisseur,2026-07-07,AVGO,71.73876084,370.78,26599.3
batisseur,2026-07-07,BABA,302.43459852,98.14,29680.93
batisseur,2026-07-07,BSX,714.54090747,45.3,32368.7
batisseur,2026-07-07,CASH,-18.54,1.0,-18.54
batisseur,2026-07-07,CRCL,175.14668535,65.15,11410.81
batisseur,2026-07-07,CSGP,571.12965637,29.87,17059.64
batisseur,2026-07-07,CSU.TO,38.63784004,2009.9722,77660.99
batisseur,2026-07-07,DPZ,60.28999488,313.14,18879.21
batisseur,2026-07-07,EL.PA,144.83315413,200.8908,29095.65
batisseur,2026-07-07,FICO,28.13546288,1300.27,36583.7
batisseur,2026-07-07,IBE.MC,865.44999242,24.0064,20776.34
batisseur,2026-07-07,ISRG,66.46284727,427.3,28399.57
batisseur,2026-07-07,JPM,145.4427925,339.22,49337.1
batisseur,2026-07-07,LLY,50.56276356,1235.5601,62473.33
batisseur,2026-07-07,MA,41.22511357,531.62,21916.09
batisseur,2026-07-07,MELI,27.51319106,1813.61,49898.2
batisseur,2026-07-07,META,99.18011108,615.58,61053.29
batisseur,2026-07-07,MSFT,97.2337012,388.84,37808.35
batisseur,2026-07-07,NOW,242.66456714,110.73,26870.25
batisseur,2026-07-07,NVDA,407.12468193,196.93,80175.06
batisseur,2026-07-07,NVO,668.5981725,49.64,33189.21
batisseur,2026-07-07,RMS.PA,10.23441313,1873.0013,19169.07
batisseur,2026-07-07,STZ,133.51134846,131.76,17591.45
batisseur,2026-07-07,ULTA,56.33485437,453.78,25563.63
batisseur,2026-07-07,V,124.21202994,352.2,43747.48
batisseur,2026-07-07,VRSK,166.25103907,192.25,31961.76
batisseur,2026-07-07,WM,133.63624215,237.21,31699.85
batisseur,2026-07-07,ZM,183.31805683,85.68,15706.69
batisseur,2026-07-08,AMZN,219.33832937,243.62,53435.2
batisseur,2026-07-08,AVGO,71.73876084,388.69,27884.14
batisseur,2026-07-08,BABA,302.43459852,108.98,32959.32
batisseur,2026-07-08,BSX,714.54090747,44.81,32018.58
batisseur,2026-07-08,CASH,-18.54,1.0,-18.54
batisseur,2026-07-08,CRCL,175.14668535,64.07,11221.65
batisseur,2026-07-08,CSGP,571.12965637,29.34,16756.94
batisseur,2026-07-08,CSU.TO,38.63784004,1967.9157,76036.01
batisseur,2026-07-08,DPZ,60.28999488,302.35,18228.68
batisseur,2026-07-08,EL.PA,144.83315413,193.6535,28047.45
batisseur,2026-07-08,FICO,28.13546288,1266.08,35621.75
batisseur,2026-07-08,IBE.MC,865.44999242,24.0366,20802.47
batisseur,2026-07-08,ISRG,66.46284727,415.1,27588.73
batisseur,2026-07-08,JPM,145.4427925,330.62,48086.3
batisseur,2026-07-08,LLY,50.56276356,1215.83,61475.72
batisseur,2026-07-08,MA,41.22511357,519.86,21431.29
batisseur,2026-07-08,MELI,27.51319106,1809.38,49781.82
batisseur,2026-07-08,META,99.18011108,603.12,59817.51
batisseur,2026-07-08,MSFT,97.2337012,383.34,37273.57
batisseur,2026-07-08,NOW,242.66456714,107.78,26154.39
batisseur,2026-07-08,NVDA,407.12468193,204.12,83102.29
batisseur,2026-07-08,NVO,668.5981725,48.89,32687.76
batisseur,2026-07-08,RMS.PA,10.23441313,1795.8834,18379.81
batisseur,2026-07-08,STZ,133.51134846,130.34,17401.87
batisseur,2026-07-08,ULTA,56.33485437,455.11,25638.55
batisseur,2026-07-08,V,124.21202994,347.53,43167.41
batisseur,2026-07-08,VRSK,166.25103907,189.67,31532.83
batisseur,2026-07-08,WM,133.63624215,233.94,31262.86
batisseur,2026-07-08,ZM,183.31805683,87.4,16022.0
batisseur,2026-07-09,AMZN,219.33832937,247.04,54185.34
batisseur,2026-07-09,AVGO,71.73876084,401.11,28775.13
batisseur,2026-07-09,BABA,302.43459852,111.14,33612.58
batisseur,2026-07-09,BSX,714.54090747,44.99,32147.2
batisseur,2026-07-09,CASH,-18.54,1.0,-18.54
batisseur,2026-07-09,CRCL,175.14668535,63.01,11035.99
batisseur,2026-07-09,CSGP,571.12965637,29.19,16671.27
batisseur,2026-07-09,CSU.TO,38.63784004,1932.9211,74683.9
batisseur,2026-07-09,DPZ,60.28999488,300.88,18140.05
batisseur,2026-07-09,EL.PA,144.83315413,196.0146,28389.41
batisseur,2026-07-09,FICO,28.13546288,1279.41,35996.79
batisseur,2026-07-09,IBE.MC,865.44999242,24.0493,20813.49
batisseur,2026-07-09,ISRG,66.46284727,411.55,27352.78
batisseur,2026-07-09,JPM,145.4427925,335.47,48791.69
batisseur,2026-07-09,LLY,50.56276356,1216.95,61532.35
batisseur,2026-07-09,MA,41.22511357,523.2,21568.98
batisseur,2026-07-09,MELI,27.51319106,1807.83,49739.17
batisseur,2026-07-09,META,99.18011108,631.48,62630.25
batisseur,2026-07-09,MSFT,97.2337012,384.36,37372.74
batisseur,2026-07-09,NOW,242.66456714,108.84,26411.61
batisseur,2026-07-09,NVDA,407.12468193,202.78,82556.74
batisseur,2026-07-09,NVO,668.5981725,48.88,32681.08
batisseur,2026-07-09,RMS.PA,10.23441313,1855.0873,18985.73
batisseur,2026-07-09,STZ,133.51134846,132.44,17682.24
batisseur,2026-07-09,ULTA,56.33485437,460.24,25927.55
batisseur,2026-07-09,V,124.21202994,348.2,43250.63
batisseur,2026-07-09,VRSK,166.25103907,187.01,31090.61
batisseur,2026-07-09,WM,133.63624215,231.67,30959.51
batisseur,2026-07-09,ZM,183.31805683,89.88,16476.63
batisseur,2026-07-10,AMZN,219.33832937,245.34,53812.46
batisseur,2026-07-10,AVGO,71.73876084,399.97,28693.35
batisseur,2026-07-10,BABA,302.43459852,112.33,33972.48
batisseur,2026-07-10,BSX,714.54090747,44.77,31990.0
batisseur,2026-07-10,CASH,-18.54,1.0,-18.54
batisseur,2026-07-10,CRCL,175.14668535,66.14,11584.2
batisseur,2026-07-10,CSGP,571.12965637,28.39,16214.37
batisseur,2026-07-10,CSU.TO,38.63784004,1979.891,76498.71
batisseur,2026-07-10,DPZ,60.28999488,299.46,18054.44
batisseur,2026-07-10,EL.PA,144.83315413,195.7291,28348.07
batisseur,2026-07-10,FICO,28.13546288,1250.9,35194.65
batisseur,2026-07-10,IBE.MC,865.44999242,23.8666,20655.37
batisseur,2026-07-10,ISRG,66.46284727,406.78,27035.76
batisseur,2026-07-10,JPM,145.4427925,336.47,48937.14
batisseur,2026-07-10,LLY,50.56276356,1188.58,60097.89
batisseur,2026-07-10,MA,41.22511357,526.74,21714.92
batisseur,2026-07-10,MELI,27.51319106,1852.22,50960.48
batisseur,2026-07-10,META,99.18011108,669.21,66372.32
batisseur,2026-07-10,MSFT,97.2337012,385.1,37444.7
batisseur,2026-07-10,NOW,242.66456714,107.71,26137.4
batisseur,2026-07-10,NVDA,407.12468193,210.96,85887.03
batisseur,2026-07-10,NVO,668.5981725,49.48,33082.24
batisseur,2026-07-10,RMS.PA,10.23441313,1874.5004,19184.41
batisseur,2026-07-10,STZ,133.51134846,134.06,17898.53
batisseur,2026-07-10,ULTA,56.33485437,469.2,26432.31
batisseur,2026-07-10,V,124.21202994,348.97,43346.27
batisseur,2026-07-10,VRSK,166.25103907,185.39,30821.28
batisseur,2026-07-10,WM,133.63624215,233.33,31181.34
batisseur,2026-07-10,ZM,183.31805683,89.76,16454.63
batisseur,2026-07-11,AMZN,219.33832937,245.34,53812.46
batisseur,2026-07-11,AVGO,71.73876084,399.97,28693.35
batisseur,2026-07-11,BABA,302.43459852,112.33,33972.48
batisseur,2026-07-11,BSX,714.54090747,44.77,31990.0
batisseur,2026-07-11,CASH,-18.54,1.0,-18.54
batisseur,2026-07-11,CRCL,175.14668535,66.14,11584.2
batisseur,2026-07-11,CSGP,571.12965637,28.39,16214.37
batisseur,2026-07-11,CSU.TO,38.63784004,1979.891,76498.71
batisseur,2026-07-11,DPZ,60.28999488,299.46,18054.44
batisseur,2026-07-11,EL.PA,144.83315413,195.7291,28348.07
batisseur,2026-07-11,FICO,28.13546288,1250.9,35194.65
batisseur,2026-07-11,IBE.MC,865.44999242,23.8666,20655.37
batisseur,2026-07-11,ISRG,66.46284727,406.78,27035.76
batisseur,2026-07-11,JPM,145.4427925,336.47,48937.14
batisseur,2026-07-11,LLY,50.56276356,1188.58,60097.89
batisseur,2026-07-11,MA,41.22511357,526.74,21714.92
batisseur,2026-07-11,MELI,27.51319106,1852.22,50960.48
batisseur,2026-07-11,META,99.18011108,669.21,66372.32
batisseur,2026-07-11,MSFT,97.2337012,385.1,37444.7
batisseur,2026-07-11,NOW,242.66456714,107.71,26137.4
batisseur,2026-07-11,NVDA,407.12468193,210.96,85887.03
batisseur,2026-07-11,NVO,668.5981725,49.48,33082.24
batisseur,2026-07-11,RMS.PA,10.23441313,1874.5004,19184.41
batisseur,2026-07-11,STZ,133.51134846,134.06,17898.53
batisseur,2026-07-11,ULTA,56.33485437,469.2,26432.31
batisseur,2026-07-11,V,124.21202994,348.97,43346.27
batisseur,2026-07-11,VRSK,166.25103907,185.39,30821.28
batisseur,2026-07-11,WM,133.63624215,233.33,31181.34
batisseur,2026-07-11,ZM,183.31805683,89.76,16454.63
batisseur,2026-07-12,AMZN,219.33832937,245.34,53812.46
batisseur,2026-07-12,AVGO,71.73876084,399.97,28693.35
batisseur,2026-07-12,BABA,302.43459852,112.33,33972.48
batisseur,2026-07-12,BSX,714.54090747,44.77,31990.0
batisseur,2026-07-12,CASH,-18.54,1.0,-18.54
batisseur,2026-07-12,CRCL,175.14668535,66.14,11584.2
batisseur,2026-07-12,CSGP,571.12965637,28.39,16214.37
batisseur,2026-07-12,CSU.TO,38.63784004,1977.5856,76409.64
batisseur,2026-07-12,DPZ,60.28999488,299.46,18054.44
batisseur,2026-07-12,EL.PA,144.83315413,195.3499,28293.14
batisseur,2026-07-12,FICO,28.13546288,1250.9,35194.65
batisseur,2026-07-12,IBE.MC,865.44999242,23.8204,20615.35
batisseur,2026-07-12,ISRG,66.46284727,406.78,27035.76
batisseur,2026-07-12,JPM,145.4427925,336.47,48937.14
batisseur,2026-07-12,LLY,50.56276356,1188.58,60097.89
batisseur,2026-07-12,MA,41.22511357,526.74,21714.92
batisseur,2026-07-12,MELI,27.51319106,1852.22,50960.48
batisseur,2026-07-12,META,99.18011108,669.21,66372.32
batisseur,2026-07-12,MSFT,97.2337012,385.1,37444.7
batisseur,2026-07-12,NOW,242.66456714,107.71,26137.4
batisseur,2026-07-12,NVDA,407.12468193,210.96,85887.03
batisseur,2026-07-12,NVO,668.5981725,49.48,33082.24
batisseur,2026-07-12,RMS.PA,10.23441313,1870.8685,19147.24
batisseur,2026-07-12,STZ,133.51134846,134.06,17898.53
batisseur,2026-07-12,ULTA,56.33485437,469.2,26432.31
batisseur,2026-07-12,V,124.21202994,348.97,43346.27
batisseur,2026-07-12,VRSK,166.25103907,185.39,30821.28
batisseur,2026-07-12,WM,133.63624215,233.33,31181.34
batisseur,2026-07-12,ZM,183.31805683,89.76,16454.63
batisseur,2026-07-13,AMZN,219.33832937,247.31,54244.56
batisseur,2026-07-13,AVGO,71.73876084,384.05,27551.27
batisseur,2026-07-13,BABA,302.43459852,112.35,33978.53
batisseur,2026-07-13,BSX,714.54090747,44.65,31904.25
batisseur,2026-07-13,CASH,-18.54,1.0,-18.54
batisseur,2026-07-13,CRCL,175.14668535,63.0,11034.24
batisseur,2026-07-13,CSGP,571.12965637,28.77,16431.4
batisseur,2026-07-13,CSU.TO,38.63784004,2030.9025,78469.69
batisseur,2026-07-13,DPZ,60.28999488,309.85,18680.86
batisseur,2026-07-13,EL.PA,144.83315413,193.5336,28030.09
batisseur,2026-07-13,FICO,28.13546288,1278.25,35964.16
batisseur,2026-07-13,IBE.MC,865.44999242,24.1517,20902.11
batisseur,2026-07-13,ISRG,66.46284727,407.12,27058.35
batisseur,2026-07-13,JPM,145.4427925,334.53,48654.98
batisseur,2026-07-13,LLY,50.56276356,1181.87,59758.61
batisseur,2026-07-13,MA,41.22511357,537.7,22166.74
batisseur,2026-07-13,MELI,27.51319106,1867.3,51375.38
batisseur,2026-07-13,META,99.18011108,656.73,65134.55
batisseur,2026-07-13,MSFT,97.2337012,390.99,38017.4
batisseur,2026-07-13,NOW,242.66456714,111.26,26998.86
batisseur,2026-07-13,NVDA,407.12468193,203.53,82862.09
batisseur,2026-07-13,NVO,668.5981725,49.28,32948.52
batisseur,2026-07-13,RMS.PA,10.23441313,1893.0653,19374.41
batisseur,2026-07-13,STZ,133.51134846,134.51,17958.61
batisseur,2026-07-13,ULTA,56.33485437,473.33,26664.98
batisseur,2026-07-13,V,124.21202994,357.75,44436.85
batisseur,2026-07-13,VRSK,166.25103907,193.73,32207.81
batisseur,2026-07-13,WM,133.63624215,236.71,31633.04
batisseur,2026-07-13,ZM,183.31805683,91.88,16843.26
batisseur,2026-07-14,AMZN,219.33832937,247.49,54284.04
batisseur,2026-07-14,AVGO,71.73876084,389.11,27914.27
batisseur,2026-07-14,BABA,302.43459852,112.32,33969.45
batisseur,2026-07-14,BSX,714.54090747,42.63,30460.88
batisseur,2026-07-14,CASH,-18.54,1.0,-18.54
batisseur,2026-07-14,CRCL,175.14668535,63.22,11072.77
batisseur,2026-07-14,CSGP,571.12965637,27.68,15808.87
batisseur,2026-07-14,CSU.TO,38.63784004,1941.6412,75020.82
batisseur,2026-07-14,DPZ,60.28999488,309.85,18680.86
batisseur,2026-07-14,EL.PA,144.83315413,189.4356,27436.56
batisseur,2026-07-14,FICO,28.13546288,1210.52,34058.54
batisseur,2026-07-14,IBE.MC,865.44999242,24.3634,21085.29
batisseur,2026-07-14,ISRG,66.46284727,379.5,25222.65
batisseur,2026-07-14,JPM,145.4427925,342.89,49870.88
batisseur,2026-07-14,LLY,50.56276356,1152.54,58275.61
batisseur,2026-07-14,MA,41.22511357,538.02,22179.94
batisseur,2026-07-14,MELI,27.51319106,1873.88,51556.42
batisseur,2026-07-14,META,99.18011108,661.04,65562.02
batisseur,2026-07-14,MSFT,97.2337012,384.93,37428.17
batisseur,2026-07-14,NOW,242.66456714,104.85,25443.38
batisseur,2026-07-14,NVDA,407.12468193,211.8,86229.01
batisseur,2026-07-14,NVO,668.5981725,49.07,32808.11
batisseur,2026-07-14,RMS.PA,10.23441313,1886.3271,19305.45
batisseur,2026-07-14,STZ,133.51134846,131.34,17535.38
batisseur,2026-07-14,ULTA,56.33485437,469.12,26427.81
batisseur,2026-07-14,V,124.21202994,356.02,44221.97
batisseur,2026-07-14,VRSK,166.25103907,190.54,31677.47
batisseur,2026-07-14,WM,133.63624215,234.27,31306.96
batisseur,2026-07-14,ZM,183.31805683,91.15,16709.44
batisseur,2026-07-15,AMZN,219.33832937,254.96,55922.5
batisseur,2026-07-15,AVGO,71.73876084,394.28,28285.16
batisseur,2026-07-15,BABA,302.43459852,117.69,35593.53
batisseur,2026-07-15,BSX,714.54090747,43.04,30753.84
batisseur,2026-07-15,CASH,-18.54,1.0,-18.54
batisseur,2026-07-15,CRCL,175.14668535,65.69,11505.39
batisseur,2026-07-15,CSGP,571.12965637,28.49,16271.48
batisseur,2026-07-15,CSU.TO,38.63784004,1903.2411,73537.13
batisseur,2026-07-15,DPZ,60.28999488,310.87,18742.35
batisseur,2026-07-15,EL.PA,144.83315413,192.5366,27885.69
batisseur,2026-07-15,FICO,28.13546288,1205.79,33925.46
batisseur,2026-07-15,IBE.MC,865.44999242,24.2102,20952.69
batisseur,2026-07-15,ISRG,66.46284727,388.97,25852.05
batisseur,2026-07-15,JPM,145.4427925,346.91,50455.56
batisseur,2026-07-15,LLY,50.56276356,1156.63,58482.41
batisseur,2026-07-15,MA,41.22511357,535.21,22064.09
batisseur,2026-07-15,MELI,27.51319106,1843.1899,50712.04
batisseur,2026-07-15,META,99.18011108,681.31,67572.4
batisseur,2026-07-15,MSFT,97.2337012,395.63,38468.57
batisseur,2026-07-15,NOW,242.66456714,104.73,25414.26
batisseur,2026-07-15,NVDA,407.12468193,212.5,86513.99
batisseur,2026-07-15,NVO,668.5981725,50.56,33804.32
batisseur,2026-07-15,RMS.PA,10.23441313,1927.0833,19722.57
batisseur,2026-07-15,STZ,133.51134846,131.64,17575.43
batisseur,2026-07-15,ULTA,56.33485437,466.14,26259.93
batisseur,2026-07-15,V,124.21202994,355.14,44112.66
batisseur,2026-07-15,VRSK,166.25103907,191.94,31910.22
batisseur,2026-07-15,WM,133.63624215,232.8,31110.52
batisseur,2026-07-15,ZM,183.31805683,92.6,16975.25
batisseur,2026-07-16,AMZN,219.33832937,249.89,54810.45
batisseur,2026-07-16,AVGO,71.73876084,374.45,26862.58
batisseur,2026-07-16,BABA,302.43459852,117.49,35533.04
batisseur,2026-07-16,BSX,714.54090747,44.62,31882.81
batisseur,2026-07-16,CASH,-18.54,1.0,-18.54
batisseur,2026-07-16,CRCL,175.14668535,60.64,10620.89
batisseur,2026-07-16,CSGP,571.12965637,30.37,17345.21
batisseur,2026-07-16,CSU.TO,38.63784004,2015.5657,77877.1
batisseur,2026-07-16,DPZ,60.28999488,329.67,19875.8
batisseur,2026-07-16,EL.PA,144.83315413,194.0025,28098.0
batisseur,2026-07-16,FICO,28.13546288,1241.22,34922.3
batisseur,2026-07-16,IBE.MC,865.44999242,24.0014,20771.99
batisseur,2026-07-16,ISRG,66.46284727,402.33,26740.0
batisseur,2026-07-16,JPM,145.4427925,343.15,49908.69
batisseur,2026-07-16,LLY,50.56276356,1169.17,59116.47
batisseur,2026-07-16,MA,41.22511357,551.54,22737.3
batisseur,2026-07-16,MELI,27.51319106,1857.42,51103.55
batisseur,2026-07-16,META,99.18011108,664.54,65909.15
batisseur,2026-07-16,MSFT,97.2337012,401.1,39000.44
batisseur,2026-07-16,NOW,242.66456714,104.01,25239.54
batisseur,2026-07-16,NVDA,407.12468193,207.4,84437.66
batisseur,2026-07-16,NVO,668.5981725,51.48,34419.43
batisseur,2026-07-16,RMS.PA,10.23441313,1952.6153,19983.87
batisseur,2026-07-16,STZ,133.51134846,135.72,18120.16
batisseur,2026-07-16,ULTA,56.33485437,478.86,26976.51
batisseur,2026-07-16,V,124.21202994,365.14,45354.78
batisseur,2026-07-16,VRSK,166.25103907,201.49,33497.92
batisseur,2026-07-16,WM,133.63624215,242.25,32373.38
batisseur,2026-07-16,ZM,183.31805683,92.92,17033.91
batisseur,2026-07-17,AMZN,219.33832937,247.23,54227.01
batisseur,2026-07-17,AVGO,71.73876084,370.83,26602.88
batisseur,2026-07-17,BABA,302.43459852,114.97,34770.91
batisseur,2026-07-17,BSX,714.54090747,44.03,31461.24
batisseur,2026-07-17,CASH,-18.54,1.0,-18.54
batisseur,2026-07-17,CRCL,175.14668535,60.46,10589.37
batisseur,2026-07-17,CSGP,571.12965637,29.78,17008.24
batisseur,2026-07-17,CSU.TO,38.63784004,1997.6891,77186.39
batisseur,2026-07-17,DPZ,60.28999488,322.18,19424.23
batisseur,2026-07-17,EL.PA,144.83315413,190.7977,27633.84
batisseur,2026-07-17,FICO,28.13546288,1257.11,35369.37
batisseur,2026-07-17,IBE.MC,865.44999242,24.3218,21049.34
batisseur,2026-07-17,ISRG,66.46284727,345.42,22957.6
batisseur,2026-07-17,JPM,145.4427925,341.1,49610.54
batisseur,2026-07-17,LLY,50.56276356,1179.11,59619.06
batisseur,2026-07-17,MA,41.22511357,543.6,22409.97
batisseur,2026-07-17,MELI,27.51319106,1813.91,49906.45
batisseur,2026-07-17,META,99.18011108,646.01,64071.34
batisseur,2026-07-17,MSFT,97.2337012,393.82,38292.58
batisseur,2026-07-17,NOW,242.66456714,103.24,25052.69
batisseur,2026-07-17,NVDA,407.12468193,202.81,82568.96
batisseur,2026-07-17,NVO,668.5981725,50.32,33643.86
batisseur,2026-07-17,RMS.PA,10.23441313,1924.0013,19691.02
batisseur,2026-07-17,STZ,133.51134846,132.87,17739.65
batisseur,2026-07-17,ULTA,56.33485437,479.57,27016.51
batisseur,2026-07-17,V,124.21202994,358.56,44537.47
batisseur,2026-07-17,VRSK,166.25103907,200.68,33363.26
batisseur,2026-07-17,WM,133.63624215,239.31,31980.49
batisseur,2026-07-17,ZM,183.31805683,91.13,16705.77
batisseur,2026-07-18,AMZN,219.33832937,247.23,54227.01
batisseur,2026-07-18,AVGO,71.73876084,370.83,26602.88
batisseur,2026-07-18,BABA,302.43459852,114.97,34770.91
batisseur,2026-07-18,BSX,714.54090747,44.03,31461.24
batisseur,2026-07-18,CASH,-18.54,1.0,-18.54
batisseur,2026-07-18,CRCL,175.14668535,60.46,10589.37
batisseur,2026-07-18,CSGP,571.12965637,29.78,17008.24
batisseur,2026-07-18,CSU.TO,38.63784004,1997.6891,77186.39
batisseur,2026-07-18,DPZ,60.28999488,322.18,19424.23
batisseur,2026-07-18,EL.PA,144.83315413,190.7977,27633.84
batisseur,2026-07-18,FICO,28.13546288,1257.11,35369.37
batisseur,2026-07-18,IBE.MC,865.44999242,24.3218,21049.34
batisseur,2026-07-18,ISRG,66.46284727,345.42,22957.6
batisseur,2026-07-18,JPM,145.4427925,341.1,49610.54
batisseur,2026-07-18,LLY,50.56276356,1179.11,59619.06
batisseur,2026-07-18,MA,41.22511357,543.6,22409.97
batisseur,2026-07-18,MELI,27.51319106,1813.91,49906.45
batisseur,2026-07-18,META,99.18011108,646.01,64071.34
batisseur,2026-07-18,MSFT,97.2337012,393.82,38292.58
batisseur,2026-07-18,NOW,242.66456714,103.24,25052.69
batisseur,2026-07-18,NVDA,407.12468193,202.81,82568.96
batisseur,2026-07-18,NVO,668.5981725,50.32,33643.86
batisseur,2026-07-18,RMS.PA,10.23441313,1924.0013,19691.02
batisseur,2026-07-18,STZ,133.51134846,132.87,17739.65
batisseur,2026-07-18,ULTA,56.33485437,479.57,27016.51
batisseur,2026-07-18,V,124.21202994,358.56,44537.47
batisseur,2026-07-18,VRSK,166.25103907,200.68,33363.26
batisseur,2026-07-18,WM,133.63624215,239.31,31980.49
batisseur,2026-07-18,ZM,183.31805683,91.13,16705.77
batisseur,2026-07-19,AMZN,219.33832937,247.23,54227.01
batisseur,2026-07-19,AVGO,71.73876084,370.83,26602.88
batisseur,2026-07-19,BABA,302.43459852,114.97,34770.91
batisseur,2026-07-19,BSX,714.54090747,44.03,31461.24
batisseur,2026-07-19,CASH,-18.54,1.0,-18.54
batisseur,2026-07-19,CRCL,175.14668535,60.46,10589.37
batisseur,2026-07-19,CSGP,571.12965637,29.78,17008.24
batisseur,2026-07-19,CSU.TO,38.63784004,1997.86,77193.0
batisseur,2026-07-19,DPZ,60.28999488,322.18,19424.23
batisseur,2026-07-19,EL.PA,144.83315413,190.5143,27592.79
batisseur,2026-07-19,FICO,28.13546288,1257.11,35369.37
batisseur,2026-07-19,IBE.MC,865.44999242,24.2857,21018.07
batisseur,2026-07-19,ISRG,66.46284727,345.42,22957.6
batisseur,2026-07-19,JPM,145.4427925,341.1,49610.54
batisseur,2026-07-19,LLY,50.56276356,1179.11,59619.06
batisseur,2026-07-19,MA,41.22511357,543.6,22409.97
batisseur,2026-07-19,MELI,27.51319106,1813.91,49906.45
batisseur,2026-07-19,META,99.18011108,646.01,64071.34
batisseur,2026-07-19,MSFT,97.2337012,393.82,38292.58
batisseur,2026-07-19,NOW,242.66456714,103.24,25052.69
batisseur,2026-07-19,NVDA,407.12468193,202.81,82568.96
batisseur,2026-07-19,NVO,668.5981725,50.32,33643.86
batisseur,2026-07-19,RMS.PA,10.23441313,1921.1429,19661.77
batisseur,2026-07-19,STZ,133.51134846,132.87,17739.65
batisseur,2026-07-19,ULTA,56.33485437,479.57,27016.51
batisseur,2026-07-19,V,124.21202994,358.56,44537.47
batisseur,2026-07-19,VRSK,166.25103907,200.68,33363.26
batisseur,2026-07-19,WM,133.63624215,239.31,31980.49
batisseur,2026-07-19,ZM,183.31805683,91.13,16705.77
batisseur,2026-07-20,AMZN,219.33832937,249.99,54832.39
batisseur,2026-07-20,AVGO,71.73876084,378.16,27128.73
batisseur,2026-07-20,BABA,302.43459852,120.34,36394.98
batisseur,2026-07-20,BSX,714.54090747,43.77,31275.46
batisseur,2026-07-20,CASH,-18.54,1.0,-18.54
batisseur,2026-07-20,CRCL,175.14668535,65.45,11463.35
batisseur,2026-07-20,CSGP,571.12965637,29.68,16951.13
batisseur,2026-07-20,CSU.TO,38.63784004,1971.0003,76155.19
batisseur,2026-07-20,DPZ,60.28999488,328.97,19833.6
batisseur,2026-07-20,EL.PA,144.83315413,191.8472,27785.84
batisseur,2026-07-20,FICO,28.13546288,1263.83,35558.44
batisseur,2026-07-20,IBE.MC,865.44999242,24.2645,20999.75
batisseur,2026-07-20,ISRG,66.46284727,353.17,23472.68
batisseur,2026-07-20,JPM,145.4427925,338.87,49286.2
batisseur,2026-07-20,LLY,50.56276356,1146.9,57990.43
batisseur,2026-07-20,MA,41.22511357,547.44,22568.28
batisseur,2026-07-20,MELI,27.51319106,1832.42,50415.72
batisseur,2026-07-20,META,99.18011108,645.85,64055.47
batisseur,2026-07-20,MSFT,97.2337012,402.29,39116.15
batisseur,2026-07-20,NOW,242.66456714,104.7,25406.98
batisseur,2026-07-20,NVDA,407.12468193,203.28,82760.3
batisseur,2026-07-20,NVO,668.5981725,49.61,33169.16
batisseur,2026-07-20,RMS.PA,10.23441313,1911.0605,19558.58
batisseur,2026-07-20,STZ,133.51134846,134.36,17938.58
batisseur,2026-07-20,ULTA,56.33485437,488.08,27495.91
batisseur,2026-07-20,V,124.21202994,360.57,44787.13
batisseur,2026-07-20,VRSK,166.25103907,201.79,33547.8
batisseur,2026-07-20,WM,133.63624215,239.05,31945.74
batisseur,2026-07-20,ZM,183.31805683,90.91,16665.45
batisseur,2026-07-21,AMZN,219.33832937,247.55,54297.2
batisseur,2026-07-21,AVGO,71.73876084,386.5,27727.03
batisseur,2026-07-21,BABA,302.43459852,117.97,35678.21
batisseur,2026-07-21,BSX,714.54090747,43.19,30861.02
batisseur,2026-07-21,CASH,-18.54,1.0,-18.54
batisseur,2026-07-21,CRCL,175.14668535,71.08,12449.43
batisseur,2026-07-21,CSGP,571.12965637,28.5,16277.2
batisseur,2026-07-21,CSU.TO,38.63784004,1887.2286,72918.44
batisseur,2026-07-21,DPZ,60.28999488,326.34,19675.04
batisseur,2026-07-21,EL.PA,144.83315413,189.3758,27427.89
batisseur,2026-07-21,FICO,28.13546288,1227.34,34531.78
batisseur,2026-07-21,IBE.MC,865.44999242,24.3296,21056.02
batisseur,2026-07-21,ISRG,66.46284727,350.06,23265.98
batisseur,2026-07-21,JPM,145.4427925,345.23,50211.22
batisseur,2026-07-21,LLY,50.56276356,1175.41,59431.98
batisseur,2026-07-21,MA,41.22511357,538.3,22191.48
batisseur,2026-07-21,MELI,27.51319106,1822.65,50146.92
batisseur,2026-07-21,META,99.18011108,643.81,63853.15
batisseur,2026-07-21,MSFT,97.2337012,397.75,38674.7
batisseur,2026-07-21,NOW,242.66456714,102.06,24766.35
batisseur,2026-07-21,NVDA,407.12468193,207.29,84392.87
batisseur,2026-07-21,NVO,668.5981725,49.38,33015.38
batisseur,2026-07-21,RMS.PA,10.23441313,1918.2928,19632.6
batisseur,2026-07-21,STZ,133.51134846,130.66,17444.59
batisseur,2026-07-21,ULTA,56.33485437,489.47,27574.22
batisseur,2026-07-21,V,124.21202994,355.82,44197.13
batisseur,2026-07-21,VRSK,166.25103907,195.25,32460.52
batisseur,2026-07-21,WM,133.63624215,233.18,31161.3
batisseur,2026-07-21,ZM,183.31805683,89.77,16456.46
batisseur,2026-07-22,AMZN,219.33832937,244.85,53704.99
batisseur,2026-07-22,AVGO,71.73876084,396.81,28466.66
batisseur,2026-07-22,BABA,302.43459852,116.56,35251.78
batisseur,2026-07-22,BSX,714.54090747,42.97,30703.82
batisseur,2026-07-22,CASH,-18.54,1.0,-18.54
batisseur,2026-07-22,CRCL,175.14668535,66.16,11587.71
batisseur,2026-07-22,CSGP,571.12965637,27.69,15814.58
batisseur,2026-07-22,CSU.TO,38.63784004,1848.2887,71413.88
batisseur,2026-07-22,DPZ,60.28999488,319.83,19282.55
batisseur,2026-07-22,EL.PA,144.83315413,187.1372,27103.67
batisseur,2026-07-22,FICO,28.13546288,1221.47,34366.62
batisseur,2026-07-22,IBE.MC,865.44999242,24.2117,20954.04
batisseur,2026-07-22,ISRG,66.46284727,340.69,22643.23
batisseur,2026-07-22,JPM,145.4427925,348.21,50644.63
batisseur,2026-07-22,LLY,50.56276356,1163.01,58805.0
batisseur,2026-07-22,MA,41.22511357,531.98,21930.94
batisseur,2026-07-22,MELI,27.51319106,1799.21,49502.01
batisseur,2026-07-22,META,99.18011108,627.17,62202.79
batisseur,2026-07-22,MSFT,97.2337012,390.34,37954.2
batisseur,2026-07-22,NOW,242.66456714,95.46,23164.76
batisseur,2026-07-22,NVDA,407.12468193,212.06,86334.86
batisseur,2026-07-22,NVO,668.5981725,48.19,32219.75
batisseur,2026-07-22,RMS.PA,10.23441313,1911.7816,19565.96
batisseur,2026-07-22,STZ,133.51134846,132.08,17634.18
batisseur,2026-07-22,ULTA,56.33485437,483.52,27239.03
batisseur,2026-07-22,V,124.21202994,353.42,43899.02
batisseur,2026-07-22,VRSK,166.25103907,192.28,31966.75
batisseur,2026-07-22,WM,133.63624215,236.38,31588.94
batisseur,2026-07-22,ZM,183.31805683,85.81,15730.52
batisseur,2026-07-23,AMZN,219.33832937,233.66,51250.59
batisseur,2026-07-23,AVGO,71.73876084,392.47,28155.31
batisseur,2026-07-23,BABA,302.43459852,114.06,34495.69
batisseur,2026-07-23,BSX,714.54090747,43.58,31139.69
batisseur,2026-07-23,CASH,-18.54,1.0,-18.54
batisseur,2026-07-23,CRCL,175.14668535,62.18,10890.62
batisseur,2026-07-23,CSGP,571.12965637,27.14,15500.46
batisseur,2026-07-23,CSU.TO,38.63784004,1820.6147,70344.62
batisseur,2026-07-23,DPZ,60.28999488,323.25,19488.74
batisseur,2026-07-23,EL.PA,144.83315413,184.1656,26673.29
batisseur,2026-07-23,FICO,28.13546288,1206.1899,33936.71
batisseur,2026-07-23,IBE.MC,865.44999242,23.9563,20733.0
batisseur,2026-07-23,ISRG,66.46284727,332.02,22066.99
batisseur,2026-07-23,JPM,145.4427925,349.9,50890.43
batisseur,2026-07-23,LLY,50.56276356,1185.87,59960.86
batisseur,2026-07-23,MA,41.22511357,530.29,21861.26
batisseur,2026-07-23,MELI,27.51319106,1798.7,49487.98
batisseur,2026-07-23,META,99.18011108,606.1,60113.06
batisseur,2026-07-23,MSFT,97.2337012,381.58,37102.43
batisseur,2026-07-23,NOW,242.66456714,91.94,22310.58
batisseur,2026-07-23,NVDA,407.12468193,208.76,84991.35
batisseur,2026-07-23,NVO,668.5981725,48.18,32213.06
batisseur,2026-07-23,RMS.PA,10.23441313,1845.6375,18889.02
batisseur,2026-07-23,STZ,133.51134846,129.27,17259.01
batisseur,2026-07-23,ULTA,56.33485437,477.96,26925.81
batisseur,2026-07-23,V,124.21202994,351.6,43672.95
batisseur,2026-07-23,VRSK,166.25103907,193.17,32114.71
batisseur,2026-07-23,WM,133.63624215,237.27,31707.87
batisseur,2026-07-23,ZM,183.31805683,84.11,15418.88
batisseur,2026-07-24,AMZN,219.33832937,232.11,50910.62
batisseur,2026-07-24,AVGO,71.73876084,381.92,27398.47
batisseur,2026-07-24,BABA,302.43459852,112.14,33915.02
batisseur,2026-07-24,BSX,714.54090747,44.25,31618.44
batisseur,2026-07-24,CASH,-18.54,1.0,-18.54
batisseur,2026-07-24,CRCL,175.14668535,62.36,10922.15
batisseur,2026-07-24,CSGP,571.12965637,27.66,15797.45
batisseur,2026-07-24,CSU.TO,38.63784004,1892.7335,73131.13
batisseur,2026-07-24,DPZ,60.28999488,332.97,20074.76
batisseur,2026-07-24,EL.PA,144.83315413,185.9857,26936.89
batisseur,2026-07-24,FICO,28.13546288,1237.37,34813.98
batisseur,2026-07-24,IBE.MC,865.44999242,24.1269,20880.67
batisseur,2026-07-24,ISRG,66.46284727,337.5,22431.21
batisseur,2026-07-24,JPM,145.4427925,353.21,51371.85
batisseur,2026-07-24,LLY,50.56276356,1196.03,60474.58
batisseur,2026-07-24,MA,41.22511357,539.66,22247.54
batisseur,2026-07-24,MELI,27.51319106,1801.4399,49563.36
batisseur,2026-07-24,META,99.18011108,595.19,59031.01
batisseur,2026-07-24,MSFT,97.2337012,381.7,37114.1
batisseur,2026-07-24,NOW,242.66456714,98.78,23970.41
batisseur,2026-07-24,NVDA,407.12468193,206.84,84209.67
batisseur,2026-07-24,NVO,668.5981725,48.77,32607.53
batisseur,2026-07-24,RMS.PA,10.23441313,1868.9568,19127.68
batisseur,2026-07-24,STZ,133.51134846,130.16,17377.84
batisseur,2026-07-24,ULTA,56.33485437,475.36,26779.34
batisseur,2026-07-24,V,124.21202994,355.74,44187.19
batisseur,2026-07-24,VRSK,166.25103907,201.34,33472.98
batisseur,2026-07-24,WM,133.63624215,238.75,31905.65
batisseur,2026-07-24,ZM,183.31805683,87.99,16130.16
batisseur,2026-07-25,AMZN,219.33832937,232.11,50910.62
batisseur,2026-07-25,AVGO,71.73876084,381.92,27398.47
batisseur,2026-07-25,BABA,302.43459852,112.14,33915.02
batisseur,2026-07-25,BSX,714.54090747,44.25,31618.44
batisseur,2026-07-25,CASH,-18.54,1.0,-18.54
batisseur,2026-07-25,CRCL,175.14668535,62.36,10922.15
batisseur,2026-07-25,CSGP,571.12965637,27.66,15797.45
batisseur,2026-07-25,CSU.TO,38.63784004,1892.7335,73131.13
batisseur,2026-07-25,DPZ,60.28999488,332.97,20074.76
batisseur,2026-07-25,EL.PA,144.83315413,185.9857,26936.89
batisseur,2026-07-25,FICO,28.13546288,1237.37,34813.98
batisseur,2026-07-25,IBE.MC,865.44999242,24.1269,20880.67
batisseur,2026-07-25,ISRG,66.46284727,337.5,22431.21
batisseur,2026-07-25,JPM,145.4427925,353.21,51371.85
batisseur,2026-07-25,LLY,50.56276356,1196.03,60474.58
batisseur,2026-07-25,MA,41.22511357,539.66,22247.54
batisseur,2026-07-25,MELI,27.51319106,1801.4399,49563.36
batisseur,2026-07-25,META,99.18011108,595.19,59031.01
batisseur,2026-07-25,MSFT,97.2337012,381.7,37114.1
batisseur,2026-07-25,NOW,242.66456714,98.78,23970.41
batisseur,2026-07-25,NVDA,407.12468193,206.84,84209.67
batisseur,2026-07-25,NVO,668.5981725,48.77,32607.53
batisseur,2026-07-25,RMS.PA,10.23441313,1868.9568,19127.68
batisseur,2026-07-25,STZ,133.51134846,130.16,17377.84
batisseur,2026-07-25,ULTA,56.33485437,475.36,26779.34
batisseur,2026-07-25,V,124.21202994,355.74,44187.19
batisseur,2026-07-25,VRSK,166.25103907,201.34,33472.98
batisseur,2026-07-25,WM,133.63624215,238.75,31905.65
batisseur,2026-07-25,ZM,183.31805683,87.99,16130.16
batisseur,2026-07-26,AMZN,219.33832937,232.11,50910.62
batisseur,2026-07-26,AVGO,71.73876084,381.92,27398.47
batisseur,2026-07-26,BABA,302.43459852,112.14,33915.02
batisseur,2026-07-26,BSX,714.54090747,44.25,31618.44
batisseur,2026-07-26,CASH,-18.54,1.0,-18.54
batisseur,2026-07-26,CRCL,175.14668535,62.36,10922.15
batisseur,2026-07-26,CSGP,571.12965637,27.66,15797.45
batisseur,2026-07-26,CSU.TO,38.63784004,1893.5262,73161.76
batisseur,2026-07-26,DPZ,60.28999488,332.97,20074.76
batisseur,2026-07-26,EL.PA,144.83315413,186.3036,26982.93
batisseur,2026-07-26,FICO,28.13546288,1237.37,34813.98
batisseur,2026-07-26,IBE.MC,865.44999242,24.1682,20916.36
batisseur,2026-07-26,ISRG,66.46284727,337.5,22431.21
batisseur,2026-07-26,JPM,145.4427925,353.21,51371.85
batisseur,2026-07-26,LLY,50.56276356,1196.03,60474.58
batisseur,2026-07-26,MA,41.22511357,539.66,22247.54
batisseur,2026-07-26,MELI,27.51319106,1801.4399,49563.36
batisseur,2026-07-26,META,99.18011108,595.19,59031.01
batisseur,2026-07-26,MSFT,97.2337012,381.7,37114.1
batisseur,2026-07-26,NOW,242.66456714,98.78,23970.41
batisseur,2026-07-26,NVDA,407.12468193,206.84,84209.67
batisseur,2026-07-26,NVO,668.5981725,48.77,32607.53
batisseur,2026-07-26,RMS.PA,10.23441313,1872.1513,19160.37
batisseur,2026-07-26,STZ,133.51134846,130.16,17377.84
batisseur,2026-07-26,ULTA,56.33485437,475.36,26779.34
batisseur,2026-07-26,V,124.21202994,355.74,44187.19
batisseur,2026-07-26,VRSK,166.25103907,201.34,33472.98
batisseur,2026-07-26,WM,133.63624215,238.75,31905.65
batisseur,2026-07-26,ZM,183.31805683,87.99,16130.16
batisseur,2026-07-27,AMZN,219.33832937,231.39,50752.7
batisseur,2026-07-27,AVGO,71.73876084,383.22,27491.73
batisseur,2026-07-27,BABA,302.43459852,115.0,34779.98
batisseur,2026-07-27,BSX,714.54090747,45.51,32518.76
batisseur,2026-07-27,CASH,-18.54,1.0,-18.54
batisseur,2026-07-27,CRCL,175.14668535,65.67,11501.88
batisseur,2026-07-27,CSGP,571.12965637,29.17,16659.85
batisseur,2026-07-27,CSU.TO,38.63784004,2021.7904,78117.61
batisseur,2026-07-27,DPZ,60.28999488,343.53,20711.42
batisseur,2026-07-27,EL.PA,144.83315413,189.8531,27497.02
batisseur,2026-07-27,FICO,28.13546288,1280.5699,36029.43
batisseur,2026-07-27,IBE.MC,865.44999242,24.3687,21089.88
batisseur,2026-07-27,ISRG,66.46284727,356.83,23715.94
batisseur,2026-07-27,JPM,145.4427925,356.2,51806.72
batisseur,2026-07-27,LLY,50.56276356,1197.53,60550.43
batisseur,2026-07-27,MA,41.22511357,551.71,22744.31
batisseur,2026-07-27,MELI,27.51319106,1819.74,50066.85
batisseur,2026-07-27,META,99.18011108,593.87,58900.09
batisseur,2026-07-27,MSFT,97.2337012,389.1,37833.63
batisseur,2026-07-27,NOW,242.66456714,105.56,25615.67
batisseur,2026-07-27,NVDA,407.12468193,196.51,80004.07
batisseur,2026-07-27,NVO,668.5981725,49.67,33209.27
batisseur,2026-07-27,RMS.PA,10.23441313,1904.27,19489.09
batisseur,2026-07-27,STZ,133.51134846,129.71,17317.76
batisseur,2026-07-27,ULTA,56.33485437,480.51,27069.46
batisseur,2026-07-27,V,124.21202994,362.53,45030.59
batisseur,2026-07-27,VRSK,166.25103907,206.66,34357.44
batisseur,2026-07-27,WM,133.63624215,237.9,31792.06
batisseur,2026-07-27,ZM,183.31805683,91.22,16722.27
batisseur,2026-07-28,AMZN,219.33832937,230.86,50636.45
batisseur,2026-07-28,AVGO,71.73876084,380.91,27326.01
batisseur,2026-07-28,BABA,302.43459852,115.19,34837.44
batisseur,2026-07-28,BSX,714.54090747,46.06,32911.76
batisseur,2026-07-28,CASH,-18.54,1.0,-18.54
batisseur,2026-07-28,CRCL,175.14668535,64.32,11265.43
batisseur,2026-07-28,CSGP,571.12965637,30.33,17322.36
batisseur,2026-07-28,CSU.TO,38.63784004,2152.4374,83165.53
batisseur,2026-07-28,DPZ,60.28999488,350.47,21129.83
batisseur,2026-07-28,EL.PA,144.83315413,193.5836,28037.32
batisseur,2026-07-28,FICO,28.13546288,1336.22,37595.17
batisseur,2026-07-28,IBE.MC,865.44999242,23.9899,20762.06
batisseur,2026-07-28,ISRG,66.46284727,361.8,24046.26
batisseur,2026-07-28,JPM,145.4427925,357.31,51968.16
batisseur,2026-07-28,LLY,50.56276356,1220.66,61719.94
batisseur,2026-07-28,MA,41.22511357,562.75,23199.43
batisseur,2026-07-28,MELI,27.51319106,1862.52,51243.87
batisseur,2026-07-28,META,99.18011108,593.41,58854.47
batisseur,2026-07-28,MSFT,97.2337012,393.35,38246.88
batisseur,2026-07-28,NOW,242.66456714,110.62,26843.56
batisseur,2026-07-28,NVDA,407.12468193,197.01,80207.63
batisseur,2026-07-28,NVO,668.5981725,50.96,34071.76
batisseur,2026-07-28,RMS.PA,10.23441313,1946.1662,19917.87
batisseur,2026-07-28,STZ,133.51134846,132.02,17626.17
batisseur,2026-07-28,ULTA,56.33485437,501.52,28253.06
batisseur,2026-07-28,V,124.21202994,366.59,45534.89
batisseur,2026-07-28,VRSK,166.25103907,212.26,35288.44
batisseur,2026-07-28,WM,133.63624215,239.41,31993.85
batisseur,2026-07-28,ZM,183.31805683,91.48,16769.94
batisseur,2026-07-29,AMZN,219.33832937,226.65,49713.03
batisseur,2026-07-29,AVGO,71.73876084,370.32,26566.3
batisseur,2026-07-29,BABA,302.43459852,115.03,34789.05
batisseur,2026-07-29,BSX,714.54090747,46.04,32897.46
batisseur,2026-07-29,CASH,-18.54,1.0,-18.54
batisseur,2026-07-29,CRCL,175.14668535,61.36,10747.0
batisseur,2026-07-29,CSGP,571.12965637,29.83,17036.8
batisseur,2026-07-29,CSU.TO,38.63784004,2224.8619,85963.86
batisseur,2026-07-29,DPZ,60.28999488,360.0,21704.4
batisseur,2026-07-29,EL.PA,144.83315413,190.339,27567.39
batisseur,2026-07-29,FICO,28.13546288,1373.08,38632.24
batisseur,2026-07-29,IBE.MC,865.44999242,23.7607,20563.67
batisseur,2026-07-29,ISRG,66.46284727,353.1,23468.03
batisseur,2026-07-29,JPM,145.4427925,344.71,50135.58
batisseur,2026-07-29,LLY,50.56276356,1210.02,61181.96
batisseur,2026-07-29,MA,41.22511357,563.32,23222.93
batisseur,2026-07-29,MELI,27.51319106,1863.3101,51265.61
batisseur,2026-07-29,META,99.18011108,585.61,58080.86
batisseur,2026-07-29,MSFT,97.2337012,390.54,37973.65
batisseur,2026-07-29,NOW,242.66456714,115.76,28090.85
batisseur,2026-07-29,NVDA,407.12468193,190.01,77357.76
batisseur,2026-07-29,NVO,668.5981725,51.58,34486.29
batisseur,2026-07-29,RMS.PA,10.23441313,1739.1054,17798.72
batisseur,2026-07-29,STZ,133.51134846,131.75,17590.12
batisseur,2026-07-29,ULTA,56.33485437,508.09,28623.18
batisseur,2026-07-29,V,124.21202994,368.73,45800.7
batisseur,2026-07-29,VRSK,166.25103907,213.15,35436.41
batisseur,2026-07-29,WM,133.63624215,236.6,31618.34
batisseur,2026-07-29,ZM,183.31805683,92.41,16940.42
batisseur,2026-07-30,AMZN,219.33832937,235.5,51654.18
batisseur,2026-07-30,AVGO,71.73876084,387.84,27823.16
batisseur,2026-07-30,BABA,302.43459852,116.32,35179.19
batisseur,2026-07-30,BSX,714.54090747,46.0,32868.88
batisseur,2026-07-30,CASH,-18.54,1.0,-18.54
batisseur,2026-07-30,CRCL,175.14668535,64.24,11251.42
batisseur,2026-07-30,CSGP,571.12965637,29.46,16825.48
batisseur,2026-07-30,CSU.TO,38.63784004,2154.541,83246.81
batisseur,2026-07-30,DPZ,60.28999488,352.25,21237.15
batisseur,2026-07-30,EL.PA,144.83315413,188.5879,27313.78
batisseur,2026-07-30,FICO,28.13546288,1139.54,32061.49
batisseur,2026-07-30,IBE.MC,865.44999242,23.6542,20471.51
batisseur,2026-07-30,ISRG,66.46284727,352.97,23459.39
batisseur,2026-07-30,JPM,145.4427925,350.85,51028.6
batisseur,2026-07-30,LLY,50.56276356,1154.97,58398.47
batisseur,2026-07-30,MA,41.22511357,577.35,23801.32
batisseur,2026-07-30,MELI,27.51319106,1885.73,51882.45
batisseur,2026-07-30,META,99.18011108,539.03,53461.06
batisseur,2026-07-30,MSFT,97.2337012,451.1,43862.12
batisseur,2026-07-30,NOW,242.66456714,110.07,26710.09
batisseur,2026-07-30,NVDA,407.12468193,195.04,79405.6
batisseur,2026-07-30,NVO,668.5981725,51.61,34506.35
batisseur,2026-07-30,RMS.PA,10.23441313,1787.3199,18292.17
batisseur,2026-07-30,STZ,133.51134846,130.38,17407.21
batisseur,2026-07-30,ULTA,56.33485437,516.73,29109.91
batisseur,2026-07-30,V,124.21202994,366.27,45495.14
batisseur,2026-07-30,VRSK,166.25103907,200.35,33308.4
batisseur,2026-07-30,WM,133.63624215,226.33,30245.89
batisseur,2026-07-30,ZM,183.31805683,92.32,16923.92
batisseur,2026-07-31,AMZN,219.33832937,271.58,59567.9
batisseur,2026-07-31,AVGO,71.73876084,389.28,27926.46
batisseur,2026-07-31,BABA,302.43459852,122.25,36972.63
batisseur,2026-07-31,BSX,714.54090747,46.73,33390.5
batisseur,2026-07-31,CASH,-18.54,1.0,-18.54
batisseur,2026-07-31,CRCL,175.14668535,62.61,10965.93
batisseur,2026-07-31,CSGP,571.12965637,28.76,16425.69
batisseur,2026-07-31,CSU.TO,38.63784004,2143.9209,82836.47
batisseur,2026-07-31,DPZ,60.28999488,347.44,20947.16
batisseur,2026-07-31,EL.PA,144.83315413,189.4561,27439.52
batisseur,2026-07-31,FICO,28.13546288,1122.97,31595.28
batisseur,2026-07-31,IBE.MC,865.44999242,23.848,20639.27
batisseur,2026-07-31,ISRG,66.46284727,353.33,23483.32
batisseur,2026-07-31,JPM,145.4427925,351.79,51165.32
batisseur,2026-07-31,LLY,50.56276356,1148.84,58088.52
batisseur,2026-07-31,MA,41.22511357,573.1,23626.11
batisseur,2026-07-31,MELI,27.51319106,1877.95,51668.4
batisseur,2026-07-31,META,99.18011108,556.71,55214.56
batisseur,2026-07-31,MSFT,97.2337012,464.72,45186.45
batisseur,2026-07-31,NOW,242.66456714,111.23,26991.58
batisseur,2026-07-31,NVDA,407.12468193,200.75,81730.28
batisseur,2026-07-31,NVO,668.5981725,47.08,31477.6
batisseur,2026-07-31,RMS.PA,10.23441313,1768.68,18101.4
batisseur,2026-07-31,STZ,133.51134846,130.23,17387.18
batisseur,2026-07-31,ULTA,56.33485437,512.83,28890.2
batisseur,2026-07-31,V,124.21202994,366.13,45477.75
batisseur,2026-07-31,VRSK,166.25103907,194.85,32394.02
batisseur,2026-07-31,WM,133.63624215,226.55,30275.29
batisseur,2026-07-31,ZM,183.31805683,96.07,17611.37
batisseur,2026-08-01,AMZN,219.33832937,271.58,59567.9
batisseur,2026-08-01,AVGO,71.73876084,389.28,27926.46
batisseur,2026-08-01,BABA,302.43459852,122.25,36972.63
batisseur,2026-08-01,BSX,714.54090747,46.73,33390.5
batisseur,2026-08-01,CASH,-18.54,1.0,-18.54
batisseur,2026-08-01,CRCL,175.14668535,62.61,10965.93
batisseur,2026-08-01,CSGP,571.12965637,28.76,16425.69
batisseur,2026-08-01,CSU.TO,38.63784004,2143.0947,82804.55
batisseur,2026-08-01,DPZ,60.28999488,347.44,20947.16
batisseur,2026-08-01,EL.PA,144.83315413,189.4561,27439.52
batisseur,2026-08-01,FICO,28.13546288,1122.97,31595.28
batisseur,2026-08-01,IBE.MC,865.44999242,23.848,20639.27
batisseur,2026-08-01,ISRG,66.46284727,353.33,23483.32
batisseur,2026-08-01,JPM,145.4427925,351.79,51165.32
batisseur,2026-08-01,LLY,50.56276356,1148.84,58088.52
batisseur,2026-08-01,MA,41.22511357,573.1,23626.11
batisseur,2026-08-01,MELI,27.51319106,1877.95,51668.4
batisseur,2026-08-01,META,99.18011108,556.71,55214.56
batisseur,2026-08-01,MSFT,97.2337012,464.72,45186.45
batisseur,2026-08-01,NOW,242.66456714,111.23,26991.58
batisseur,2026-08-01,NVDA,407.12468193,200.75,81730.28
batisseur,2026-08-01,NVO,668.5981725,47.08,31477.6
batisseur,2026-08-01,RMS.PA,10.23441313,1768.68,18101.4
batisseur,2026-08-01,STZ,133.51134846,130.23,17387.18
batisseur,2026-08-01,ULTA,56.33485437,512.83,28890.2
batisseur,2026-08-01,V,124.21202994,366.13,45477.75
batisseur,2026-08-01,VRSK,166.25103907,194.85,32394.02
batisseur,2026-08-01,WM,133.63624215,226.55,30275.29
batisseur,2026-08-01,ZM,183.31805683,96.07,17611.37
batisseur,2026-08-02,AMZN,219.33832937,271.58,59567.9
batisseur,2026-08-02,AVGO,71.73876084,389.28,27926.46
batisseur,2026-08-02,BABA,302.43459852,122.25,36972.63
batisseur,2026-08-02,BSX,714.54090747,46.73,33390.5
batisseur,2026-08-02,CASH,-18.54,1.0,-18.54
batisseur,2026-08-02,CRCL,175.14668535,62.61,10965.93
batisseur,2026-08-02,CSGP,571.12965637,28.76,16425.69
batisseur,2026-08-02,CSU.TO,38.63784004,2143.6148,82824.65
batisseur,2026-08-02,DPZ,60.28999488,347.44,20947.16
batisseur,2026-08-02,EL.PA,144.83315413,189.4779,27442.69
batisseur,2026-08-02,FICO,28.13546288,1122.97,31595.28
batisseur,2026-08-02,IBE.MC,865.44999242,23.8508,20641.65
batisseur,2026-08-02,ISRG,66.46284727,353.33,23483.32
batisseur,2026-08-02,JPM,145.4427925,351.79,51165.32
batisseur,2026-08-02,LLY,50.56276356,1148.84,58088.52
batisseur,2026-08-02,MA,41.22511357,573.1,23626.11
batisseur,2026-08-02,MELI,27.51319106,1877.95,51668.4
batisseur,2026-08-02,META,99.18011108,556.71,55214.56
batisseur,2026-08-02,MSFT,97.2337012,464.72,45186.45
batisseur,2026-08-02,NOW,242.66456714,111.23,26991.58
batisseur,2026-08-02,NVDA,407.12468193,200.75,81730.28
batisseur,2026-08-02,NVO,668.5981725,47.08,31477.6
batisseur,2026-08-02,RMS.PA,10.23441313,1768.8843,18103.49
batisseur,2026-08-02,STZ,133.51134846,130.23,17387.18
batisseur,2026-08-02,ULTA,56.33485437,512.83,28890.2
batisseur,2026-08-02,V,124.21202994,366.13,45477.75
batisseur,2026-08-02,VRSK,166.25103907,194.85,32394.02
batisseur,2026-08-02,WM,133.63624215,226.55,30275.29
batisseur,2026-08-02,ZM,183.31805683,96.07,17611.37
batisseur,2026-08-03,AMZN,219.33832937,284.02,62296.47
batisseur,2026-08-03,AVGO,71.73876084,392.23,28138.09
batisseur,2026-08-03,BABA,302.43459852,127.3,38499.93
batisseur,2026-08-03,BSX,714.54090747,48.43,34605.22
batisseur,2026-08-03,CASH,-18.54,1.0,-18.54
batisseur,2026-08-03,CRCL,175.14668535,60.35,10570.1
batisseur,2026-08-03,CSGP,571.12965637,30.03,17151.02
batisseur,2026-08-03,CSU.TO,38.63784004,2135.1406,82497.22
batisseur,2026-08-03,DPZ,60.28999488,364.41,21970.28
batisseur,2026-08-03,EL.PA,144.83315413,195.6396,28335.11
batisseur,2026-08-03,FICO,28.13546288,1045.46,29414.5
batisseur,2026-08-03,IBE.MC,865.44999242,23.8205,20615.46
batisseur,2026-08-03,ISRG,66.46284727,375.41,24950.82
batisseur,2026-08-03,JPM,145.4427925,352.64,51288.95
batisseur,2026-08-03,LLY,50.56276356,1121.36,56699.06
batisseur,2026-08-03,MA,41.22511357,570.97,23538.3
batisseur,2026-08-03,MELI,27.51319106,1898.79,52241.77
batisseur,2026-08-03,META,99.18011108,590.24,58540.07
batisseur,2026-08-03,MSFT,97.2337012,487.65,47416.01
batisseur,2026-08-03,NOW,242.66456714,114.19,27709.87
batisseur,2026-08-03,NVDA,407.12468193,206.64,84128.24
batisseur,2026-08-03,NVO,668.5981725,47.09,31484.29
batisseur,2026-08-03,RMS.PA,10.23441313,1800.0923,18422.89
batisseur,2026-08-03,STZ,133.51134846,131.36,17538.05
batisseur,2026-08-03,ULTA,56.33485437,534.41,30105.91
batisseur,2026-08-03,V,124.21202994,365.67,45420.61
batisseur,2026-08-03,VRSK,166.25103907,193.11,32104.74
batisseur,2026-08-03,WM,133.63624215,226.43,30259.25
batisseur,2026-08-03,ZM,183.31805683,98.25,18011.0
batisseur,2026-08-04,AMZN,219.33832937,277.42,60848.84
batisseur,2026-08-04,AVGO,71.73876084,418.16,29998.28
batisseur,2026-08-04,BABA,302.43459852,128.99,39011.04
batisseur,2026-08-04,BSX,714.54090747,49.09,35076.81
batisseur,2026-08-04,CASH,-18.54,1.0,-18.54
batisseur,2026-08-04,CRCL,175.14668535,63.25,11078.03
batisseur,2026-08-04,CSGP,571.12965637,29.82,17031.09
batisseur,2026-08-04,CSU.TO,38.63784004,2302.0844,88947.57
batisseur,2026-08-04,DPZ,60.28999488,367.63,22164.41
batisseur,2026-08-04,EL.PA,144.83315413,197.087,28544.74
batisseur,2026-08-04,FICO,28.13546288,1046.99,29457.55
batisseur,2026-08-04,IBE.MC,865.44999242,23.7776,20578.32
batisseur,2026-08-04,ISRG,66.46284727,368.27,24476.27
batisseur,2026-08-04,JPM,145.4427925,357.52,51998.71
batisseur,2026-08-04,LLY,50.56276356,1115.6801,56411.87
batisseur,2026-08-04,MA,41.22511357,571.1,23543.66
batisseur,2026-08-04,MELI,27.51319106,1888.5,51958.66
batisseur,2026-08-04,META,99.18011108,587.94,58311.95
batisseur,2026-08-04,MSFT,97.2337012,492.81,47917.74
batisseur,2026-08-04,NOW,242.66456714,118.14,28668.39
batisseur,2026-08-04,NVDA,407.12468193,211.94,86286.01
batisseur,2026-08-04,NVO,668.5981725,44.28,29605.53
batisseur,2026-08-04,RMS.PA,10.23441313,1798.6359,18407.98
batisseur,2026-08-04,STZ,133.51134846,131.42,17546.06
batisseur,2026-08-04,ULTA,56.33485437,543.86,30638.27
batisseur,2026-08-04,V,124.21202994,369.59,45907.52
batisseur,2026-08-04,VRSK,166.25103907,192.8,32053.2
batisseur,2026-08-04,WM,133.63624215,225.25,30101.56
batisseur,2026-08-04,ZM,183.31805683,102.12,18720.44
batisseur,2026-08-05,AMZN,219.33832937,272.65,59802.59
batisseur,2026-08-05,AVGO,71.73876084,418.28,30006.89
batisseur,2026-08-05,BABA,302.43459852,128.53,38871.92
batisseur,2026-08-05,BSX,714.54090747,47.74,34112.18
batisseur,2026-08-05,CASH,-18.54,1.0,-18.54
batisseur,2026-08-05,CRCL,175.14668535,63.28,11083.28
batisseur,2026-08-05,CSGP,571.12965637,30.21,17253.83
batisseur,2026-08-05,CSU.TO,38.63784004,2243.9516,86701.44
batisseur,2026-08-05,DPZ,60.28999488,366.61,22102.91
batisseur,2026-08-05,EL.PA,144.83315413,197.5686,28614.48
batisseur,2026-08-05,FICO,28.13546288,1091.55,30711.27
batisseur,2026-08-05,IBE.MC,865.44999242,23.7151,20524.27
batisseur,2026-08-05,ISRG,66.46284727,375.2,24936.86
batisseur,2026-08-05,JPM,145.4427925,359.24,52248.87
batisseur,2026-08-05,LLY,50.56276356,1169.86,59151.35
batisseur,2026-08-05,MA,41.22511357,570.48,23518.1
batisseur,2026-08-05,MELI,27.51319106,1922.5699,52896.03
batisseur,2026-08-05,META,99.18011108,588.77,58394.28
batisseur,2026-08-05,MSFT,97.2337012,487.46,47397.54
batisseur,2026-08-05,NOW,242.66456714,117.22,28445.14
batisseur,2026-08-05,NVDA,407.12468193,219.22,89249.87
batisseur,2026-08-05,NVO,668.5981725,44.53,29772.68
batisseur,2026-08-05,RMS.PA,10.23441313,1781.5164,18232.78
batisseur,2026-08-05,STZ,133.51134846,130.64,17441.92
batisseur,2026-08-05,ULTA,56.33485437,539.47,30390.96
batisseur,2026-08-05,V,124.21202994,368.54,45777.1
batisseur,2026-08-05,VRSK,166.25103907,188.75,31379.88
batisseur,2026-08-05,WM,133.63624215,224.31,29975.95
batisseur,2026-08-05,ZM,183.31805683,100.64,18449.13
batisseur,2026-08-06,AMZN,219.33832937,272.26,59717.06
batisseur,2026-08-06,AVGO,71.73876084,420.57,30171.17
batisseur,2026-08-06,BABA,302.43459852,126.81,38351.73
batisseur,2026-08-06,BSX,714.54090747,49.3,35226.87
batisseur,2026-08-06,CASH,-18.54,1.0,-18.54
batisseur,2026-08-06,CRCL,175.14668535,63.28,11083.28
batisseur,2026-08-06,CSGP,571.12965637,29.58,16894.02
batisseur,2026-08-06,CSU.TO,38.63784004,2305.2956,89071.64
batisseur,2026-08-06,DPZ,60.28999488,358.43,21609.74
batisseur,2026-08-06,EL.PA,144.83315413,198.0576,28685.3
batisseur,2026-08-06,FICO,28.13546288,1031.89,29032.7
batisseur,2026-08-06,IBE.MC,865.44999242,23.9565,20733.18
batisseur,2026-08-06,ISRG,66.46284727,373.71,24837.83
batisseur,2026-08-06,JPM,145.4427925,356.3,51821.27
batisseur,2026-08-06,LLY,50.56276356,1191.9399,60267.78
batisseur,2026-08-06,MA,41.22511357,575.95,23743.6
batisseur,2026-08-06,MELI,27.51319106,1830.0,50349.14
batisseur,2026-08-06,META,99.18011108,589.9,58506.35
batisseur,2026-08-06,MSFT,97.2337012,499.86,48603.24
batisseur,2026-08-06,NOW,242.66456714,117.35,28476.69
batisseur,2026-08-06,NVDA,407.12468193,218.99,89156.24
batisseur,2026-08-06,NVO,668.5981725,45.97,30735.46
batisseur,2026-08-06,RMS.PA,10.23441313,1879.9861,19240.55
batisseur,2026-08-06,STZ,133.51134846,132.52,17692.92
batisseur,2026-08-06,ULTA,56.33485437,538.79,30352.65
batisseur,2026-08-06,V,124.21202994,370.47,46016.83
batisseur,2026-08-06,VRSK,166.25103907,189.75,31546.13
batisseur,2026-08-06,WM,133.63624215,229.01,30604.04
batisseur,2026-08-06,ZM,183.31805683,101.3,18570.12
batisseur,2026-08-07,AMZN,219.33832937,274.48,60203.99
batisseur,2026-08-07,AVGO,71.73876084,427.76,30686.97
batisseur,2026-08-07,BABA,302.43459852,128.41,38835.63
batisseur,2026-08-07,BSX,714.54090747,49.31,35234.01
batisseur,2026-08-07,CASH,-18.54,1.0,-18.54
batisseur,2026-08-07,CRCL,175.14668535,66.67,11677.03
batisseur,2026-08-07,CSGP,571.12965637,30.24,17270.96
batisseur,2026-08-07,CSU.TO,38.63784004,2311.3789,89306.69
batisseur,2026-08-07,DPZ,60.28999488,350.95,21158.77
batisseur,2026-08-07,EL.PA,144.83315413,199.2138,28852.76
batisseur,2026-08-07,FICO,28.13546288,1041.4,29300.27
batisseur,2026-08-07,IBE.MC,865.44999242,23.9334,20713.16
batisseur,2026-08-07,ISRG,66.46284727,378.81,25176.79
batisseur,2026-08-07,JPM,145.4427925,357.52,51998.71
batisseur,2026-08-07,LLY,50.56276356,1185.71,59952.77
batisseur,2026-08-07,MA,41.22511357,562.95,23207.68
batisseur,2026-08-07,MELI,27.51319106,1820.6899,50092.99
batisseur,2026-08-07,META,99.18011108,592.1,58724.54
batisseur,2026-08-07,MSFT,97.2337012,499.99,48615.88
batisseur,2026-08-07,NOW,242.66456714,124.88,30303.95
batisseur,2026-08-07,NVDA,407.12468193,223.96,91179.65
batisseur,2026-08-07,NVO,668.5981725,47.26,31597.95
batisseur,2026-08-07,RMS.PA,10.23441313,1890.9701,19352.97
batisseur,2026-08-07,STZ,133.51134846,135.76,18125.5
batisseur,2026-08-07,ULTA,56.33485437,565.15,31837.64
batisseur,2026-08-07,V,124.21202994,362.5,45026.86
batisseur,2026-08-07,VRSK,166.25103907,191.82,31890.28
batisseur,2026-08-07,WM,133.63624215,227.68,30426.3
batisseur,2026-08-07,ZM,183.31805683,104.5,19156.74
batisseur,2026-08-08,AMZN,219.33832937,274.48,60203.99
batisseur,2026-08-08,AVGO,71.73876084,427.76,30686.97
batisseur,2026-08-08,BABA,302.43459852,128.41,38835.63
batisseur,2026-08-08,BSX,714.54090747,49.31,35234.01
batisseur,2026-08-08,CASH,-18.54,1.0,-18.54
batisseur,2026-08-08,CRCL,175.14668535,66.67,11677.03
batisseur,2026-08-08,CSGP,571.12965637,30.24,17270.96
batisseur,2026-08-08,CSU.TO,38.63784004,2311.3789,89306.69
batisseur,2026-08-08,DPZ,60.28999488,350.95,21158.77
batisseur,2026-08-08,EL.PA,144.83315413,199.2138,28852.76
batisseur,2026-08-08,FICO,28.13546288,1041.4,29300.27
batisseur,2026-08-08,IBE.MC,865.44999242,23.9334,20713.16
batisseur,2026-08-08,ISRG,66.46284727,378.81,25176.79
batisseur,2026-08-08,JPM,145.4427925,357.52,51998.71
batisseur,2026-08-08,LLY,50.56276356,1185.71,59952.77
batisseur,2026-08-08,MA,41.22511357,562.95,23207.68
batisseur,2026-08-08,MELI,27.51319106,1820.6899,50092.99
batisseur,2026-08-08,META,99.18011108,592.1,58724.54
batisseur,2026-08-08,MSFT,97.2337012,499.99,48615.88
batisseur,2026-08-08,NOW,242.66456714,124.88,30303.95
batisseur,2026-08-08,NVDA,407.12468193,223.96,91179.65
batisseur,2026-08-08,NVO,668.5981725,47.26,31597.95
batisseur,2026-08-08,RMS.PA,10.23441313,1890.9701,19352.97
batisseur,2026-08-08,STZ,133.51134846,135.76,18125.5
batisseur,2026-08-08,ULTA,56.33485437,565.15,31837.64
batisseur,2026-08-08,V,124.21202994,362.5,45026.86
batisseur,2026-08-08,VRSK,166.25103907,191.82,31890.28
batisseur,2026-08-08,WM,133.63624215,227.68,30426.3
batisseur,2026-08-08,ZM,183.31805683,104.5,19156.74
batisseur,2026-08-09,AMZN,219.33832937,274.48,60203.99
batisseur,2026-08-09,AVGO,71.73876084,427.76,30686.97
batisseur,2026-08-09,BABA,302.43459852,128.41,38835.63
batisseur,2026-08-09,BSX,714.54090747,49.31,35234.01
batisseur,2026-08-09,CASH,-18.54,1.0,-18.54
batisseur,2026-08-09,CRCL,175.14668535,66.67,11677.03
batisseur,2026-08-09,CSGP,571.12965637,30.24,17270.96
batisseur,2026-08-09,CSU.TO,38.63784004,2310.4342,89270.19
batisseur,2026-08-09,DPZ,60.28999488,350.95,21158.77
batisseur,2026-08-09,EL.PA,144.83315413,199.1677,28846.09
batisseur,2026-08-09,FICO,28.13546288,1041.4,29300.27
batisseur,2026-08-09,IBE.MC,865.44999242,23.9279,20708.37
batisseur,2026-08-09,ISRG,66.46284727,378.81,25176.79
batisseur,2026-08-09,JPM,145.4427925,357.52,51998.71
batisseur,2026-08-09,LLY,50.56276356,1185.71,59952.77
batisseur,2026-08-09,MA,41.22511357,562.95,23207.68
batisseur,2026-08-09,MELI,27.51319106,1820.6899,50092.99
batisseur,2026-08-09,META,99.18011108,592.1,58724.54
batisseur,2026-08-09,MSFT,97.2337012,499.99,48615.88
batisseur,2026-08-09,NOW,242.66456714,124.88,30303.95
batisseur,2026-08-09,NVDA,407.12468193,223.96,91179.65
batisseur,2026-08-09,NVO,668.5981725,47.26,31597.95
batisseur,2026-08-09,RMS.PA,10.23441313,1890.5327,19348.49
batisseur,2026-08-09,STZ,133.51134846,135.76,18125.5
batisseur,2026-08-09,ULTA,56.33485437,565.15,31837.64
batisseur,2026-08-09,V,124.21202994,362.5,45026.86
batisseur,2026-08-09,VRSK,166.25103907,191.82,31890.28
batisseur,2026-08-09,WM,133.63624215,227.68,30426.3
batisseur,2026-08-09,ZM,183.31805683,104.5,19156.74
batisseur,2026-08-10,AMZN,219.33832937,278.09,60995.8
batisseur,2026-08-10,AVGO,71.73876084,422.4,30302.45
batisseur,2026-08-10,BABA,302.43459852,132.32,40018.15
batisseur,2026-08-10,BSX,714.54090747,50.46,36055.73
batisseur,2026-08-10,CASH,-18.54,1.0,-18.54
batisseur,2026-08-10,CRCL,175.14668535,67.05,11743.59
batisseur,2026-08-10,CSGP,571.12965637,31.48,17979.16
batisseur,2026-08-10,CSU.TO,38.63784004,2373.9585,91724.63
batisseur,2026-08-10,DPZ,60.28999488,347.85,20971.88
batisseur,2026-08-10,EL.PA,144.83315413,197.7483,28640.5
batisseur,2026-08-10,FICO,28.13546288,1049.74,29534.92
batisseur,2026-08-10,IBE.MC,865.44999242,23.7413,20546.94
batisseur,2026-08-10,ISRG,66.46284727,393.38,26145.16
batisseur,2026-08-10,JPM,145.4427925,359.79,52328.86
batisseur,2026-08-10,LLY,50.56276356,1231.9399,62290.29
batisseur,2026-08-10,MA,41.22511357,563.17,23216.75
batisseur,2026-08-10,MELI,27.51319106,1824.34,50193.41
batisseur,2026-08-10,META,99.18011108,594.92,59004.23
batisseur,2026-08-10,MSFT,97.2337012,506.06,49206.09
batisseur,2026-08-10,NOW,242.66456714,127.44,30925.17
batisseur,2026-08-10,NVDA,407.12468193,217.55,88569.98
batisseur,2026-08-10,NVO,668.5981725,47.73,31912.19
batisseur,2026-08-10,RMS.PA,10.23441313,1898.9607,19434.75
batisseur,2026-08-10,STZ,133.51134846,133.39,17809.08
batisseur,2026-08-10,ULTA,56.33485437,548.66,30908.68
batisseur,2026-08-10,V,124.21202994,361.32,44880.29
batisseur,2026-08-10,VRSK,166.25103907,181.18,30121.36
batisseur,2026-08-10,WM,133.63624215,226.6,30281.97
batisseur,2026-08-10,ZM,183.31805683,107.2,19651.7
batisseur,2026-08-11,AMZN,219.33832937,272.27,59719.24
batisseur,2026-08-11,AVGO,71.73876084,416.08,29849.06
batisseur,2026-08-11,BABA,302.43459852,127.85,38666.26
batisseur,2026-08-11,BSX,714.54090747,51.19,36577.35
batisseur,2026-08-11,CASH,-18.54,1.0,-18.54
batisseur,2026-08-11,CRCL,175.14668535,71.16,12463.44
batisseur,2026-08-11,CSGP,571.12965637,31.12,17773.56
batisseur,2026-08-11,CSU.TO,38.63784004,2310.8345,89285.65
batisseur,2026-08-11,DPZ,60.28999488,357.34,21544.03
batisseur,2026-08-11,EL.PA,144.83315413,198.0055,28677.77
batisseur,2026-08-11,FICO,28.13546288,1038.23,29211.08
batisseur,2026-08-11,IBE.MC,865.44999242,23.7376,20543.71
batisseur,2026-08-11,ISRG,66.46284727,401.23,26666.89
batisseur,2026-08-11,JPM,145.4427925,362.04,52656.11
batisseur,2026-08-11,LLY,50.56276356,1215.02,61434.77
batisseur,2026-08-11,MA,41.22511357,561.44,23145.43
batisseur,2026-08-11,MELI,27.51319106,1940.0,53375.59
batisseur,2026-08-11,META,99.18011108,599.12,59420.79
batisseur,2026-08-11,MSFT,97.2337012,503.81,48987.31
batisseur,2026-08-11,NOW,242.66456714,127.54,30949.44
batisseur,2026-08-11,NVDA,407.12468193,217.5,88549.62
batisseur,2026-08-11,NVO,668.5981725,47.17,31537.77
batisseur,2026-08-11,RMS.PA,10.23441313,1894.7429,19391.58
batisseur,2026-08-11,STZ,133.51134846,133.98,17887.85
batisseur,2026-08-11,ULTA,56.33485437,541.35,30496.87
batisseur,2026-08-11,V,124.21202994,362.82,45066.61
batisseur,2026-08-11,VRSK,166.25103907,180.97,30086.45
batisseur,2026-08-11,WM,133.63624215,226.85,30315.38
batisseur,2026-08-11,ZM,183.31805683,106.06,19442.71
batisseur,2026-08-12,AMZN,219.33832937,267.28,58624.75
batisseur,2026-08-12,AVGO,71.73876084,416.05,29846.91
batisseur,2026-08-12,BABA,302.43459852,125.22,37870.86
batisseur,2026-08-12,BSX,714.54090747,51.42,36741.69
batisseur,2026-08-12,CASH,-18.54,1.0,-18.54
batisseur,2026-08-12,CRCL,175.14668535,71.28,12484.46
batisseur,2026-08-12,CSGP,571.12965637,30.5,17419.45
batisseur,2026-08-12,CSU.TO,38.63784004,2207.7284,85301.86
batisseur,2026-08-12,DPZ,60.28999488,353.72,21325.78
batisseur,2026-08-12,EL.PA,144.83315413,189.6412,27466.34
batisseur,2026-08-12,FICO,28.13546288,1044.21,29379.33
batisseur,2026-08-12,IBE.MC,865.44999242,23.7628,20565.54
batisseur,2026-08-12,ISRG,66.46284727,401.27,26669.55
batisseur,2026-08-12,JPM,145.4427925,365.18,53112.8
batisseur,2026-08-12,LLY,50.56276356,1220.28,61700.73
batisseur,2026-08-12,MA,41.22511357,559.73,23074.93
batisseur,2026-08-12,MELI,27.51319106,1828.29,50302.09
batisseur,2026-08-12,META,99.18011108,578.85,57410.4
batisseur,2026-08-12,MSFT,97.2337012,492.43,47880.79
batisseur,2026-08-12,NOW,242.66456714,124.94,30318.51
batisseur,2026-08-12,NVDA,407.12468193,224.09,91232.57
batisseur,2026-08-12,NVO,668.5981725,46.39,31016.27
batisseur,2026-08-12,RMS.PA,10.23441313,1849.1176,18924.63
batisseur,2026-08-12,STZ,133.51134846,133.96,17885.18
batisseur,2026-08-12,ULTA,56.33485437,531.89,29963.95
batisseur,2026-08-12,V,124.21202994,359.42,44644.29
batisseur,2026-08-12,VRSK,166.25103907,180.38,29988.36
batisseur,2026-08-12,WM,133.63624215,226.32,30244.56
batisseur,2026-08-12,ZM,183.31805683,105.13,19272.23
batisseur,2026-08-13,AMZN,219.33832937,265.13,58153.17
batisseur,2026-08-13,AVGO,71.73876084,417.82,29973.89
batisseur,2026-08-13,BABA,302.43459852,122.16,36945.41
batisseur,2026-08-13,BSX,714.54090747,51.69,36934.62
batisseur,2026-08-13,CASH,-18.54,1.0,-18.54
batisseur,2026-08-13,CRCL,175.14668535,75.38,13202.56
batisseur,2026-08-13,CSGP,571.12965637,33.05,18875.83
batisseur,2026-08-13,CSU.TO,38.63784004,2271.0903,87750.02
batisseur,2026-08-13,DPZ,60.28999488,350.88,21154.55
batisseur,2026-08-13,EL.PA,144.83315413,189.5035,27446.4
batisseur,2026-08-13,FICO,28.13546288,1110.7,31250.06
batisseur,2026-08-13,IBE.MC,865.44999242,23.4927,20331.72
batisseur,2026-08-13,ISRG,66.46284727,401.27,26669.55
batisseur,2026-08-13,JPM,145.4427925,363.11,52811.73
batisseur,2026-08-13,LLY,50.56276356,1209.0,61130.38
batisseur,2026-08-13,MA,41.22511357,567.04,23376.29
batisseur,2026-08-13,MELI,27.51319106,1828.25,50300.99
batisseur,2026-08-13,META,99.18011108,594.97,59009.19
batisseur,2026-08-13,MSFT,97.2337012,496.88,48313.48
batisseur,2026-08-13,NOW,242.66456714,127.25,30879.07
batisseur,2026-08-13,NVDA,407.12468193,225.3,91725.19
batisseur,2026-08-13,NVO,668.5981725,46.72,31236.91
batisseur,2026-08-13,RMS.PA,10.23441313,1827.9135,18707.62
batisseur,2026-08-13,STZ,133.51134846,136.35,18204.27
batisseur,2026-08-13,ULTA,56.33485437,515.57,29044.56
batisseur,2026-08-13,V,124.21202994,365.45,45393.29
batisseur,2026-08-13,VRSK,166.25103907,185.94,30912.72
batisseur,2026-08-13,WM,133.63624215,224.21,29962.58
batisseur,2026-08-13,ZM,183.31805683,109.84,20135.65
batisseur,2026-08-14,AMZN,219.33832937,262.65,57609.21
batisseur,2026-08-14,AVGO,71.73876084,392.99,28192.61
batisseur,2026-08-14,BABA,302.43459852,123.81,37444.43
batisseur,2026-08-14,BSX,714.54090747,51.83,37034.66
batisseur,2026-08-14,CASH,-18.54,1.0,-18.54
batisseur,2026-08-14,CRCL,175.14668535,71.6,12540.5
batisseur,2026-08-14,CSGP,571.12965637,32.38,18493.18
batisseur,2026-08-14,CSU.TO,38.63784004,2227.1193,86051.08
batisseur,2026-08-14,DPZ,60.28999488,346.27,20876.62
batisseur,2026-08-14,EL.PA,144.83315413,188.1148,27245.26
batisseur,2026-08-14,FICO,28.13546288,1085.78,30548.92
batisseur,2026-08-14,IBE.MC,865.44999242,23.3769,20231.56
batisseur,2026-08-14,ISRG,66.46284727,394.51,26220.26
batisseur,2026-08-14,JPM,145.4427925,362.84,52772.46
batisseur,2026-08-14,LLY,50.56276356,1180.16,59672.15
batisseur,2026-08-14,MA,41.22511357,569.29,23469.04
batisseur,2026-08-14,MELI,27.51319106,1844.58,50750.28
batisseur,2026-08-14,META,99.18011108,589.85,58501.39
batisseur,2026-08-14,MSFT,97.2337012,495.4,48169.57
batisseur,2026-08-14,NOW,242.66456714,124.0,30090.41
batisseur,2026-08-14,NVDA,407.12468193,225.16,91668.19
batisseur,2026-08-14,NVO,668.5981725,45.89,30681.97
batisseur,2026-08-14,RMS.PA,10.23441313,1823.8631,18666.17
batisseur,2026-08-14,STZ,133.51134846,139.18,18582.11
batisseur,2026-08-14,ULTA,56.33485437,510.75,28773.03
batisseur,2026-08-14,V,124.21202994,364.15,45231.81
batisseur,2026-08-14,VRSK,166.25103907,181.67,30202.83
batisseur,2026-08-14,WM,133.63624215,224.55,30008.02
batisseur,2026-08-14,ZM,183.31805683,105.96,19424.38
batisseur,2026-08-15,AMZN,219.33832937,262.65,57609.21
batisseur,2026-08-15,AVGO,71.73876084,392.99,28192.61
batisseur,2026-08-15,BABA,302.43459852,123.81,37444.43
batisseur,2026-08-15,BSX,714.54090747,51.83,37034.66
batisseur,2026-08-15,CASH,-18.54,1.0,-18.54
batisseur,2026-08-15,CRCL,175.14668535,71.6,12540.5
batisseur,2026-08-15,CSGP,571.12965637,32.38,18493.18
batisseur,2026-08-15,CSU.TO,38.63784004,2227.1193,86051.08
batisseur,2026-08-15,DPZ,60.28999488,346.27,20876.62
batisseur,2026-08-15,EL.PA,144.83315413,188.1148,27245.26
batisseur,2026-08-15,FICO,28.13546288,1085.78,30548.92
batisseur,2026-08-15,IBE.MC,865.44999242,23.3769,20231.56
batisseur,2026-08-15,ISRG,66.46284727,394.51,26220.26
batisseur,2026-08-15,JPM,145.4427925,362.84,52772.46
batisseur,2026-08-15,LLY,50.56276356,1180.16,59672.15
batisseur,2026-08-15,MA,41.22511357,569.29,23469.04
batisseur,2026-08-15,MELI,27.51319106,1844.58,50750.28
batisseur,2026-08-15,META,99.18011108,589.85,58501.39
batisseur,2026-08-15,MSFT,97.2337012,495.4,48169.57
batisseur,2026-08-15,NOW,242.66456714,124.0,30090.41
batisseur,2026-08-15,NVDA,407.12468193,225.16,91668.19
batisseur,2026-08-15,NVO,668.5981725,45.89,30681.97
batisseur,2026-08-15,RMS.PA,10.23441313,1823.8631,18666.17
batisseur,2026-08-15,STZ,133.51134846,139.18,18582.11
batisseur,2026-08-15,ULTA,56.33485437,510.75,28773.03
batisseur,2026-08-15,V,124.21202994,364.15,45231.81
batisseur,2026-08-15,VRSK,166.25103907,181.67,30202.83
batisseur,2026-08-15,WM,133.63624215,224.55,30008.02
batisseur,2026-08-15,ZM,183.31805683,105.96,19424.38
batisseur,2026-08-16,AMZN,219.33832937,262.65,57609.21
batisseur,2026-08-16,AVGO,71.73876084,392.99,28192.61
batisseur,2026-08-16,BABA,302.43459852,123.81,37444.43
batisseur,2026-08-16,BSX,714.54090747,51.83,37034.66
batisseur,2026-08-16,CASH,-18.54,1.0,-18.54
batisseur,2026-08-16,CRCL,175.14668535,71.6,12540.5
batisseur,2026-08-16,CSGP,571.12965637,32.38,18493.18
batisseur,2026-08-16,CSU.TO,38.63784004,2227.1836,86053.56
batisseur,2026-08-16,DPZ,60.28999488,346.27,20876.62
batisseur,2026-08-16,EL.PA,144.83315413,188.1366,27248.41
batisseur,2026-08-16,FICO,28.13546288,1085.78,30548.92
batisseur,2026-08-16,IBE.MC,865.44999242,23.3796,20233.9
batisseur,2026-08-16,ISRG,66.46284727,394.51,26220.26
batisseur,2026-08-16,JPM,145.4427925,362.84,52772.46
batisseur,2026-08-16,LLY,50.56276356,1180.16,59672.15
batisseur,2026-08-16,MA,41.22511357,569.29,23469.04
batisseur,2026-08-16,MELI,27.51319106,1844.58,50750.28
batisseur,2026-08-16,META,99.18011108,589.85,58501.39
batisseur,2026-08-16,MSFT,97.2337012,495.4,48169.57
batisseur,2026-08-16,NOW,242.66456714,124.0,30090.41
batisseur,2026-08-16,NVDA,407.12468193,225.16,91668.19
batisseur,2026-08-16,NVO,668.5981725,45.89,30681.97
batisseur,2026-08-16,RMS.PA,10.23441313,1824.0741,18668.33
batisseur,2026-08-16,STZ,133.51134846,139.18,18582.11
batisseur,2026-08-16,ULTA,56.33485437,510.75,28773.03
batisseur,2026-08-16,V,124.21202994,364.15,45231.81
batisseur,2026-08-16,VRSK,166.25103907,181.67,30202.83
batisseur,2026-08-16,WM,133.63624215,224.55,30008.02
batisseur,2026-08-16,ZM,183.31805683,105.96,19424.38
batisseur,2026-08-17,AMZN,219.33832937,261.31,57315.3
batisseur,2026-08-17,AVGO,71.73876084,392.43,28152.44
batisseur,2026-08-17,BABA,302.43459852,124.71,37716.62
batisseur,2026-08-17,BSX,714.54090747,51.43,36748.84
batisseur,2026-08-17,CASH,-18.54,1.0,-18.54
batisseur,2026-08-17,CRCL,175.14668535,74.59,13064.19
batisseur,2026-08-17,CSGP,571.12965637,31.35,17904.91
batisseur,2026-08-17,CSU.TO,38.63784004,2152.3024,83160.32
batisseur,2026-08-17,DPZ,60.28999488,335.42,20222.47
batisseur,2026-08-17,EL.PA,144.83315413,185.0394,26799.84
batisseur,2026-08-17,FICO,28.13546288,1064.41,29947.67
batisseur,2026-08-17,IBE.MC,865.44999242,23.321,20183.14
batisseur,2026-08-17,ISRG,66.46284727,390.33,25942.44
batisseur,2026-08-17,JPM,145.4427925,360.96,52499.03
batisseur,2026-08-17,LLY,50.56276356,1183.16,59823.84
batisseur,2026-08-17,MA,41.22511357,562.26,23179.23
batisseur,2026-08-17,MELI,27.51319106,1787.5699,49181.75
batisseur,2026-08-17,META,99.18011108,568.97,56430.5
batisseur,2026-08-17,MSFT,97.2337012,480.35,46706.21
batisseur,2026-08-17,NOW,242.66456714,117.7,28561.62
batisseur,2026-08-17,NVDA,407.12468193,225.01,91607.12
batisseur,2026-08-17,NVO,668.5981725,44.88,30006.69
batisseur,2026-08-17,RMS.PA,10.23441313,1794.8124,18368.85
batisseur,2026-08-17,STZ,133.51134846,130.56,17431.24
batisseur,2026-08-17,ULTA,56.33485437,493.33,27791.67
batisseur,2026-08-17,V,124.21202994,358.84,44572.24
batisseur,2026-08-17,VRSK,166.25103907,175.62,29197.01
batisseur,2026-08-17,WM,133.63624215,224.02,29937.19
batisseur,2026-08-17,ZM,183.31805683,105.56,19351.05
batisseur,2026-08-18,AMZN,219.33832937,259.45,56907.33
batisseur,2026-08-18,AVGO,71.73876084,380.0,27260.73
batisseur,2026-08-18,BABA,302.43459852,128.15,38756.99
batisseur,2026-08-18,BSX,714.54090747,50.47,36062.88
batisseur,2026-08-18,CASH,-18.54,1.0,-18.54
batisseur,2026-08-18,CRCL,175.14668535,71.73,12563.27
batisseur,2026-08-18,CSGP,571.12965637,31.38,17922.05
batisseur,2026-08-18,CSU.TO,38.63784004,2171.6435,83907.61
batisseur,2026-08-18,DPZ,60.28999488,336.25,20272.51
batisseur,2026-08-18,EL.PA,144.83315413,191.4496,27728.25
batisseur,2026-08-18,FICO,28.13546288,1078.12,30333.41
batisseur,2026-08-18,IBE.MC,865.44999242,23.6187,20440.83
batisseur,2026-08-18,ISRG,66.46284727,391.18,25998.94
batisseur,2026-08-18,JPM,145.4427925,363.25,52832.09
batisseur,2026-08-18,LLY,50.56276356,1225.73,61976.3
batisseur,2026-08-18,MA,41.22511357,574.31,23675.99
batisseur,2026-08-18,MELI,27.51319106,1779.14,48949.82
batisseur,2026-08-18,META,99.18011108,543.67,53921.25
batisseur,2026-08-18,MSFT,97.2337012,481.63,46830.67
batisseur,2026-08-18,NOW,242.66456714,119.49,28995.99
batisseur,2026-08-18,NVDA,407.12468193,219.74,89461.58
batisseur,2026-08-18,NVO,668.5981725,45.71,30561.62
batisseur,2026-08-18,RMS.PA,10.23441313,1822.8011,18655.3
batisseur,2026-08-18,STZ,133.51134846,131.0,17489.99
batisseur,2026-08-18,ULTA,56.33485437,516.74,29110.47
batisseur,2026-08-18,V,124.21202994,364.25,45244.23
batisseur,2026-08-18,VRSK,166.25103907,178.86,29735.66
batisseur,2026-08-18,WM,133.63624215,223.58,29878.39
batisseur,2026-08-18,ZM,183.31805683,104.71,19195.23
batisseur,2026-08-19,AMZN,219.33832937,265.84,58308.9
batisseur,2026-08-19,AVGO,71.73876084,362.48,26003.87
batisseur,2026-08-19,BABA,302.43459852,128.9,38983.82
batisseur,2026-08-19,BSX,714.54090747,52.01,37163.27
batisseur,2026-08-19,CASH,-18.54,1.0,-18.54
batisseur,2026-08-19,CRCL,175.14668535,78.59,13764.78
batisseur,2026-08-19,CSGP,571.12965637,33.73,19264.2
batisseur,2026-08-19,CSU.TO,38.63784004,2251.5781,86996.11
batisseur,2026-08-19,DPZ,60.28999488,336.52,20288.79
batisseur,2026-08-19,EL.PA,144.83315413,191.0132,27665.04
batisseur,2026-08-19,FICO,28.13546288,1161.59,32681.87
batisseur,2026-08-19,IBE.MC,865.44999242,23.4194,20268.34
batisseur,2026-08-19,ISRG,66.46284727,397.72,26433.6
batisseur,2026-08-19,JPM,145.4427925,357.26,51960.89
batisseur,2026-08-19,LLY,50.56276356,1280.34,64737.53
batisseur,2026-08-19,MA,41.22511357,573.72,23651.67
batisseur,2026-08-19,MELI,27.51319106,1908.65,52513.05
batisseur,2026-08-19,META,99.18011108,546.03,54155.32
batisseur,2026-08-19,MSFT,97.2337012,484.31,47091.25
batisseur,2026-08-19,NOW,242.66456714,127.2,30866.93
batisseur,2026-08-19,NVDA,407.12468193,217.56,88574.04
batisseur,2026-08-19,NVO,668.5981725,46.48,31076.44
batisseur,2026-08-19,RMS.PA,10.23441313,1849.363,18927.15
batisseur,2026-08-19,STZ,133.51134846,133.52,17826.44
batisseur,2026-08-19,ULTA,56.33485437,527.85,29736.35
batisseur,2026-08-19,V,124.21202994,365.54,45404.47
batisseur,2026-08-19,VRSK,166.25103907,186.45,30997.51
batisseur,2026-08-19,WM,133.63624215,225.08,30078.85
batisseur,2026-08-19,ZM,183.31805683,107.47,19701.19
batisseur,2026-08-20,AMZN,219.33832937,260.11,57052.09
batisseur,2026-08-20,AVGO,71.73876084,364.03,26115.06
batisseur,2026-08-20,BABA,302.43459852,130.53,39476.79
batisseur,2026-08-20,BSX,714.54090747,49.37,35276.88
batisseur,2026-08-20,CASH,-18.54,1.0,-18.54
batisseur,2026-08-20,CRCL,175.14668535,83.66,14652.77
batisseur,2026-08-20,CSGP,571.12965637,32.26,18424.64
batisseur,2026-08-20,CSU.TO,38.63784004,2234.8979,86351.63
batisseur,2026-08-20,DPZ,60.28999488,334.37,20159.17
batisseur,2026-08-20,EL.PA,144.83315413,188.2518,27265.1
batisseur,2026-08-20,FICO,28.13546288,1149.75,32348.75
batisseur,2026-08-20,IBE.MC,865.44999242,23.4848,20324.89
batisseur,2026-08-20,ISRG,66.46284727,374.48,24889.01
batisseur,2026-08-20,JPM,145.4427925,351.55,51130.41
batisseur,2026-08-20,LLY,50.56276356,1244.4,62920.3
batisseur,2026-08-20,MA,41.22511357,573.85,23657.03
batisseur,2026-08-20,MELI,27.51319106,1921.96,52879.25
batisseur,2026-08-20,META,99.18011108,545.83,54135.48
batisseur,2026-08-20,MSFT,97.2337012,481.15,46783.99
batisseur,2026-08-20,NOW,242.66456714,129.75,31485.73
batisseur,2026-08-20,NVDA,407.12468193,216.85,88284.99
batisseur,2026-08-20,NVO,668.5981725,46.14,30849.12
batisseur,2026-08-20,RMS.PA,10.23441313,1809.5293,18519.47
batisseur,2026-08-20,STZ,133.51134846,134.14,17909.21
batisseur,2026-08-20,ULTA,56.33485437,515.14,29020.34
batisseur,2026-08-20,V,124.21202994,365.73,45428.07
batisseur,2026-08-20,VRSK,166.25103907,187.68,31201.99
batisseur,2026-08-20,WM,133.63624215,224.92,30057.46
batisseur,2026-08-20,ZM,183.31805683,106.3,19486.71
batisseur,2026-08-21,AMZN,219.33832937,258.63,56727.47
batisseur,2026-08-21,AVGO,71.73876084,368.45,26432.15
batisseur,2026-08-21,BABA,302.43459852,119.34,36092.54
batisseur,2026-08-21,BSX,714.54090747,50.37,35991.42
batisseur,2026-08-21,CASH,-18.54,1.0,-18.54
batisseur,2026-08-21,CRCL,175.14668535,87.98,15409.41
batisseur,2026-08-21,CSGP,571.12965637,32.26,18424.64
batisseur,2026-08-21,CSU.TO,38.63784004,2209.5394,85371.83
batisseur,2026-08-21,DPZ,60.28999488,341.85,20610.14
batisseur,2026-08-21,EL.PA,144.83315413,190.5874,27603.37
batisseur,2026-08-21,FICO,28.13546288,1172.67,32993.61
batisseur,2026-08-21,IBE.MC,865.44999242,23.4147,20264.24
batisseur,2026-08-21,ISRG,66.46284727,378.81,25176.79
batisseur,2026-08-21,JPM,145.4427925,351.58,51134.78
batisseur,2026-08-21,LLY,50.56276356,1255.4,63476.49
batisseur,2026-08-21,MA,41.22511357,580.63,23936.54
batisseur,2026-08-21,MELI,27.51319106,1922.73,52900.44
batisseur,2026-08-21,META,99.18011108,549.9,54539.15
batisseur,2026-08-21,MSFT,97.2337012,483.24,46987.21
batisseur,2026-08-21,NOW,242.66456714,128.48,31177.54
batisseur,2026-08-21,NVDA,407.12468193,214.72,87417.81
batisseur,2026-08-21,NVO,668.5981725,46.74,31250.28
batisseur,2026-08-21,RMS.PA,10.23441313,1836.9729,18800.34
batisseur,2026-08-21,STZ,133.51134846,135.66,18112.15
batisseur,2026-08-21,ULTA,56.33485437,521.46,29376.37
batisseur,2026-08-21,V,124.21202994,371.04,46087.63
batisseur,2026-08-21,VRSK,166.25103907,187.5,31172.07
batisseur,2026-08-21,WM,133.63624215,224.06,29942.54
batisseur,2026-08-21,ZM,183.31805683,107.43,19693.86
batisseur,2026-08-22,AMZN,219.33832937,258.63,56727.47
batisseur,2026-08-22,AVGO,71.73876084,368.45,26432.15
batisseur,2026-08-22,BABA,302.43459852,119.34,36092.54
batisseur,2026-08-22,BSX,714.54090747,50.37,35991.42
batisseur,2026-08-22,CASH,-18.54,1.0,-18.54
batisseur,2026-08-22,CRCL,175.14668535,87.98,15409.41
batisseur,2026-08-22,CSGP,571.12965637,32.26,18424.64
batisseur,2026-08-22,CSU.TO,38.63784004,2209.5394,85371.83
batisseur,2026-08-22,DPZ,60.28999488,341.85,20610.14
batisseur,2026-08-22,EL.PA,144.83315413,190.5874,27603.37
batisseur,2026-08-22,FICO,28.13546288,1172.67,32993.61
batisseur,2026-08-22,IBE.MC,865.44999242,23.4147,20264.24
batisseur,2026-08-22,ISRG,66.46284727,378.81,25176.79
batisseur,2026-08-22,JPM,145.4427925,351.58,51134.78
batisseur,2026-08-22,LLY,50.56276356,1255.4,63476.49
batisseur,2026-08-22,MA,41.22511357,580.63,23936.54
batisseur,2026-08-22,MELI,27.51319106,1922.73,52900.44
batisseur,2026-08-22,META,99.18011108,549.9,54539.15
batisseur,2026-08-22,MSFT,97.2337012,483.24,46987.21
batisseur,2026-08-22,NOW,242.66456714,128.48,31177.54
batisseur,2026-08-22,NVDA,407.12468193,214.72,87417.81
batisseur,2026-08-22,NVO,668.5981725,46.74,31250.28
batisseur,2026-08-22,RMS.PA,10.23441313,1836.9729,18800.34
batisseur,2026-08-22,STZ,133.51134846,135.66,18112.15
batisseur,2026-08-22,ULTA,56.33485437,521.46,29376.37
batisseur,2026-08-22,V,124.21202994,371.04,46087.63
batisseur,2026-08-22,VRSK,166.25103907,187.5,31172.07
batisseur,2026-08-22,WM,133.63624215,224.06,29942.54
batisseur,2026-08-22,ZM,183.31805683,107.43,19693.86
batisseur,2026-08-23,AMZN,219.33832937,258.63,56727.47
batisseur,2026-08-23,AVGO,71.73876084,368.45,26432.15
batisseur,2026-08-23,BABA,302.43459852,119.34,36092.54
batisseur,2026-08-23,BSX,714.54090747,50.37,35991.42
batisseur,2026-08-23,CASH,-18.54,1.0,-18.54
batisseur,2026-08-23,CRCL,175.14668535,87.98,15409.41
batisseur,2026-08-23,CSGP,571.12965637,32.26,18424.64
batisseur,2026-08-23,CSU.TO,38.63784004,2205.0858,85199.75
batisseur,2026-08-23,DPZ,60.28999488,341.85,20610.14
batisseur,2026-08-23,EL.PA,144.83315413,190.6319,27609.82
batisseur,2026-08-23,FICO,28.13546288,1172.67,32993.61
batisseur,2026-08-23,IBE.MC,865.44999242,23.4202,20268.98
batisseur,2026-08-23,ISRG,66.46284727,378.81,25176.79
batisseur,2026-08-23,JPM,145.4427925,351.58,51134.78
batisseur,2026-08-23,LLY,50.56276356,1255.4,63476.49
batisseur,2026-08-23,MA,41.22511357,580.63,23936.54
batisseur,2026-08-23,MELI,27.51319106,1922.73,52900.44
batisseur,2026-08-23,META,99.18011108,549.9,54539.15
batisseur,2026-08-23,MSFT,97.2337012,483.24,46987.21
batisseur,2026-08-23,NOW,242.66456714,128.48,31177.54
batisseur,2026-08-23,NVDA,407.12468193,214.72,87417.81
batisseur,2026-08-23,NVO,668.5981725,46.74,31250.28
batisseur,2026-08-23,RMS.PA,10.23441313,1837.4022,18804.73
batisseur,2026-08-23,STZ,133.51134846,135.66,18112.15
batisseur,2026-08-23,ULTA,56.33485437,521.46,29376.37
batisseur,2026-08-23,V,124.21202994,371.04,46087.63
batisseur,2026-08-23,VRSK,166.25103907,187.5,31172.07
batisseur,2026-08-23,WM,133.63624215,224.06,29942.54
batisseur,2026-08-23,ZM,183.31805683,107.43,19693.86
batisseur,2026-08-24,AMZN,219.33832937,262.07,57482.0
batisseur,2026-08-24,AVGO,71.73876084,358.76,25737.0
batisseur,2026-08-24,BABA,302.43459852,118.47,35829.43
batisseur,2026-08-24,BSX,714.54090747,49.01,35019.65
batisseur,2026-08-24,CASH,-18.54,1.0,-18.54
batisseur,2026-08-24,CRCL,175.14668535,87.72,15363.87
batisseur,2026-08-24,CSGP,571.12965637,32.84,18755.9
batisseur,2026-08-24,CSU.TO,38.63784004,2239.5545,86531.55
batisseur,2026-08-24,DPZ,60.28999488,349.01,21041.81
batisseur,2026-08-24,EL.PA,144.83315413,188.8577,27352.86
batisseur,2026-08-24,FICO,28.13546288,1166.4,32817.2
batisseur,2026-08-24,IBE.MC,865.44999242,23.3941,20246.4
batisseur,2026-08-24,ISRG,66.46284727,373.57,24828.53
batisseur,2026-08-24,JPM,145.4427925,356.39,51834.36
batisseur,2026-08-24,LLY,50.56276356,1246.9301,63048.23
batisseur,2026-08-24,MA,41.22511357,599.86,24729.3
batisseur,2026-08-24,MELI,27.51319106,1947.9,53592.95
batisseur,2026-08-24,META,99.18011108,559.02,55443.67
batisseur,2026-08-24,MSFT,97.2337012,487.31,47382.95
batisseur,2026-08-24,NOW,242.66456714,128.05,31073.2
batisseur,2026-08-24,NVDA,407.12468193,208.48,84877.35
batisseur,2026-08-24,NVO,668.5981725,46.92,31370.63
batisseur,2026-08-24,RMS.PA,10.23441313,1845.9473,18892.19
batisseur,2026-08-24,STZ,133.51134846,137.6,18371.16
batisseur,2026-08-24,ULTA,56.33485437,538.76,30350.97
batisseur,2026-08-24,V,124.21202994,382.41,47499.92
batisseur,2026-08-24,VRSK,166.25103907,189.55,31512.88
batisseur,2026-08-24,WM,133.63624215,226.46,30263.26
batisseur,2026-08-24,ZM,183.31805683,104.83,19217.23
batisseur,2026-08-25,AMZN,219.33832937,261.06,57260.46
batisseur,2026-08-25,AVGO,71.73876084,356.74,25592.08
batisseur,2026-08-25,BABA,302.43459852,119.44,36122.79
batisseur,2026-08-25,BSX,714.54090747,49.86,35627.01
batisseur,2026-08-25,CASH,-18.54,1.0,-18.54
batisseur,2026-08-25,CRCL,175.14668535,92.02,16117.0
batisseur,2026-08-25,CSGP,571.12965637,32.81,18738.76
batisseur,2026-08-25,CSU.TO,38.63784004,2217.7511,85689.11
batisseur,2026-08-25,DPZ,60.28999488,349.91,21096.07
batisseur,2026-08-25,EL.PA,144.83315413,185.5544,26874.43
batisseur,2026-08-25,FICO,28.13546288,1137.14,31993.96
batisseur,2026-08-25,IBE.MC,865.44999242,23.4697,20311.89
batisseur,2026-08-25,ISRG,66.46284727,371.84,24713.54
batisseur,2026-08-25,JPM,145.4427925,356.69,51877.99
batisseur,2026-08-25,LLY,50.56276356,1233.66,62377.26
batisseur,2026-08-25,MA,41.22511357,599.37,24709.1
batisseur,2026-08-25,MELI,27.51319106,1997.0,54943.84
batisseur,2026-08-25,META,99.18011108,570.05,56537.62
batisseur,2026-08-25,MSFT,97.2337012,491.71,47810.78
batisseur,2026-08-25,NOW,242.66456714,127.0,30818.4
batisseur,2026-08-25,NVDA,407.12468193,213.05,86737.91
batisseur,2026-08-25,NVO,668.5981725,48.66,32533.99
batisseur,2026-08-25,RMS.PA,10.23441313,1814.7371,18572.77
batisseur,2026-08-25,STZ,133.51134846,135.01,18025.37
batisseur,2026-08-25,ULTA,56.33485437,537.22,30264.21
batisseur,2026-08-25,V,124.21202994,384.14,47714.81
batisseur,2026-08-25,VRSK,166.25103907,188.49,31336.66
batisseur,2026-08-25,WM,133.63624215,222.13,29684.62
batisseur,2026-08-25,ZM,183.31805683,100.92,18500.46
batisseur,2026-08-26,AMZN,219.33832937,260.28,57089.38
batisseur,2026-08-26,AVGO,71.73876084,355.59,25509.59
batisseur,2026-08-26,BABA,302.43459852,119.83,36240.74
batisseur,2026-08-26,BSX,714.54090747,48.17,34419.43
batisseur,2026-08-26,CASH,-18.54,1.0,-18.54
batisseur,2026-08-26,CRCL,175.14668535,89.91,15747.44
batisseur,2026-08-26,CSGP,571.12965637,32.14,18356.11
batisseur,2026-08-26,CSU.TO,38.63784004,2216.6603,85646.97
batisseur,2026-08-26,DPZ,60.28999488,344.56,20773.52
batisseur,2026-08-26,EL.PA,144.83315413,185.4397,26857.82
batisseur,2026-08-26,FICO,28.13546288,1133.7,31897.17
batisseur,2026-08-26,IBE.MC,865.44999242,23.4828,20323.2
batisseur,2026-08-26,ISRG,66.46284727,370.42,24619.17
batisseur,2026-08-26,JPM,145.4427925,356.5,51850.36
batisseur,2026-08-26,LLY,50.56276356,1189.41,60139.86
batisseur,2026-08-26,MA,41.22511357,598.47,24671.99
batisseur,2026-08-26,MELI,27.51319106,1950.4399,53662.83
batisseur,2026-08-26,META,99.18011108,576.14,57141.63
batisseur,2026-08-26,MSFT,97.2337012,496.37,48263.89
batisseur,2026-08-26,NOW,242.66456714,125.8,30527.2
batisseur,2026-08-26,NVDA,407.12468193,209.66,85357.76
batisseur,2026-08-26,NVO,668.5981725,47.19,31551.15
batisseur,2026-08-26,RMS.PA,10.23441313,1802.5626,18448.17
batisseur,2026-08-26,STZ,133.51134846,134.45,17950.6
batisseur,2026-08-26,ULTA,56.33485437,543.19,30600.53
batisseur,2026-08-26,V,124.21202994,383.9,47685.0
batisseur,2026-08-26,VRSK,166.25103907,187.87,31233.58
batisseur,2026-08-26,WM,133.63624215,221.24,29565.68
batisseur,2026-08-26,ZM,183.31805683,93.83,17200.73
batisseur,2026-08-27,AMZN,219.33832937,256.26,56207.64
batisseur,2026-08-27,AVGO,71.73876084,371.54,26653.82
batisseur,2026-08-27,BABA,302.43459852,116.31,35176.17
batisseur,2026-08-27,BSX,714.54090747,46.67,33347.62
batisseur,2026-08-27,CASH,-18.54,1.0,-18.54
batisseur,2026-08-27,CRCL,175.14668535,94.24,16505.82
batisseur,2026-08-27,CSGP,571.12965637,31.34,17899.2
batisseur,2026-08-27,CSU.TO,38.63784004,2248.0722,86860.65
batisseur,2026-08-27,DPZ,60.28999488,332.06,20019.9
batisseur,2026-08-27,EL.PA,144.83315413,182.5029,26432.47
batisseur,2026-08-27,FICO,28.13546288,1157.0601,32554.42
batisseur,2026-08-27,IBE.MC,865.44999242,23.2445,20116.95
batisseur,2026-08-27,ISRG,66.46284727,367.07,24396.52
batisseur,2026-08-27,JPM,145.4427925,354.22,51518.75
batisseur,2026-08-27,LLY,50.56276356,1176.1,59466.86
batisseur,2026-08-27,MA,41.22511357,591.73,24394.14
batisseur,2026-08-27,MELI,27.51319106,1930.75,53121.09
batisseur,2026-08-27,META,99.18011108,571.1,56641.76
batisseur,2026-08-27,MSFT,97.2337012,505.06,49108.85
batisseur,2026-08-27,NOW,242.66456714,138.43,33592.05
batisseur,2026-08-27,NVDA,407.12468193,227.98,92816.28
batisseur,2026-08-27,NVO,668.5981725,46.26,30929.35
batisseur,2026-08-27,RMS.PA,10.23441313,1811.1241,18535.79
batisseur,2026-08-27,STZ,133.51134846,131.43,17547.4
batisseur,2026-08-27,ULTA,56.33485437,540.1,30426.45
batisseur,2026-08-27,V,124.21202994,379.66,47158.34
batisseur,2026-08-27,VRSK,166.25103907,191.02,31757.27
batisseur,2026-08-27,WM,133.63624215,217.76,29100.63
batisseur,2026-08-27,ZM,183.31805683,100.27,18381.3
batisseur,2026-08-28,AMZN,219.33832937,266.43,58438.31
batisseur,2026-08-28,AVGO,71.73876084,368.79,26456.54
batisseur,2026-08-28,BABA,302.43459852,118.9,35959.47
batisseur,2026-08-28,BSX,714.54090747,46.84,33469.1
batisseur,2026-08-28,CASH,-18.54,1.0,-18.54
batisseur,2026-08-28,CRCL,175.14668535,87.14,15262.28
batisseur,2026-08-28,CSGP,571.12965637,32.22,18401.8
batisseur,2026-08-28,CSU.TO,38.63784004,2283.1698,88216.75
batisseur,2026-08-28,DPZ,60.28999488,350.0,21101.5
batisseur,2026-08-28,EL.PA,144.83315413,187.4419,27147.8
batisseur,2026-08-28,FICO,28.13546288,1153.5699,32456.22
batisseur,2026-08-28,IBE.MC,865.44999242,23.5595,20389.55
batisseur,2026-08-28,ISRG,66.46284727,372.6,24764.06
batisseur,2026-08-28,JPM,145.4427925,357.62,52013.25
batisseur,2026-08-28,LLY,50.56276356,1174.61,59391.53
batisseur,2026-08-28,MA,41.22511357,595.3,24541.31
batisseur,2026-08-28,MELI,27.51319106,1966.25,54097.81
batisseur,2026-08-28,META,99.18011108,578.02,57328.09
batisseur,2026-08-28,MSFT,97.2337012,513.53,49932.43
batisseur,2026-08-28,NOW,242.66456714,144.71,35115.99
batisseur,2026-08-28,NVDA,407.12468193,217.55,88569.98
batisseur,2026-08-28,NVO,668.5981725,45.61,30494.76
batisseur,2026-08-28,RMS.PA,10.23441313,1856.4126,18999.29
batisseur,2026-08-28,STZ,133.51134846,130.69,17448.6
batisseur,2026-08-28,ULTA,56.33485437,517.5,29153.29
batisseur,2026-08-28,V,124.21202994,381.6,47399.31
batisseur,2026-08-28,VRSK,166.25103907,191.77,31881.96
batisseur,2026-08-28,WM,133.63624215,219.66,29354.54
batisseur,2026-08-28,ZM,183.31805683,98.43,18044.0
batisseur,2026-08-29,AMZN,219.33832937,266.43,58438.31
batisseur,2026-08-29,AVGO,71.73876084,368.79,26456.54
batisseur,2026-08-29,BABA,302.43459852,118.9,35959.47
batisseur,2026-08-29,BSX,714.54090747,46.84,33469.1
batisseur,2026-08-29,CASH,-18.54,1.0,-18.54
batisseur,2026-08-29,CRCL,175.14668535,87.14,15262.28
batisseur,2026-08-29,CSGP,571.12965637,32.22,18401.8
batisseur,2026-08-29,CSU.TO,38.63784004,2282.5438,88192.56
batisseur,2026-08-29,DPZ,60.28999488,350.0,21101.5
batisseur,2026-08-29,EL.PA,144.83315413,187.4419,27147.8
batisseur,2026-08-29,FICO,28.13546288,1153.5699,32456.22
batisseur,2026-08-29,IBE.MC,865.44999242,23.5595,20389.55
batisseur,2026-08-29,ISRG,66.46284727,372.6,24764.06
batisseur,2026-08-29,JPM,145.4427925,357.62,52013.25
batisseur,2026-08-29,LLY,50.56276356,1174.61,59391.53
batisseur,2026-08-29,MA,41.22511357,595.3,24541.31
batisseur,2026-08-29,MELI,27.51319106,1966.25,54097.81
batisseur,2026-08-29,META,99.18011108,578.02,57328.09
batisseur,2026-08-29,MSFT,97.2337012,513.53,49932.43
batisseur,2026-08-29,NOW,242.66456714,144.71,35115.99
batisseur,2026-08-29,NVDA,407.12468193,217.55,88569.98
batisseur,2026-08-29,NVO,668.5981725,45.61,30494.76
batisseur,2026-08-29,RMS.PA,10.23441313,1856.4126,18999.29
batisseur,2026-08-29,STZ,133.51134846,130.69,17448.6
batisseur,2026-08-29,ULTA,56.33485437,517.5,29153.29
batisseur,2026-08-29,V,124.21202994,381.6,47399.31
batisseur,2026-08-29,VRSK,166.25103907,191.77,31881.96
batisseur,2026-08-29,WM,133.63624215,219.66,29354.54
batisseur,2026-08-29,ZM,183.31805683,98.43,18044.0
batisseur,2026-08-30,AMZN,219.33832937,266.43,58438.31
batisseur,2026-08-30,AVGO,71.73876084,368.79,26456.54
batisseur,2026-08-30,BABA,302.43459852,118.9,35959.47
batisseur,2026-08-30,BSX,714.54090747,46.84,33469.1
batisseur,2026-08-30,CASH,-18.54,1.0,-18.54
batisseur,2026-08-30,CRCL,175.14668535,87.14,15262.28
batisseur,2026-08-30,CSGP,571.12965637,32.22,18401.8
batisseur,2026-08-30,CSU.TO,38.63784004,2283.1698,88216.75
batisseur,2026-08-30,DPZ,60.28999488,350.0,21101.5
batisseur,2026-08-30,EL.PA,144.83315413,187.4419,27147.8
batisseur,2026-08-30,FICO,28.13546288,1153.5699,32456.22
batisseur,2026-08-30,IBE.MC,865.44999242,23.5595,20389.55
batisseur,2026-08-30,ISRG,66.46284727,372.6,24764.06
batisseur,2026-08-30,JPM,145.4427925,357.62,52013.25
batisseur,2026-08-30,LLY,50.56276356,1174.61,59391.53
batisseur,2026-08-30,MA,41.22511357,595.3,24541.31
batisseur,2026-08-30,MELI,27.51319106,1966.25,54097.81
batisseur,2026-08-30,META,99.18011108,578.02,57328.09
batisseur,2026-08-30,MSFT,97.2337012,513.53,49932.43
batisseur,2026-08-30,NOW,242.66456714,144.71,35115.99
batisseur,2026-08-30,NVDA,407.12468193,217.55,88569.98
batisseur,2026-08-30,NVO,668.5981725,45.61,30494.76
batisseur,2026-08-30,RMS.PA,10.23441313,1856.4126,18999.29
batisseur,2026-08-30,STZ,133.51134846,130.69,17448.6
batisseur,2026-08-30,ULTA,56.33485437,517.5,29153.29
batisseur,2026-08-30,V,124.21202994,381.6,47399.31
batisseur,2026-08-30,VRSK,166.25103907,191.77,31881.96
batisseur,2026-08-30,WM,133.63624215,219.66,29354.54
batisseur,2026-08-30,ZM,183.31805683,98.43,18044.0
batisseur,2026-08-31,AMZN,219.33832937,259.77,56977.52
batisseur,2026-08-31,AVGO,71.73876084,370.34,26567.73
batisseur,2026-08-31,BABA,302.43459852,114.02,34483.59
batisseur,2026-08-31,BSX,714.54090747,48.3,34512.33
batisseur,2026-08-31,CASH,-18.54,1.0,-18.54
batisseur,2026-08-31,CRCL,175.14668535,95.55,16735.27
batisseur,2026-08-31,CSGP,571.12965637,32.07,18316.13
batisseur,2026-08-31,CSU.TO,38.63784004,2258.2181,87252.67
batisseur,2026-08-31,DPZ,60.28999488,342.06,20622.8
batisseur,2026-08-31,EL.PA,144.83315413,185.829,26914.2
batisseur,2026-08-31,FICO,28.13546288,1147.21,32277.28
batisseur,2026-08-31,IBE.MC,865.44999242,23.2706,20139.57
batisseur,2026-08-31,ISRG,66.46284727,376.86,25047.19
batisseur,2026-08-31,JPM,145.4427925,356.02,51780.54
batisseur,2026-08-31,LLY,50.56276356,1156.73,58487.46
batisseur,2026-08-31,MA,41.22511357,589.31,24294.37
batisseur,2026-08-31,MELI,27.51319106,1936.2,53271.04
batisseur,2026-08-31,META,99.18011108,572.34,56764.75
batisseur,2026-08-31,MSFT,97.2337012,507.29,49325.69
batisseur,2026-08-31,NOW,242.66456714,147.99,35911.93
batisseur,2026-08-31,NVDA,407.12468193,220.78,89884.99
batisseur,2026-08-31,NVO,668.5981725,45.33,30307.56
batisseur,2026-08-31,RMS.PA,10.23441313,1832.2149,18751.64
batisseur,2026-08-31,STZ,133.51134846,130.62,17439.25
batisseur,2026-08-31,ULTA,56.33485437,537.1,30257.45
batisseur,2026-08-31,V,124.21202994,379.37,47122.32
batisseur,2026-08-31,VRSK,166.25103907,193.78,32216.13
batisseur,2026-08-31,WM,133.63624215,218.92,29255.65
batisseur,2026-08-31,ZM,183.31805683,96.68,17723.19
batisseur,2026-09-01,AMZN,219.33832937,254.92,55913.73
batisseur,2026-09-01,AVGO,71.73876084,369.68,26520.38
batisseur,2026-09-01,BABA,302.43459852,112.85,34129.74
batisseur,2026-09-01,BSX,714.54090747,48.08,34355.13
batisseur,2026-09-01,CASH,-18.54,1.0,-18.54
batisseur,2026-09-01,CRCL,175.14668535,89.48,15672.13
batisseur,2026-09-01,CSGP,571.12965637,31.98,18264.73
batisseur,2026-09-01,CSU.TO,38.63784004,2202.0071,85080.8
batisseur,2026-09-01,DPZ,60.28999488,340.37,20520.91
batisseur,2026-09-01,EL.PA,144.83315413,185.3595,26846.19
batisseur,2026-09-01,FICO,28.13546288,1103.6801,31052.55
batisseur,2026-09-01,IBE.MC,865.44999242,23.1075,19998.37
batisseur,2026-09-01,ISRG,66.46284727,369.25,24541.41
batisseur,2026-09-01,JPM,145.4427925,354.95,51624.92
batisseur,2026-09-01,LLY,50.56276356,1160.0,58652.81
batisseur,2026-09-01,MA,41.22511357,581.1,23955.91
batisseur,2026-09-01,MELI,27.51319106,1963.49,54021.88
batisseur,2026-09-01,META,99.18011108,578.54,57379.66
batisseur,2026-09-01,MSFT,97.2337012,501.02,48716.03
batisseur,2026-09-01,NOW,242.66456714,142.9,34676.77
batisseur,2026-09-01,NVDA,407.12468193,217.44,88525.19
batisseur,2026-09-01,NVO,668.5981725,45.12,30167.15
batisseur,2026-09-01,RMS.PA,10.23441313,1792.021,18340.28
batisseur,2026-09-01,STZ,133.51134846,130.63,17440.59
batisseur,2026-09-01,ULTA,56.33485437,545.66,30739.68
batisseur,2026-09-01,V,124.21202994,372.67,46290.1
batisseur,2026-09-01,VRSK,166.25103907,194.35,32310.89
batisseur,2026-09-01,WM,133.63624215,219.77,29369.24
batisseur,2026-09-01,ZM,183.31805683,94.9,17396.88
batisseur,2026-09-02,AMZN,219.33832937,254.98,55926.89
batisseur,2026-09-02,AVGO,71.73876084,367.24,26345.34
batisseur,2026-09-02,BABA,302.43459852,111.81,33815.21
batisseur,2026-09-02,BSX,714.54090747,48.37,34562.34
batisseur,2026-09-02,CASH,-18.54,1.0,-18.54
batisseur,2026-09-02,CRCL,175.14668535,88.64,15525.0
batisseur,2026-09-02,CSGP,571.12965637,31.26,17853.51
batisseur,2026-09-02,CSU.TO,38.63784004,2193.0964,84736.51
batisseur,2026-09-02,DPZ,60.28999488,346.68,20901.33
batisseur,2026-09-02,EL.PA,144.83315413,184.0213,26652.39
batisseur,2026-09-02,FICO,28.13546288,1099.45,30933.53
batisseur,2026-09-02,IBE.MC,865.44999242,22.8026,19734.55
batisseur,2026-09-02,ISRG,66.46284727,371.88,24716.2
batisseur,2026-09-02,JPM,145.4427925,356.22,51809.63
batisseur,2026-09-02,LLY,50.56276356,1160.08,58656.85
batisseur,2026-09-02,MA,41.22511357,588.14,24246.14
batisseur,2026-09-02,MELI,27.51319106,2006.58,55207.42
batisseur,2026-09-02,META,99.18011108,592.85,58798.93
batisseur,2026-09-02,MSFT,97.2337012,496.82,48307.65
batisseur,2026-09-02,NOW,242.66456714,136.72,33177.1
batisseur,2026-09-02,NVDA,407.12468193,224.41,91362.85
batisseur,2026-09-02,NVO,668.5981725,46.77,31270.34
batisseur,2026-09-02,RMS.PA,10.23441313,1776.4378,18180.8
batisseur,2026-09-02,STZ,133.51134846,129.35,17269.69
batisseur,2026-09-02,ULTA,56.33485437,551.74,31082.19
batisseur,2026-09-02,V,124.21202994,378.4,47001.83
batisseur,2026-09-02,VRSK,166.25103907,188.16,31281.8
batisseur,2026-09-02,WM,133.63624215,219.04,29271.68
batisseur,2026-09-02,ZM,183.31805683,95.86,17572.87
batisseur,2026-09-03,AMZN,219.33832937,258.9,56786.69
batisseur,2026-09-03,AVGO,71.73876084,357.16,25622.22
batisseur,2026-09-03,BABA,302.43459852,111.81,33815.21
batisseur,2026-09-03,BSX,714.54090747,46.95,33547.7
batisseur,2026-09-03,CASH,-18.54,1.0,-18.54
batisseur,2026-09-03,CRCL,175.14668535,103.23,18080.39
batisseur,2026-09-03,CSGP,571.12965637,31.68,18093.39
batisseur,2026-09-03,CSU.TO,38.63784004,2196.751,84877.71
batisseur,2026-09-03,DPZ,60.28999488,347.03,20922.44
batisseur,2026-09-03,EL.PA,144.83315413,177.1977,25664.11
batisseur,2026-09-03,FICO,28.13546288,1118.9301,31481.61
batisseur,2026-09-03,IBE.MC,865.44999242,22.881,19802.4
batisseur,2026-09-03,ISRG,66.46284727,369.83,24579.95
batisseur,2026-09-03,JPM,145.4427925,362.06,52659.02
batisseur,2026-09-03,LLY,50.56276356,1159.6,58632.58
batisseur,2026-09-03,MA,41.22511357,585.71,24145.96
batisseur,2026-09-03,MELI,27.51319106,1991.0601,54780.42
batisseur,2026-09-03,META,99.18011108,610.68,60567.31
batisseur,2026-09-03,MSFT,97.2337012,510.12,49600.86
batisseur,2026-09-03,NOW,242.66456714,145.59,35329.53
batisseur,2026-09-03,NVDA,407.12468193,228.45,93007.63
batisseur,2026-09-03,NVO,668.5981725,47.51,31765.1
batisseur,2026-09-03,RMS.PA,10.23441313,1716.3677,17566.02
batisseur,2026-09-03,STZ,133.51134846,129.09,17234.98
batisseur,2026-09-03,ULTA,56.33485437,557.11,31384.71
batisseur,2026-09-03,V,124.21202994,378.75,47045.31
batisseur,2026-09-03,VRSK,166.25103907,190.6,31687.45
batisseur,2026-09-03,WM,133.63624215,221.72,29629.83
batisseur,2026-09-03,ZM,183.31805683,98.14,17990.83
batisseur,2026-09-04,AMZN,219.33832937,258.51,56701.15
batisseur,2026-09-04,AVGO,71.73876084,357.9,25675.3
batisseur,2026-09-04,BABA,302.43459852,113.24,34247.69
batisseur,2026-09-04,BSX,714.54090747,47.8,34155.05
batisseur,2026-09-04,CASH,-18.54,1.0,-18.54
batisseur,2026-09-04,CRCL,175.14668535,102.05,17873.72
batisseur,2026-09-04,CSGP,571.12965637,30.91,17653.62
batisseur,2026-09-04,CSU.TO,38.63784004,2192.9439,84730.61
batisseur,2026-09-04,DPZ,60.28999488,341.08,20563.71
batisseur,2026-09-04,EL.PA,144.83315413,174.1921,25228.8
batisseur,2026-09-04,FICO,28.13546288,932.26,26229.57
batisseur,2026-09-04,IBE.MC,865.44999242,23.1287,20016.75
batisseur,2026-09-04,ISRG,66.46284727,366.7,24371.93
batisseur,2026-09-04,JPM,145.4427925,358.64,52161.61
batisseur,2026-09-04,LLY,50.56276356,1149.36,58114.82
batisseur,2026-09-04,MA,41.22511357,579.21,23878.0
batisseur,2026-09-04,MELI,27.51319106,1978.36,54431.0
batisseur,2026-09-04,META,99.18011108,616.77,61171.32
batisseur,2026-09-04,MSFT,97.2337012,499.7,48587.68
batisseur,2026-09-04,NOW,242.66456714,141.26,34278.8
batisseur,2026-09-04,NVDA,407.12468193,230.36,93785.24
batisseur,2026-09-04,NVO,668.5981725,46.6,31156.67
batisseur,2026-09-04,RMS.PA,10.23441313,1694.2452,17339.61
batisseur,2026-09-04,STZ,133.51134846,128.18,17113.48
batisseur,2026-09-04,ULTA,56.33485437,564.12,31779.62
batisseur,2026-09-04,V,124.21202994,375.07,46588.21
batisseur,2026-09-04,VRSK,166.25103907,185.79,30887.78
batisseur,2026-09-04,WM,133.63624215,218.99,29265.0
batisseur,2026-09-04,ZM,183.31805683,101.33,18575.62
batisseur,2026-09-05,AMZN,219.33832937,258.51,56701.15
batisseur,2026-09-05,AVGO,71.73876084,357.9,25675.3
batisseur,2026-09-05,BABA,302.43459852,113.24,34247.69
batisseur,2026-09-05,BSX,714.54090747,47.8,34155.05
batisseur,2026-09-05,CASH,-18.54,1.0,-18.54
batisseur,2026-09-05,CRCL,175.14668535,102.05,17873.72
batisseur,2026-09-05,CSGP,571.12965637,30.91,17653.62
batisseur,2026-09-05,CSU.TO,38.63784004,2192.9439,84730.61
batisseur,2026-09-05,DPZ,60.28999488,341.08,20563.71
batisseur,2026-09-05,EL.PA,144.83315413,174.1921,25228.8
batisseur,2026-09-05,FICO,28.13546288,932.26,26229.57
batisseur,2026-09-05,IBE.MC,865.44999242,23.1287,20016.75
batisseur,2026-09-05,ISRG,66.46284727,366.7,24371.93
batisseur,2026-09-05,JPM,145.4427925,358.64,52161.61
batisseur,2026-09-05,LLY,50.56276356,1149.36,58114.82
batisseur,2026-09-05,MA,41.22511357,579.21,23878.0
batisseur,2026-09-05,MELI,27.51319106,1978.36,54431.0
batisseur,2026-09-05,META,99.18011108,616.77,61171.32
batisseur,2026-09-05,MSFT,97.2337012,499.7,48587.68
batisseur,2026-09-05,NOW,242.66456714,141.26,34278.8
batisseur,2026-09-05,NVDA,407.12468193,230.36,93785.24
batisseur,2026-09-05,NVO,668.5981725,46.6,31156.67
batisseur,2026-09-05,RMS.PA,10.23441313,1694.2452,17339.61
batisseur,2026-09-05,STZ,133.51134846,128.18,17113.48
batisseur,2026-09-05,ULTA,56.33485437,564.12,31779.62
batisseur,2026-09-05,V,124.21202994,375.07,46588.21
batisseur,2026-09-05,VRSK,166.25103907,185.79,30887.78
batisseur,2026-09-05,WM,133.63624215,218.99,29265.0
batisseur,2026-09-05,ZM,183.31805683,101.33,18575.62
batisseur,2026-09-06,AMZN,219.33832937,258.51,56701.15
batisseur,2026-09-06,AVGO,71.73876084,357.9,25675.3
batisseur,2026-09-06,BABA,302.43459852,113.24,34247.69
batisseur,2026-09-06,BSX,714.54090747,47.8,34155.05
batisseur,2026-09-06,CASH,-18.54,1.0,-18.54
batisseur,2026-09-06,CRCL,175.14668535,102.05,17873.72
batisseur,2026-09-06,CSGP,571.12965637,30.91,17653.62
batisseur,2026-09-06,CSU.TO,38.63784004,2192.9439,84730.61
batisseur,2026-09-06,DPZ,60.28999488,341.08,20563.71
batisseur,2026-09-06,EL.PA,144.83315413,174.1921,25228.8
batisseur,2026-09-06,FICO,28.13546288,932.26,26229.57
batisseur,2026-09-06,IBE.MC,865.44999242,23.1287,20016.75
batisseur,2026-09-06,ISRG,66.46284727,366.7,24371.93
batisseur,2026-09-06,JPM,145.4427925,358.64,52161.61
batisseur,2026-09-06,LLY,50.56276356,1149.36,58114.82
batisseur,2026-09-06,MA,41.22511357,579.21,23878.0
batisseur,2026-09-06,MELI,27.51319106,1978.36,54431.0
batisseur,2026-09-06,META,99.18011108,616.77,61171.32
batisseur,2026-09-06,MSFT,97.2337012,499.7,48587.68
batisseur,2026-09-06,NOW,242.66456714,141.26,34278.8
batisseur,2026-09-06,NVDA,407.12468193,230.36,93785.24
batisseur,2026-09-06,NVO,668.5981725,46.6,31156.67
batisseur,2026-09-06,RMS.PA,10.23441313,1694.2452,17339.61
batisseur,2026-09-06,STZ,133.51134846,128.18,17113.48
batisseur,2026-09-06,ULTA,56.33485437,564.12,31779.62
batisseur,2026-09-06,V,124.21202994,375.07,46588.21
batisseur,2026-09-06,VRSK,166.25103907,185.79,30887.78
batisseur,2026-09-06,WM,133.63624215,218.99,29265.0
batisseur,2026-09-06,ZM,183.31805683,101.33,18575.62
batisseur,2026-09-07,AMZN,219.33832937,258.51,56701.15
batisseur,2026-09-07,AVGO,71.73876084,357.9,25675.3
batisseur,2026-09-07,BABA,302.43459852,113.24,34247.69
batisseur,2026-09-07,BSX,714.54090747,47.8,34155.05
batisseur,2026-09-07,CASH,-18.54,1.0,-18.54
batisseur,2026-09-07,CRCL,175.14668535,102.05,17873.72
batisseur,2026-09-07,CSGP,571.12965637,30.91,17653.62
batisseur,2026-09-07,CSU.TO,38.63784004,2185.9371,84459.89
batisseur,2026-09-07,DPZ,60.28999488,341.08,20563.71
batisseur,2026-09-07,EL.PA,144.83315413,172.5259,24987.47
batisseur,2026-09-07,FICO,28.13546288,932.26,26229.57
batisseur,2026-09-07,IBE.MC,865.44999242,23.0306,19931.79
batisseur,2026-09-07,ISRG,66.46284727,366.7,24371.93
batisseur,2026-09-07,JPM,145.4427925,358.64,52161.61
batisseur,2026-09-07,LLY,50.56276356,1149.36,58114.82
batisseur,2026-09-07,MA,41.22511357,579.21,23878.0
batisseur,2026-09-07,MELI,27.51319106,1978.36,54431.0
batisseur,2026-09-07,META,99.18011108,616.77,61171.32
batisseur,2026-09-07,MSFT,97.2337012,499.7,48587.68
batisseur,2026-09-07,NOW,242.66456714,141.26,34278.8
batisseur,2026-09-07,NVDA,407.12468193,230.36,93785.24
batisseur,2026-09-07,NVO,668.5981725,46.6,31156.67
batisseur,2026-09-07,RMS.PA,10.23441313,1713.0646,17532.21
batisseur,2026-09-07,STZ,133.51134846,128.18,17113.48
batisseur,2026-09-07,ULTA,56.33485437,564.12,31779.62
batisseur,2026-09-07,V,124.21202994,375.07,46588.21
batisseur,2026-09-07,VRSK,166.25103907,185.79,30887.78
batisseur,2026-09-07,WM,133.63624215,218.99,29265.0
batisseur,2026-09-07,ZM,183.31805683,101.33,18575.62
batisseur,2026-09-08,AMZN,219.33832937,256.97,56363.37
batisseur,2026-09-08,AVGO,71.73876084,368.56,26440.04
batisseur,2026-09-08,BABA,302.43459852,112.66,34072.28
batisseur,2026-09-08,BSX,714.54090747,44.98,32140.05
batisseur,2026-09-08,CASH,-18.54,1.0,-18.54
batisseur,2026-09-08,CRCL,175.14668535,96.18,16845.61
batisseur,2026-09-08,CSGP,571.12965637,30.34,17328.07
batisseur,2026-09-08,CSU.TO,38.63784004,2067.2298,79873.3
batisseur,2026-09-08,DPZ,60.28999488,335.41,20221.87
batisseur,2026-09-08,EL.PA,144.83315413,173.9495,25193.65
batisseur,2026-09-08,FICO,28.13546288,933.3,26258.83
batisseur,2026-09-08,IBE.MC,865.44999242,23.1157,20005.52
batisseur,2026-09-08,ISRG,66.46284727,350.16,23272.63
batisseur,2026-09-08,JPM,145.4427925,353.51,51415.48
batisseur,2026-09-08,LLY,50.56276356,1123.91,56828.0
batisseur,2026-09-08,MA,41.22511357,570.89,23535.01
batisseur,2026-09-08,MELI,27.51319106,1926.25,52997.28
batisseur,2026-09-08,META,99.18011108,613.48,60845.01
batisseur,2026-09-08,MSFT,97.2337012,493.95,48028.59
batisseur,2026-09-08,NOW,242.66456714,134.21,32568.01
batisseur,2026-09-08,NVDA,407.12468193,225.73,91900.25
batisseur,2026-09-08,NVO,668.5981725,45.16,30193.89
batisseur,2026-09-08,RMS.PA,10.23441313,1677.2867,17166.04
batisseur,2026-09-08,STZ,133.51134846,120.98,16152.2
batisseur,2026-09-08,ULTA,56.33485437,549.23,30940.79
batisseur,2026-09-08,V,124.21202994,368.64,45789.52
batisseur,2026-09-08,VRSK,166.25103907,175.49,29175.4
batisseur,2026-09-08,WM,133.63624215,217.78,29103.3
batisseur,2026-09-08,ZM,183.31805683,96.44,17679.19
batisseur,2026-09-09,AMZN,219.33832937,252.4,55360.99
batisseur,2026-09-09,AVGO,71.73876084,364.38,26140.17
batisseur,2026-09-09,BABA,302.43459852,109.4,33086.35
batisseur,2026-09-09,BSX,714.54090747,44.96,32125.76
batisseur,2026-09-09,CASH,-18.54,1.0,-18.54
batisseur,2026-09-09,CRCL,175.14668535,92.99,16286.89
batisseur,2026-09-09,CSGP,571.12965637,29.58,16894.02
batisseur,2026-09-09,CSU.TO,38.63784004,2033.7434,78579.45
batisseur,2026-09-09,DPZ,60.28999488,321.46,19380.82
batisseur,2026-09-09,EL.PA,144.83315413,173.2478,25092.02
batisseur,2026-09-09,FICO,28.13546288,983.19,27662.51
batisseur,2026-09-09,IBE.MC,865.44999242,23.1675,20050.34
batisseur,2026-09-09,ISRG,66.46284727,353.24,23477.34
batisseur,2026-09-09,JPM,145.4427925,354.71,51590.01
batisseur,2026-09-09,LLY,50.56276356,1124.21,56843.16
batisseur,2026-09-09,MA,41.22511357,567.5,23395.25
batisseur,2026-09-09,MELI,27.51319106,1876.33,51623.82
batisseur,2026-09-09,META,99.18011108,653.69,64833.05
batisseur,2026-09-09,MSFT,97.2337012,491.65,47804.95
batisseur,2026-09-09,NOW,242.66456714,131.11,31815.75
batisseur,2026-09-09,NVDA,407.12468193,223.67,91061.58
batisseur,2026-09-09,NVO,668.5981725,44.56,29792.74
batisseur,2026-09-09,RMS.PA,10.23441313,1638.2959,16767.0
batisseur,2026-09-09,STZ,133.51134846,121.55,16228.3
batisseur,2026-09-09,ULTA,56.33485437,541.86,30525.6
batisseur,2026-09-09,V,124.21202994,367.39,45634.26
batisseur,2026-09-09,VRSK,166.25103907,177.99,29591.02
batisseur,2026-09-09,WM,133.63624215,216.44,28924.23
batisseur,2026-09-09,ZM,183.31805683,96.18,17631.53
batisseur,2026-09-10,AMZN,219.33832937,251.89,55249.13
batisseur,2026-09-10,AVGO,71.73876084,360.83,25885.5
batisseur,2026-09-10,BABA,302.43459852,108.56,32832.3
batisseur,2026-09-10,BSX,714.54090747,43.1,30796.71
batisseur,2026-09-10,CASH,-18.54,1.0,-18.54
batisseur,2026-09-10,CRCL,175.14668535,90.32,15819.25
batisseur,2026-09-10,CSGP,571.12965637,29.49,16842.61
batisseur,2026-09-10,CSU.TO,38.63784004,1998.7539,77227.53
batisseur,2026-09-10,DPZ,60.28999488,317.3,19130.01
batisseur,2026-09-10,EL.PA,144.83315413,169.6798,24575.27
batisseur,2026-09-10,FICO,28.13546288,960.67,27028.89
batisseur,2026-09-10,IBE.MC,865.44999242,23.291,20157.18
batisseur,2026-09-10,ISRG,66.46284727,360.46,23957.2
batisseur,2026-09-10,JPM,145.4427925,353.56,51422.75
batisseur,2026-09-10,LLY,50.56276356,1123.0,56781.98
batisseur,2026-09-10,MA,41.22511357,565.37,23307.44
batisseur,2026-09-10,MELI,27.51319106,1906.24,52446.75
batisseur,2026-09-10,META,99.18011108,644.38,63909.68
batisseur,2026-09-10,MSFT,97.2337012,492.44,47881.76
batisseur,2026-09-10,NOW,242.66456714,131.17,31830.31
batisseur,2026-09-10,NVDA,407.12468193,218.36,88899.75
batisseur,2026-09-10,NVO,668.5981725,44.01,29425.0
batisseur,2026-09-10,RMS.PA,10.23441313,1639.2107,16776.36
batisseur,2026-09-10,STZ,133.51134846,123.81,16530.04
batisseur,2026-09-10,ULTA,56.33485437,535.63,30174.64
batisseur,2026-09-10,V,124.21202994,367.21,45611.9
batisseur,2026-09-10,VRSK,166.25103907,175.86,29236.91
batisseur,2026-09-10,WM,133.63624215,214.77,28701.06
batisseur,2026-09-10,ZM,183.31805683,95.46,17499.54
batisseur,2026-09-11,AMZN,219.33832937,256.78,56321.7
batisseur,2026-09-11,AVGO,71.73876084,361.99,25968.71
batisseur,2026-09-11,BABA,302.43459852,109.3,33056.1
batisseur,2026-09-11,BSX,714.54090747,42.98,30710.97
batisseur,2026-09-11,CASH,-18.54,1.0,-18.54
batisseur,2026-09-11,CRCL,175.14668535,90.6,15868.29
batisseur,2026-09-11,CSGP,571.12965637,30.46,17396.61
batisseur,2026-09-11,CSU.TO,38.63784004,2044.0033,78975.87
batisseur,2026-09-11,DPZ,60.28999488,311.6,18786.36
batisseur,2026-09-11,EL.PA,144.83315413,169.9697,24617.25
batisseur,2026-09-11,FICO,28.13546288,985.39,27724.4
batisseur,2026-09-11,IBE.MC,865.44999242,23.4057,20256.43
batisseur,2026-09-11,ISRG,66.46284727,369.15,24534.76
batisseur,2026-09-11,JPM,145.4427925,356.23,51811.09
batisseur,2026-09-11,LLY,50.56276356,1115.7,56412.87
batisseur,2026-09-11,MA,41.22511357,569.19,23464.92
batisseur,2026-09-11,MELI,27.51319106,1897.37,52202.7
batisseur,2026-09-11,META,99.18011108,648.03,64271.69
batisseur,2026-09-11,MSFT,97.2337012,495.63,48191.94
batisseur,2026-09-11,NOW,242.66456714,132.53,32160.33
batisseur,2026-09-11,NVDA,407.12468193,218.29,88871.24
batisseur,2026-09-11,NVO,668.5981725,43.07,28796.52
batisseur,2026-09-11,RMS.PA,10.23441313,1624.8128,16629.01
batisseur,2026-09-11,STZ,133.51134846,122.45,16348.46
batisseur,2026-09-11,ULTA,56.33485437,546.78,30802.77
batisseur,2026-09-11,V,124.21202994,370.45,46014.35
batisseur,2026-09-11,VRSK,166.25103907,176.2,29293.43
batisseur,2026-09-11,WM,133.63624215,213.46,28525.99
batisseur,2026-09-11,ZM,183.31805683,95.57,17519.71
batisseur,2026-09-12,AMZN,219.33832937,256.78,56321.7
batisseur,2026-09-12,AVGO,71.73876084,361.99,25968.71
batisseur,2026-09-12,BABA,302.43459852,109.3,33056.1
batisseur,2026-09-12,BSX,714.54090747,42.98,30710.97
batisseur,2026-09-12,CASH,-18.54,1.0,-18.54
batisseur,2026-09-12,CRCL,175.14668535,90.6,15868.29
batisseur,2026-09-12,CSGP,571.12965637,30.46,17396.61
batisseur,2026-09-12,CSU.TO,38.63784004,2044.0033,78975.87
batisseur,2026-09-12,DPZ,60.28999488,311.6,18786.36
batisseur,2026-09-12,EL.PA,144.83315413,169.9697,24617.25
batisseur,2026-09-12,FICO,28.13546288,985.39,27724.4
batisseur,2026-09-12,IBE.MC,865.44999242,23.4057,20256.43
batisseur,2026-09-12,ISRG,66.46284727,369.15,24534.76
batisseur,2026-09-12,JPM,145.4427925,356.23,51811.09
batisseur,2026-09-12,LLY,50.56276356,1115.7,56412.87
batisseur,2026-09-12,MA,41.22511357,569.19,23464.92
batisseur,2026-09-12,MELI,27.51319106,1897.37,52202.7
batisseur,2026-09-12,META,99.18011108,648.03,64271.69
batisseur,2026-09-12,MSFT,97.2337012,495.63,48191.94
batisseur,2026-09-12,NOW,242.66456714,132.53,32160.33
batisseur,2026-09-12,NVDA,407.12468193,218.29,88871.24
batisseur,2026-09-12,NVO,668.5981725,43.07,28796.52
batisseur,2026-09-12,RMS.PA,10.23441313,1624.8128,16629.01
batisseur,2026-09-12,STZ,133.51134846,122.45,16348.46
batisseur,2026-09-12,ULTA,56.33485437,546.78,30802.77
batisseur,2026-09-12,V,124.21202994,370.45,46014.35
batisseur,2026-09-12,VRSK,166.25103907,176.2,29293.43
batisseur,2026-09-12,WM,133.63624215,213.46,28525.99
batisseur,2026-09-12,ZM,183.31805683,95.57,17519.71
batisseur,2026-09-13,AMZN,219.33832937,256.78,56321.7
batisseur,2026-09-13,AVGO,71.73876084,361.99,25968.71
batisseur,2026-09-13,BABA,302.43459852,109.3,33056.1
batisseur,2026-09-13,BSX,714.54090747,42.98,30710.97
batisseur,2026-09-13,CASH,-18.54,1.0,-18.54
batisseur,2026-09-13,CRCL,175.14668535,90.6,15868.29
batisseur,2026-09-13,CSGP,571.12965637,30.46,17396.61
batisseur,2026-09-13,CSU.TO,38.63784004,2044.0033,78975.87
batisseur,2026-09-13,DPZ,60.28999488,311.6,18786.36
batisseur,2026-09-13,EL.PA,144.83315413,169.9697,24617.25
batisseur,2026-09-13,FICO,28.13546288,985.39,27724.4
batisseur,2026-09-13,IBE.MC,865.44999242,23.4057,20256.43
batisseur,2026-09-13,ISRG,66.46284727,369.15,24534.76
batisseur,2026-09-13,JPM,145.4427925,356.23,51811.09
batisseur,2026-09-13,LLY,50.56276356,1115.7,56412.87
batisseur,2026-09-13,MA,41.22511357,569.19,23464.92
batisseur,2026-09-13,MELI,27.51319106,1897.37,52202.7
batisseur,2026-09-13,META,99.18011108,648.03,64271.69
batisseur,2026-09-13,MSFT,97.2337012,495.63,48191.94
batisseur,2026-09-13,NOW,242.66456714,132.53,32160.33
batisseur,2026-09-13,NVDA,407.12468193,218.29,88871.24
batisseur,2026-09-13,NVO,668.5981725,43.07,28796.52
batisseur,2026-09-13,RMS.PA,10.23441313,1624.8128,16629.01
batisseur,2026-09-13,STZ,133.51134846,122.45,16348.46
batisseur,2026-09-13,ULTA,56.33485437,546.78,30802.77
batisseur,2026-09-13,V,124.21202994,370.45,46014.35
batisseur,2026-09-13,VRSK,166.25103907,176.2,29293.43
batisseur,2026-09-13,WM,133.63624215,213.46,28525.99
batisseur,2026-09-13,ZM,183.31805683,95.57,17519.71
batisseur,2026-09-14,AMZN,219.33832937,253.54,55611.04
batisseur,2026-09-14,AVGO,71.73876084,344.72,24729.79
batisseur,2026-09-14,BABA,302.43459852,109.23,33034.93
batisseur,2026-09-14,BSX,714.54090747,45.05,32190.07
batisseur,2026-09-14,CASH,-18.54,1.0,-18.54
batisseur,2026-09-14,CRCL,175.14668535,97.42,17062.79
batisseur,2026-09-14,CSGP,571.12965637,31.52,18002.01
batisseur,2026-09-14,CSU.TO,38.63784004,2134.4704,82471.33
batisseur,2026-09-14,DPZ,60.28999488,323.77,19520.09
batisseur,2026-09-14,EL.PA,144.83315413,171.2424,24801.58
batisseur,2026-09-14,FICO,28.13546288,1001.5,28177.67
batisseur,2026-09-14,IBE.MC,865.44999242,22.8574,19781.97
batisseur,2026-09-14,ISRG,66.46284727,377.94,25118.97
batisseur,2026-09-14,JPM,145.4427925,350.13,50923.89
batisseur,2026-09-14,LLY,50.56276356,1138.28,57554.58
batisseur,2026-09-14,MA,41.22511357,574.42,23680.53
batisseur,2026-09-14,MELI,27.51319106,1900.24,52281.67
batisseur,2026-09-14,META,99.18011108,665.6,66014.28
batisseur,2026-09-14,MSFT,97.2337012,505.41,49142.89
batisseur,2026-09-14,NOW,242.66456714,142.35,34543.3
batisseur,2026-09-14,NVDA,407.12468193,210.96,85887.03
batisseur,2026-09-14,NVO,668.5981725,43.45,29050.59
batisseur,2026-09-14,RMS.PA,10.23441313,1639.3823,16778.12
batisseur,2026-09-14,STZ,133.51134846,125.0,16688.92
batisseur,2026-09-14,ULTA,56.33485437,548.65,30908.12
batisseur,2026-09-14,V,124.21202994,375.28,46614.29
batisseur,2026-09-14,VRSK,166.25103907,187.03,31093.93
batisseur,2026-09-14,WM,133.63624215,218.09,29144.73
batisseur,2026-09-14,ZM,183.31805683,95.36,17481.21
batisseur,2026-09-15,AMZN,219.33832937,248.42,54488.03
batisseur,2026-09-15,AVGO,71.73876084,339.27,24338.81
batisseur,2026-09-15,BABA,302.43459852,109.34,33068.2
batisseur,2026-09-15,BSX,714.54090747,43.87,31346.91
batisseur,2026-09-15,CASH,-18.54,1.0,-18.54
batisseur,2026-09-15,CRCL,175.14668535,86.3,15115.16
batisseur,2026-09-15,CSGP,571.12965637,31.56,18024.85
batisseur,2026-09-15,CSU.TO,38.63784004,2064.98,79786.37
batisseur,2026-09-15,DPZ,60.28999488,310.82,18739.34
batisseur,2026-09-15,EL.PA,144.83315413,166.761,24152.52
batisseur,2026-09-15,FICO,28.13546288,985.96,27740.44
batisseur,2026-09-15,IBE.MC,865.44999242,23.1433,20029.35
batisseur,2026-09-15,ISRG,66.46284727,377.16,25067.13
batisseur,2026-09-15,JPM,145.4427925,352.49,51267.13
batisseur,2026-09-15,LLY,50.56276356,1136.11,57444.86
batisseur,2026-09-15,MA,41.22511357,573.27,23633.12
batisseur,2026-09-15,MELI,27.51319106,1828.9399,50319.97
batisseur,2026-09-15,META,99.18011108,670.24,66474.48
batisseur,2026-09-15,MSFT,97.2337012,497.12,48336.82
batisseur,2026-09-15,NOW,242.66456714,141.9,34434.1
batisseur,2026-09-15,NVDA,407.12468193,212.17,86379.64
batisseur,2026-09-15,NVO,668.5981725,42.53,28435.48
batisseur,2026-09-15,RMS.PA,10.23441313,1587.9248,16251.48
batisseur,2026-09-15,STZ,133.51134846,123.62,16504.67
batisseur,2026-09-15,ULTA,56.33485437,544.32,30664.19
batisseur,2026-09-15,V,124.21202994,375.62,46656.52
batisseur,2026-09-15,VRSK,166.25103907,180.08,29938.49
batisseur,2026-09-15,WM,133.63624215,217.25,29032.47
batisseur,2026-09-15,ZM,183.31805683,93.07,17061.41
batisseur,2026-09-16,AMZN,219.33832937,245.96,53948.46
batisseur,2026-09-16,AVGO,71.73876084,339.51,24356.03
batisseur,2026-09-16,BABA,302.43459852,107.27,32442.16
batisseur,2026-09-16,BSX,714.54090747,43.91,31375.49
batisseur,2026-09-16,CASH,-18.54,1.0,-18.54
batisseur,2026-09-16,CRCL,175.14668535,80.45,14090.55
batisseur,2026-09-16,CSGP,571.12965637,30.36,17339.5
batisseur,2026-09-16,CSU.TO,38.63784004,2037.0798,78708.36
batisseur,2026-09-16,DPZ,60.28999488,301.3,18165.37
batisseur,2026-09-16,EL.PA,144.83315413,167.4109,24246.64
batisseur,2026-09-16,FICO,28.13546288,991.35,27892.09
batisseur,2026-09-16,IBE.MC,865.44999242,23.3521,20210.11
batisseur,2026-09-16,ISRG,66.46284727,382.29,25408.08
batisseur,2026-09-16,JPM,145.4427925,348.92,50747.9
batisseur,2026-09-16,LLY,50.56276356,1137.8199,57531.32
batisseur,2026-09-16,MA,41.22511357,567.75,23405.56
batisseur,2026-09-16,MELI,27.51319106,1839.71,50616.29
batisseur,2026-09-16,META,99.18011108,673.31,66778.96
batisseur,2026-09-16,MSFT,97.2337012,490.3,47673.68
batisseur,2026-09-16,NOW,242.66456714,139.82,33929.36
batisseur,2026-09-16,NVDA,407.12468193,213.9,87083.97
batisseur,2026-09-16,NVO,668.5981725,41.71,27887.23
batisseur,2026-09-16,RMS.PA,10.23441313,1595.6527,16330.57
batisseur,2026-09-16,STZ,133.51134846,123.03,16425.9
batisseur,2026-09-16,ULTA,56.33485437,530.52,29886.77
batisseur,2026-09-16,V,124.21202994,370.93,46073.97
batisseur,2026-09-16,VRSK,166.25103907,181.75,30216.13
batisseur,2026-09-16,WM,133.63624215,214.0,28598.16
batisseur,2026-09-16,ZM,183.31805683,91.94,16854.26
batisseur,2026-09-17,AMZN,219.33832937,251.19,55095.6
batisseur,2026-09-17,AVGO,71.73876084,347.3,24914.87
batisseur,2026-09-17,BABA,302.43459852,108.54,32826.25
batisseur,2026-09-17,BSX,714.54090747,43.55,31118.26
batisseur,2026-09-17,CASH,-18.54,1.0,-18.54
batisseur,2026-09-17,CRCL,175.14668535,85.09,14903.23
batisseur,2026-09-17,CSGP,571.12965637,29.3,16734.1
batisseur,2026-09-17,CSU.TO,38.63784004,2023.0621,78166.75
batisseur,2026-09-17,DPZ,60.28999488,297.65,17945.32
batisseur,2026-09-17,EL.PA,144.83315413,166.4277,24104.25
batisseur,2026-09-17,FICO,28.13546288,966.3,27187.3
batisseur,2026-09-17,IBE.MC,865.44999242,23.215,20091.42
batisseur,2026-09-17,ISRG,66.46284727,383.54,25491.16
batisseur,2026-09-17,JPM,145.4427925,349.31,50804.62
batisseur,2026-09-17,LLY,50.56276356,1152.4399,58270.55
batisseur,2026-09-17,MA,41.22511357,565.73,23322.28
batisseur,2026-09-17,MELI,27.51319106,1825.21,50217.35
batisseur,2026-09-17,META,99.18011108,682.31,67671.58
batisseur,2026-09-17,MSFT,97.2337012,497.75,48398.07
batisseur,2026-09-17,NOW,242.66456714,138.47,33601.76
batisseur,2026-09-17,NVDA,407.12468193,219.34,89298.73
batisseur,2026-09-17,NVO,668.5981725,43.19,28876.75
batisseur,2026-09-17,RMS.PA,10.23441313,1586.282,16234.67
batisseur,2026-09-17,STZ,133.51134846,122.45,16348.46
batisseur,2026-09-17,ULTA,56.33485437,543.73,30630.95
batisseur,2026-09-17,V,124.21202994,369.93,45949.76
batisseur,2026-09-17,VRSK,166.25103907,176.48,29339.98
batisseur,2026-09-17,WM,133.63624215,213.33,28508.62
batisseur,2026-09-17,ZM,183.31805683,92.16,16894.59
batisseur,2026-09-18,AMZN,219.33832937,253.71,55648.33
batisseur,2026-09-18,AVGO,71.73876084,357.61,25654.5
batisseur,2026-09-18,BABA,302.43459852,113.24,34247.69
batisseur,2026-09-18,BSX,714.54090747,43.34,30968.2
batisseur,2026-09-18,CASH,-18.54,1.0,-18.54
batisseur,2026-09-18,CRCL,175.14668535,91.78,16074.96
batisseur,2026-09-18,CSGP,571.12965637,29.09,16614.16
batisseur,2026-09-18,CSU.TO,38.63784004,2032.1867,78519.31
batisseur,2026-09-18,DPZ,60.28999488,294.2,17737.32
batisseur,2026-09-18,EL.PA,144.83315413,159.715,23132.03
batisseur,2026-09-18,FICO,28.13546288,949.68,26719.69
batisseur,2026-09-18,IBE.MC,865.44999242,23.3138,20176.93
batisseur,2026-09-18,ISRG,66.46284727,393.33,26141.83
batisseur,2026-09-18,JPM,145.4427925,349.67,50856.98
batisseur,2026-09-18,LLY,50.56276356,1152.9301,58295.33
batisseur,2026-09-18,MA,41.22511357,565.24,23302.08
batisseur,2026-09-18,MELI,27.51319106,1787.39,49176.8
batisseur,2026-09-18,META,99.18011108,665.75,66029.16
batisseur,2026-09-18,MSFT,97.2337012,493.78,48012.06
batisseur,2026-09-18,NOW,242.66456714,135.47,32873.77
batisseur,2026-09-18,NVDA,407.12468193,222.27,90491.6
batisseur,2026-09-18,NVO,668.5981725,43.24,28910.19
batisseur,2026-09-18,RMS.PA,10.23441313,1529.9323,15657.96
batisseur,2026-09-18,STZ,133.51134846,118.97,15883.85
batisseur,2026-09-18,ULTA,56.33485437,540.98,30476.03
batisseur,2026-09-18,V,124.21202994,368.29,45746.05
batisseur,2026-09-18,VRSK,166.25103907,175.41,29162.1
batisseur,2026-09-18,WM,133.63624215,211.1,28210.61
batisseur,2026-09-18,ZM,183.31805683,88.77,16273.14
batisseur,2026-09-19,AMZN,219.33832937,253.71,55648.33
batisseur,2026-09-19,AVGO,71.73876084,357.61,25654.5
batisseur,2026-09-19,BABA,302.43459852,113.24,34247.69
batisseur,2026-09-19,BSX,714.54090747,43.34,30968.2
batisseur,2026-09-19,CASH,-18.54,1.0,-18.54
batisseur,2026-09-19,CRCL,175.14668535,91.78,16074.96
batisseur,2026-09-19,CSGP,571.12965637,29.09,16614.16
batisseur,2026-09-19,CSU.TO,38.63784004,2032.1867,78519.31
batisseur,2026-09-19,DPZ,60.28999488,294.2,17737.32
batisseur,2026-09-19,EL.PA,144.83315413,159.715,23132.03
batisseur,2026-09-19,FICO,28.13546288,949.68,26719.69
batisseur,2026-09-19,IBE.MC,865.44999242,23.3138,20176.93
batisseur,2026-09-19,ISRG,66.46284727,393.33,26141.83
batisseur,2026-09-19,JPM,145.4427925,349.67,50856.98
batisseur,2026-09-19,LLY,50.56276356,1152.9301,58295.33
batisseur,2026-09-19,MA,41.22511357,565.24,23302.08
batisseur,2026-09-19,MELI,27.51319106,1787.39,49176.8
batisseur,2026-09-19,META,99.18011108,665.75,66029.16
batisseur,2026-09-19,MSFT,97.2337012,493.78,48012.06
batisseur,2026-09-19,NOW,242.66456714,135.47,32873.77
batisseur,2026-09-19,NVDA,407.12468193,222.27,90491.6
batisseur,2026-09-19,NVO,668.5981725,43.24,28910.19
batisseur,2026-09-19,RMS.PA,10.23441313,1529.9323,15657.96
batisseur,2026-09-19,STZ,133.51134846,118.97,15883.85
batisseur,2026-09-19,ULTA,56.33485437,540.98,30476.03
batisseur,2026-09-19,V,124.21202994,368.29,45746.05
batisseur,2026-09-19,VRSK,166.25103907,175.41,29162.1
batisseur,2026-09-19,WM,133.63624215,211.1,28210.61
batisseur,2026-09-19,ZM,183.31805683,88.77,16273.14
batisseur,2026-09-20,AMZN,219.33832937,253.71,55648.33
batisseur,2026-09-20,AVGO,71.73876084,357.61,25654.5
batisseur,2026-09-20,BABA,302.43459852,113.24,34247.69
batisseur,2026-09-20,BSX,714.54090747,43.34,30968.2
batisseur,2026-09-20,CASH,-18.54,1.0,-18.54
batisseur,2026-09-20,CRCL,175.14668535,91.78,16074.96
batisseur,2026-09-20,CSGP,571.12965637,29.09,16614.16
batisseur,2026-09-20,CSU.TO,38.63784004,2032.1867,78519.31
batisseur,2026-09-20,DPZ,60.28999488,294.2,17737.32
batisseur,2026-09-20,EL.PA,144.83315413,159.5171,23103.36
batisseur,2026-09-20,FICO,28.13546288,949.68,26719.69
batisseur,2026-09-20,IBE.MC,865.44999242,23.2849,20151.92
batisseur,2026-09-20,ISRG,66.46284727,393.33,26141.83
batisseur,2026-09-20,JPM,145.4427925,349.67,50856.98
batisseur,2026-09-20,LLY,50.56276356,1152.9301,58295.33
batisseur,2026-09-20,MA,41.22511357,565.24,23302.08
batisseur,2026-09-20,MELI,27.51319106,1787.39,49176.8
batisseur,2026-09-20,META,99.18011108,665.75,66029.16
batisseur,2026-09-20,MSFT,97.2337012,493.78,48012.06
batisseur,2026-09-20,NOW,242.66456714,135.47,32873.77
batisseur,2026-09-20,NVDA,407.12468193,222.27,90491.6
batisseur,2026-09-20,NVO,668.5981725,43.24,28910.19
batisseur,2026-09-20,RMS.PA,10.23441313,1528.036,15638.55
batisseur,2026-09-20,STZ,133.51134846,118.97,15883.85
batisseur,2026-09-20,ULTA,56.33485437,540.98,30476.03
batisseur,2026-09-20,V,124.21202994,368.29,45746.05
batisseur,2026-09-20,VRSK,166.25103907,175.41,29162.1
batisseur,2026-09-20,WM,133.63624215,211.1,28210.61
batisseur,2026-09-20,ZM,183.31805683,88.77,16273.14
batisseur,2026-09-21,AMZN,219.33832937,258.45,56687.99
batisseur,2026-09-21,AVGO,71.73876084,362.66,26016.78
batisseur,2026-09-21,BABA,302.43459852,115.75,35006.8
batisseur,2026-09-21,BSX,714.54090747,43.72,31239.73
batisseur,2026-09-21,CASH,-18.54,1.0,-18.54
batisseur,2026-09-21,CRCL,175.14668535,94.49,16549.61
batisseur,2026-09-21,CSGP,571.12965637,29.04,16585.61
batisseur,2026-09-21,CSU.TO,38.63784004,1991.5321,76948.5
batisseur,2026-09-21,DPZ,60.28999488,295.94,17842.22
batisseur,2026-09-21,EL.PA,144.83315413,162.1513,23484.88
batisseur,2026-09-21,FICO,28.13546288,924.52,26011.8
batisseur,2026-09-21,IBE.MC,865.44999242,23.3039,20168.33
batisseur,2026-09-21,ISRG,66.46284727,401.65,26694.8
batisseur,2026-09-21,JPM,145.4427925,352.04,51201.68
batisseur,2026-09-21,LLY,50.56276356,1164.89,58900.06
batisseur,2026-09-21,MA,41.22511357,567.65,23401.44
batisseur,2026-09-21,MELI,27.51319106,1820.47,50086.94
batisseur,2026-09-21,META,99.18011108,741.25,73517.26
batisseur,2026-09-21,MSFT,97.2337012,501.61,48773.4
batisseur,2026-09-21,NOW,242.66456714,137.68,33410.06
batisseur,2026-09-21,NVDA,407.12468193,227.38,92572.01
batisseur,2026-09-21,NVO,668.5981725,39.8,26610.21
batisseur,2026-09-21,RMS.PA,10.23441313,1542.8768,15790.44
batisseur,2026-09-21,STZ,133.51134846,118.39,15806.41
batisseur,2026-09-21,ULTA,56.33485437,557.86,31426.96
batisseur,2026-09-21,V,124.21202994,369.95,45952.24
batisseur,2026-09-21,VRSK,166.25103907,172.02,28598.5
batisseur,2026-09-21,WM,133.63624215,207.04,27668.05
batisseur,2026-09-21,ZM,183.31805683,90.9,16663.61
batisseur,2026-09-22,AMZN,219.33832937,254.98,55926.89
batisseur,2026-09-22,AVGO,71.73876084,364.54,26151.65
batisseur,2026-09-22,BABA,302.43459852,116.31,35176.17
batisseur,2026-09-22,BSX,714.54090747,43.72,31239.73
batisseur,2026-09-22,CASH,-18.54,1.0,-18.54
batisseur,2026-09-22,CRCL,175.14668535,94.59,16567.12
batisseur,2026-09-22,CSGP,571.12965637,29.04,16585.61
batisseur,2026-09-22,CSU.TO,38.63784004,1986.0398,76736.29
batisseur,2026-09-22,DPZ,60.28999488,295.94,17842.22
batisseur,2026-09-22,EL.PA,144.83315413,165.6635,23993.57
batisseur,2026-09-22,FICO,28.13546288,924.52,26011.8
batisseur,2026-09-22,IBE.MC,865.44999242,23.3534,20211.2
batisseur,2026-09-22,ISRG,66.46284727,401.65,26694.8
batisseur,2026-09-22,JPM,145.4427925,340.0,49450.55
batisseur,2026-09-22,LLY,50.56276356,1164.89,58900.06
batisseur,2026-09-22,MA,41.22511357,567.65,23401.44
batisseur,2026-09-22,MELI,27.51319106,1820.47,50086.94
batisseur,2026-09-22,META,99.18011108,736.6,73056.07
batisseur,2026-09-22,MSFT,97.2337012,498.0,48422.38
batisseur,2026-09-22,NOW,242.66456714,137.0,33245.05
batisseur,2026-09-22,NVDA,407.12468193,228.87,93178.62
batisseur,2026-09-22,NVO,668.5981725,39.4,26342.77
batisseur,2026-09-22,RMS.PA,10.23441313,1553.4537,15898.69
batisseur,2026-09-22,STZ,133.51134846,118.39,15806.41
batisseur,2026-09-22,ULTA,56.33485437,557.86,31426.96
batisseur,2026-09-22,V,124.21202994,369.95,45952.24
batisseur,2026-09-22,VRSK,166.25103907,172.02,28598.5
batisseur,2026-09-22,WM,133.63624215,207.04,27668.05
batisseur,2026-09-22,ZM,183.31805683,90.9,16663.61
batisseur,2026-09-23,AMZN,219.33832937,249.27,54674.47
batisseur,2026-09-23,AVGO,71.73876084,354.99,25466.54
batisseur,2026-09-23,BABA,302.43459852,110.8,33509.75
batisseur,2026-09-23,BSX,714.54090747,44.62,31882.81
batisseur,2026-09-23,CASH,-18.54,1.0,-18.54
batisseur,2026-09-23,CRCL,175.14668535,91.72,16064.45
batisseur,2026-09-23,CSGP,571.12965637,28.26,16140.12
batisseur,2026-09-23,CSU.TO,38.63784004,1980.2215,76511.48
batisseur,2026-09-23,DPZ,60.28999488,296.43,17871.76
batisseur,2026-09-23,EL.PA,144.83315413,171.6618,24862.32
batisseur,2026-09-23,FICO,28.13546288,879.62,24748.52
batisseur,2026-09-23,IBE.MC,865.44999242,23.0332,19934.12
batisseur,2026-09-23,ISRG,66.46284727,398.3,26472.15
batisseur,2026-09-23,JPM,145.4427925,337.53,49091.31
batisseur,2026-09-23,LLY,50.56276356,1150.99,58197.23
batisseur,2026-09-23,MA,41.22511357,559.92,23082.76
batisseur,2026-09-23,MELI,27.51319106,1799.24,49502.83
batisseur,2026-09-23,META,99.18011108,744.1,73799.92
batisseur,2026-09-23,MSFT,97.2337012,500.59,48674.22
batisseur,2026-09-23,NOW,242.66456714,140.78,34162.32
batisseur,2026-09-23,NVDA,407.12468193,225.51,91810.68
batisseur,2026-09-23,NVO,668.5981725,38.17,25520.39
batisseur,2026-09-23,RMS.PA,10.23441313,1544.8988,15811.13
batisseur,2026-09-23,STZ,133.51134846,116.57,15563.42
batisseur,2026-09-23,ULTA,56.33485437,543.81,30635.46
batisseur,2026-09-23,V,124.21202994,361.52,44905.13
batisseur,2026-09-23,VRSK,166.25103907,171.8,28561.93
batisseur,2026-09-23,WM,133.63624215,207.88,27780.3
batisseur,2026-09-23,ZM,183.31805683,91.9,16846.93
batisseur,2026-09-24,AMZN,219.33832937,249.38,54698.59
batisseur,2026-09-24,AVGO,71.73876084,350.36,25134.39
batisseur,2026-09-24,BABA,302.43459852,110.63,33458.34
batisseur,2026-09-24,BSX,714.54090747,44.68,31925.69
batisseur,2026-09-24,CASH,-18.54,1.0,-18.54
batisseur,2026-09-24,CRCL,175.14668535,93.0,16288.64
batisseur,2026-09-24,CSGP,571.12965637,27.86,15911.67
batisseur,2026-09-24,CSU.TO,38.63784004,2017.8379,77964.9
batisseur,2026-09-24,DPZ,60.28999488,293.03,17666.78
batisseur,2026-09-24,EL.PA,144.83315413,164.6957,23853.4
batisseur,2026-09-24,FICO,28.13546288,856.48,24097.46
batisseur,2026-09-24,IBE.MC,865.44999242,23.0483,19947.14
batisseur,2026-09-24,ISRG,66.46284727,399.52,26553.24
batisseur,2026-09-24,JPM,145.4427925,338.56,49241.11
batisseur,2026-09-24,LLY,50.56276356,1181.89,59759.63
batisseur,2026-09-24,MA,41.22511357,566.08,23336.71
batisseur,2026-09-24,MELI,27.51319106,1754.13,48261.71
batisseur,2026-09-24,META,99.18011108,777.59,77121.47
batisseur,2026-09-24,MSFT,97.2337012,497.93,48415.58
batisseur,2026-09-24,NOW,242.66456714,137.78,33434.32
batisseur,2026-09-24,NVDA,407.12468193,224.58,91432.06
batisseur,2026-09-24,NVO,668.5981725,38.62,25821.26
batisseur,2026-09-24,RMS.PA,10.23441313,1541.6747,15778.14
batisseur,2026-09-24,STZ,133.51134846,114.21,15248.33
batisseur,2026-09-24,ULTA,56.33485437,548.78,30915.44
batisseur,2026-09-24,V,124.21202994,367.98,45707.54
batisseur,2026-09-24,VRSK,166.25103907,168.65,28038.24
batisseur,2026-09-24,WM,133.63624215,207.96,27790.99
batisseur,2026-09-24,ZM,183.31805683,90.35,16562.79
batisseur,2026-09-25,AMZN,219.33832937,249.67,54762.2
batisseur,2026-09-25,AVGO,71.73876084,352.81,25310.15
batisseur,2026-09-25,BABA,302.43459852,109.74,33189.17
batisseur,2026-09-25,BSX,714.54090747,43.92,31382.64
batisseur,2026-09-25,CASH,-18.54,1.0,-18.54
batisseur,2026-09-25,CRCL,175.14668535,89.0,15588.05
batisseur,2026-09-25,CSGP,571.12965637,28.09,16043.03
batisseur,2026-09-25,CSU.TO,38.63784004,2030.9486,78471.47
batisseur,2026-09-25,DPZ,60.28999488,292.14,17613.12
batisseur,2026-09-25,EL.PA,144.83315413,163.6827,23706.68
batisseur,2026-09-25,FICO,28.13546288,863.09,24283.44
batisseur,2026-09-25,IBE.MC,865.44999242,23.1249,20013.42
batisseur,2026-09-25,ISRG,66.46284727,405.18,26929.42
batisseur,2026-09-25,JPM,145.4427925,343.06,49895.6
batisseur,2026-09-25,LLY,50.56276356,1183.46,59839.01
batisseur,2026-09-25,MA,41.22511357,567.65,23401.44
batisseur,2026-09-25,MELI,27.51319106,1752.61,48219.89
batisseur,2026-09-25,META,99.18011108,751.66,74549.72
batisseur,2026-09-25,MSFT,97.2337012,516.17,50189.12
batisseur,2026-09-25,NOW,242.66456714,135.62,32910.17
batisseur,2026-09-25,NVDA,407.12468193,225.07,91631.56
batisseur,2026-09-25,NVO,668.5981725,38.8,25941.61
batisseur,2026-09-25,RMS.PA,10.23441313,1532.7479,15686.78
batisseur,2026-09-25,STZ,133.51134846,113.63,15170.89
batisseur,2026-09-25,ULTA,56.33485437,545.2,30713.76
batisseur,2026-09-25,V,124.21202994,367.38,45633.02
batisseur,2026-09-25,VRSK,166.25103907,169.21,28131.34
batisseur,2026-09-25,WM,133.63624215,206.83,27639.98
batisseur,2026-09-25,ZM,183.31805683,89.71,16445.46
batisseur,2026-09-26,AMZN,219.33832937,249.67,54762.2
batisseur,2026-09-26,AVGO,71.73876084,352.81,25310.15
batisseur,2026-09-26,BABA,302.43459852,109.74,33189.17
batisseur,2026-09-26,BSX,714.54090747,43.92,31382.64
batisseur,2026-09-26,CASH,-18.54,1.0,-18.54
batisseur,2026-09-26,CRCL,175.14668535,89.0,15588.05
batisseur,2026-09-26,CSGP,571.12965637,28.09,16043.03
batisseur,2026-09-26,CSU.TO,38.63784004,2030.9486,78471.47
batisseur,2026-09-26,DPZ,60.28999488,292.14,17613.12
batisseur,2026-09-26,EL.PA,144.83315413,164.0634,23761.82
batisseur,2026-09-26,FICO,28.13546288,863.09,24283.44
batisseur,2026-09-26,IBE.MC,865.44999242,23.1787,20059.97
batisseur,2026-09-26,ISRG,66.46284727,405.18,26929.42
batisseur,2026-09-26,JPM,145.4427925,343.06,49895.6
batisseur,2026-09-26,LLY,50.56276356,1183.46,59839.01
batisseur,2026-09-26,MA,41.22511357,567.65,23401.44
batisseur,2026-09-26,MELI,27.51319106,1752.61,48219.89
batisseur,2026-09-26,META,99.18011108,751.66,74549.72
batisseur,2026-09-26,MSFT,97.2337012,516.17,50189.12
batisseur,2026-09-26,NOW,242.66456714,135.62,32910.17
batisseur,2026-09-26,NVDA,407.12468193,225.07,91631.56
batisseur,2026-09-26,NVO,668.5981725,38.8,25941.61
batisseur,2026-09-26,RMS.PA,10.23441313,1536.3129,15723.26
batisseur,2026-09-26,STZ,133.51134846,113.63,15170.89
batisseur,2026-09-26,ULTA,56.33485437,545.2,30713.76
batisseur,2026-09-26,V,124.21202994,367.38,45633.02
batisseur,2026-09-26,VRSK,166.25103907,169.21,28131.34
batisseur,2026-09-26,WM,133.63624215,206.83,27639.98
batisseur,2026-09-26,ZM,183.31805683,89.71,16445.46
batisseur,2026-09-27,AMZN,219.33832937,249.67,54762.2
batisseur,2026-09-27,AVGO,71.73876084,352.81,25310.15
batisseur,2026-09-27,BABA,302.43459852,109.74,33189.17
batisseur,2026-09-27,BSX,714.54090747,43.92,31382.64
batisseur,2026-09-27,CASH,-18.54,1.0,-18.54
batisseur,2026-09-27,CRCL,175.14668535,89.0,15588.05
batisseur,2026-09-27,CSGP,571.12965637,28.09,16043.03
batisseur,2026-09-27,CSU.TO,38.63784004,2030.9486,78471.47
batisseur,2026-09-27,DPZ,60.28999488,292.14,17613.12
batisseur,2026-09-27,EL.PA,144.83315413,163.6827,23706.68
batisseur,2026-09-27,FICO,28.13546288,863.09,24283.44
batisseur,2026-09-27,IBE.MC,865.44999242,23.1249,20013.42
batisseur,2026-09-27,ISRG,66.46284727,405.18,26929.42
batisseur,2026-09-27,JPM,145.4427925,343.06,49895.6
batisseur,2026-09-27,LLY,50.56276356,1183.46,59839.01
batisseur,2026-09-27,MA,41.22511357,567.65,23401.44
batisseur,2026-09-27,MELI,27.51319106,1752.61,48219.89
batisseur,2026-09-27,META,99.18011108,751.66,74549.72
batisseur,2026-09-27,MSFT,97.2337012,516.17,50189.12
batisseur,2026-09-27,NOW,242.66456714,135.62,32910.17
batisseur,2026-09-27,NVDA,407.12468193,225.07,91631.56
batisseur,2026-09-27,NVO,668.5981725,38.8,25941.61
batisseur,2026-09-27,RMS.PA,10.23441313,1532.7479,15686.78
batisseur,2026-09-27,STZ,133.51134846,113.63,15170.89
batisseur,2026-09-27,ULTA,56.33485437,545.2,30713.76
batisseur,2026-09-27,V,124.21202994,367.38,45633.02
batisseur,2026-09-27,VRSK,166.25103907,169.21,28131.34
batisseur,2026-09-27,WM,133.63624215,206.83,27639.98
batisseur,2026-09-27,ZM,183.31805683,89.71,16445.46
batisseur,2026-09-28,AMZN,219.33832937,246.15,53990.13
batisseur,2026-09-28,AVGO,71.73876084,349.57,25077.72
batisseur,2026-09-28,BABA,302.43459852,108.76,32892.79
batisseur,2026-09-28,BSX,714.54090747,44.11,31518.4
batisseur,2026-09-28,CASH,-18.54,1.0,-18.54
batisseur,2026-09-28,CRCL,175.14668535,85.8,15027.59
batisseur,2026-09-28,CSGP,571.12965637,27.02,15431.92
batisseur,2026-09-28,CSU.TO,38.63784004,2019.8095,78041.08
batisseur,2026-09-28,DPZ,60.28999488,292.27,17620.96
batisseur,2026-09-28,EL.PA,144.83315413,166.2324,24075.96
batisseur,2026-09-28,FICO,28.13546288,840.89,23658.83
batisseur,2026-09-28,IBE.MC,865.44999242,23.1428,20028.96
batisseur,2026-09-28,ISRG,66.46284727,414.79,27568.12
batisseur,2026-09-28,JPM,145.4427925,336.59,48954.59
batisseur,2026-09-28,LLY,50.56276356,1184.78,59905.75
batisseur,2026-09-28,MA,41.22511357,568.26,23426.58
batisseur,2026-09-28,MELI,27.51319106,1712.41,47113.86
batisseur,2026-09-28,META,99.18011108,715.62,70975.27
batisseur,2026-09-28,MSFT,97.2337012,509.22,49513.35
batisseur,2026-09-28,NOW,242.66456714,131.45,31898.26
batisseur,2026-09-28,NVDA,407.12468193,228.86,93174.55
batisseur,2026-09-28,NVO,668.5981725,38.71,25881.43
batisseur,2026-09-28,RMS.PA,10.23441313,1571.869,16087.16
batisseur,2026-09-28,STZ,133.51134846,112.92,15076.1
batisseur,2026-09-28,ULTA,56.33485437,549.13,30935.16
batisseur,2026-09-28,V,124.21202994,367.74,45677.73
batisseur,2026-09-28,VRSK,166.25103907,167.77,27891.94
batisseur,2026-09-28,WM,133.63624215,206.44,27587.87
batisseur,2026-09-28,ZM,183.31805683,87.3,16003.67
batisseur,2026-09-29,AMZN,219.33832937,246.67,54104.19
batisseur,2026-09-29,AVGO,71.73876084,355.1,25474.43
batisseur,2026-09-29,BABA,302.43459852,107.74,32584.3
batisseur,2026-09-29,BSX,714.54090747,43.88,31354.06
batisseur,2026-09-29,CASH,-18.54,1.0,-18.54
batisseur,2026-09-29,CRCL,175.14668535,83.7,14659.78
batisseur,2026-09-29,CSGP,571.12965637,26.95,15391.94
batisseur,2026-09-29,CSU.TO,38.63784004,2043.0625,78939.52
batisseur,2026-09-29,DPZ,60.28999488,301.81,18196.12
batisseur,2026-09-29,EL.PA,144.83315413,164.449,23817.67
batisseur,2026-09-29,FICO,28.13546288,617.87,17384.06
batisseur,2026-09-29,IBE.MC,865.44999242,23.3026,20167.26
batisseur,2026-09-29,ISRG,66.46284727,412.18,27394.66
batisseur,2026-09-29,JPM,145.4427925,334.98,48720.43
batisseur,2026-09-29,LLY,50.56276356,1184.63,59898.17
batisseur,2026-09-29,MA,41.22511357,563.58,23233.65
batisseur,2026-09-29,MELI,27.51319106,1724.9,47457.5
batisseur,2026-09-29,META,99.18011108,738.79,73273.27
batisseur,2026-09-29,MSFT,97.2337012,508.96,49488.06
batisseur,2026-09-29,NOW,242.66456714,129.94,31531.83
batisseur,2026-09-29,NVDA,407.12468193,227.21,92502.8
batisseur,2026-09-29,NVO,668.5981725,38.31,25614.0
batisseur,2026-09-29,RMS.PA,10.23441313,1538.1554,15742.12
batisseur,2026-09-29,STZ,133.51134846,112.77,15056.07
batisseur,2026-09-29,ULTA,56.33485437,547.89,30865.3
batisseur,2026-09-29,V,124.21202994,365.88,45446.7
batisseur,2026-09-29,VRSK,166.25103907,165.94,27587.7
batisseur,2026-09-29,WM,133.63624215,207.09,27674.73
batisseur,2026-09-29,ZM,183.31805683,88.355,16197.07
batisseur,2026-09-30,AMZN,219.33832937,249.15,54648.14
batisseur,2026-09-30,AVGO,71.73876084,351.19,25193.94
batisseur,2026-09-30,BABA,302.43459852,107.54,32523.82
batisseur,2026-09-30,BSX,714.54090747,43.65,31189.71
batisseur,2026-09-30,CASH,-18.54,1.0,-18.54
batisseur,2026-09-30,CRCL,175.14668535,82.17,14391.8
batisseur,2026-09-30,CSGP,571.12965637,27.4,15648.95
batisseur,2026-09-30,CSU.TO,38.63784004,2039.792,78813.16
batisseur,2026-09-30,DPZ,60.28999488,299.61,18063.48
batisseur,2026-09-30,EL.PA,144.83315413,165.1224,23915.2
batisseur,2026-09-30,FICO,28.13546288,592.47,16669.42
batisseur,2026-09-30,IBE.MC,865.44869187,23.3734,20228.51
batisseur,2026-09-30,ISRG,66.46284727,406.63,27025.79
batisseur,2026-09-30,JPM,145.4427925,330.83,48116.84
batisseur,2026-09-30,LLY,50.56276356,1157.08,58505.16
batisseur,2026-09-30,MA,41.22511357,551.47,22734.41
batisseur,2026-09-30,MELI,27.51319106,1728.53,47557.38
batisseur,2026-09-30,META,99.18011108,725.18,71923.43
batisseur,2026-09-30,MSFT,97.2337012,512.9,49871.17
batisseur,2026-09-30,NOW,242.66456714,134.01,32519.48
batisseur,2026-09-30,NVDA,407.12468193,228.38,92979.14
batisseur,2026-09-30,NVO,668.5981725,37.91,25346.56
batisseur,2026-09-30,RMS.PA,10.23441313,1515.7013,15512.31
batisseur,2026-09-30,STZ,133.51134846,113.06,15094.79
batisseur,2026-09-30,ULTA,56.33485437,546.17,30768.41
batisseur,2026-09-30,V,124.21202994,359.33,44633.11
batisseur,2026-09-30,VRSK,166.25103907,167.85,27905.24
batisseur,2026-09-30,WM,133.63624215,203.92,27251.1
batisseur,2026-09-30,ZM,183.31805683,90.77,16639.78
batisseur,2026-10-01,AMZN,219.33832937,248.23,54446.35
batisseur,2026-10-01,AVGO,112.61010073,343.64,38697.34
batisseur,2026-10-01,BABA,302.43459852,107.45,32496.6
batisseur,2026-10-01,BSX,714.54090747,43.23,30889.6
batisseur,2026-10-01,CASH,12301.64,1.0,12301.64
batisseur,2026-10-01,CRCL,175.14668535,82.91,14521.41
batisseur,2026-10-01,CSGP,571.12965637,27.72,15831.71
batisseur,2026-10-01,CSU.TO,38.63784004,2086.304,80610.28
batisseur,2026-10-01,DPZ,60.28999488,295.0,17785.55
batisseur,2026-10-01,EL.PA,144.83315413,163.7914,23722.43
batisseur,2026-10-01,FICO,61.92760953,661.75,40980.6
batisseur,2026-10-01,ISRG,66.46284727,401.24,26667.55
batisseur,2026-10-01,JPM,145.4427925,333.18,48458.63
batisseur,2026-10-01,LLY,50.56276356,1149.85,58139.59
batisseur,2026-10-01,MA,41.22511357,550.0,22673.81
batisseur,2026-10-01,MELI,27.51319106,1685.12,46363.03
batisseur,2026-10-01,META,99.18011108,725.93,71997.82
batisseur,2026-10-01,MSFT,97.2337012,512.8,49861.44
batisseur,2026-10-01,NOW,242.66456714,137.76,33429.47
batisseur,2026-10-01,NVDA,407.12468193,230.86,93988.8
batisseur,2026-10-01,NVO,668.5981725,37.4,25005.57
batisseur,2026-10-01,RMS.PA,10.23441313,1474.2362,15087.94
batisseur,2026-10-01,STZ,133.51134846,112.99,15085.45
batisseur,2026-10-01,V,124.21202994,359.85,44697.7
batisseur,2026-10-01,VRSK,166.25103907,168.38,27993.35
batisseur,2026-10-01,VST,210.91526863,139.75,29475.41
batisseur,2026-10-01,ZM,183.31805683,93.8,17195.23
batisseur,2026-10-02,AMZN,219.33832937,251.52,55167.98
batisseur,2026-10-02,AVGO,112.61010073,355.14,39992.35
batisseur,2026-10-02,BABA,302.43459852,105.85,32012.7
batisseur,2026-10-02,BSX,714.54090747,42.6,30439.44
batisseur,2026-10-02,CASH,12301.64,1.0,12301.64
batisseur,2026-10-02,CRCL,175.14668535,81.25,14230.67
batisseur,2026-10-02,CSGP,571.12965637,27.38,15637.53
batisseur,2026-10-02,CSU.TO,38.63784004,2096.4319,81001.6
batisseur,2026-10-02,DPZ,60.28999488,297.62,17943.51
batisseur,2026-10-02,EL.PA,144.83315413,160.7565,23282.87
batisseur,2026-10-02,FICO,61.92760953,661.25,40949.63
batisseur,2026-10-02,ISRG,66.46284727,391.95,26050.11
batisseur,2026-10-02,JPM,145.4427925,332.38,48342.28
batisseur,2026-10-02,LLY,50.56276356,1142.85,57785.65
batisseur,2026-10-02,MA,41.22511357,552.26,22766.98
batisseur,2026-10-02,MELI,27.51319106,1696.5601,46677.78
batisseur,2026-10-02,META,99.18011108,728.08,72211.06
batisseur,2026-10-02,MSFT,97.2337012,517.53,50321.36
batisseur,2026-10-02,NOW,242.66456714,134.38,32609.27
batisseur,2026-10-02,NVDA,407.12468193,233.95,95246.82
batisseur,2026-10-02,NVO,668.5981725,37.32,24952.08
batisseur,2026-10-02,RMS.PA,10.23441313,1462.9066,14971.99
batisseur,2026-10-02,STZ,133.51134846,112.87,15069.43
batisseur,2026-10-02,V,124.21202994,360.66,44798.31
batisseur,2026-10-02,VRSK,166.25103907,163.88,27245.22
batisseur,2026-10-02,VST,210.91526863,140.02,29532.36
batisseur,2026-10-02,ZM,183.31805683,92.88,17026.58
batisseur,2026-10-03,AMZN,219.33832937,251.52,55167.98
batisseur,2026-10-03,AVGO,112.61010073,355.14,39992.35
batisseur,2026-10-03,BABA,302.43459852,105.85,32012.7
batisseur,2026-10-03,BSX,714.54090747,42.6,30439.44
batisseur,2026-10-03,CASH,12301.64,1.0,12301.64
batisseur,2026-10-03,CRCL,175.14668535,81.25,14230.67
batisseur,2026-10-03,CSGP,571.12965637,27.38,15637.53
batisseur,2026-10-03,CSU.TO,38.63784004,2096.4319,81001.6
batisseur,2026-10-03,DPZ,60.28999488,297.62,17943.51
batisseur,2026-10-03,EL.PA,144.83315413,160.7565,23282.87
batisseur,2026-10-03,FICO,61.92760953,661.25,40949.63
batisseur,2026-10-03,ISRG,66.46284727,391.95,26050.11
batisseur,2026-10-03,JPM,145.4427925,332.38,48342.28
batisseur,2026-10-03,LLY,50.56276356,1142.85,57785.65
batisseur,2026-10-03,MA,41.22511357,552.26,22766.98
batisseur,2026-10-03,MELI,27.51319106,1696.5601,46677.78
batisseur,2026-10-03,META,99.18011108,728.08,72211.06
batisseur,2026-10-03,MSFT,97.2337012,517.53,50321.36
batisseur,2026-10-03,NOW,242.66456714,134.38,32609.27
batisseur,2026-10-03,NVDA,407.12468193,233.95,95246.82
batisseur,2026-10-03,NVO,668.5981725,37.32,24952.08
batisseur,2026-10-03,RMS.PA,10.23441313,1462.9066,14971.99
batisseur,2026-10-03,STZ,133.51134846,112.87,15069.43
batisseur,2026-10-03,V,124.21202994,360.66,44798.31
batisseur,2026-10-03,VRSK,166.25103907,163.88,27245.22
batisseur,2026-10-03,VST,210.91526863,140.02,29532.36
batisseur,2026-10-03,ZM,183.31805683,92.88,17026.58
batisseur,2026-10-04,AMZN,219.33832937,251.52,55167.98
batisseur,2026-10-04,AVGO,112.61010073,355.14,39992.35
batisseur,2026-10-04,BABA,302.43459852,105.85,32012.7
batisseur,2026-10-04,BSX,714.54090747,42.6,30439.44
batisseur,2026-10-04,CASH,12301.64,1.0,12301.64
batisseur,2026-10-04,CRCL,175.14668535,81.25,14230.67
batisseur,2026-10-04,CSGP,571.12965637,27.38,15637.53
batisseur,2026-10-04,CSU.TO,38.63784004,2096.4319,81001.6
batisseur,2026-10-04,DPZ,60.28999488,297.62,17943.51
batisseur,2026-10-04,EL.PA,144.83315413,160.648,23267.16
batisseur,2026-10-04,FICO,61.92760953,661.25,40949.63
batisseur,2026-10-04,ISRG,66.46284727,391.95,26050.11
batisseur,2026-10-04,JPM,145.4427925,332.38,48342.28
batisseur,2026-10-04,LLY,50.56276356,1142.85,57785.65
batisseur,2026-10-04,MA,41.22511357,552.26,22766.98
batisseur,2026-10-04,MELI,27.51319106,1696.5601,46677.78
batisseur,2026-10-04,META,99.18011108,728.08,72211.06
batisseur,2026-10-04,MSFT,97.2337012,517.53,50321.36
batisseur,2026-10-04,NOW,242.66456714,134.38,32609.27
batisseur,2026-10-04,NVDA,407.12468193,233.95,95246.82
batisseur,2026-10-04,NVO,668.5981725,37.32,24952.08
batisseur,2026-10-04,RMS.PA,10.23441313,1461.9192,14961.89
batisseur,2026-10-04,STZ,133.51134846,112.87,15069.43
batisseur,2026-10-04,V,124.21202994,360.66,44798.31
batisseur,2026-10-04,VRSK,166.25103907,163.88,27245.22
batisseur,2026-10-04,VST,210.91526863,140.02,29532.36
batisseur,2026-10-04,ZM,183.31805683,92.88,17026.58
batisseur,2026-10-05,AMZN,219.33832937,251.4,55141.65
batisseur,2026-10-05,AVGO,112.61010073,362.51,40822.29
batisseur,2026-10-05,BABA,302.43459852,110.8,33509.75
batisseur,2026-10-05,BSX,714.54090747,42.4,30296.54
batisseur,2026-10-05,CASH,12301.64,1.0,12301.64
batisseur,2026-10-05,CRCL,175.14668535,83.3,14589.72
batisseur,2026-10-05,CSGP,571.12965637,27.66,15797.45
batisseur,2026-10-05,CSU.TO,38.63784004,2095.2091,80954.35
batisseur,2026-10-05,DPZ,60.28999488,297.27,17922.41
batisseur,2026-10-05,EL.PA,144.83315413,162.6282,23553.95
batisseur,2026-10-05,FICO,61.92760953,689.61,42705.9
batisseur,2026-10-05,ISRG,66.46284727,406.48,27015.82
batisseur,2026-10-05,JPM,145.4427925,332.38,48342.28
batisseur,2026-10-05,LLY,50.56276356,1143.12,57799.31
batisseur,2026-10-05,MA,41.22511357,564.59,23275.29
batisseur,2026-10-05,MELI,27.51319106,1860.61,51191.32
batisseur,2026-10-05,META,99.18011108,741.9,73581.73
batisseur,2026-10-05,MSFT,97.2337012,525.18,51065.19
batisseur,2026-10-05,NOW,242.66456714,136.08,33021.79
batisseur,2026-10-05,NVDA,407.12468193,238.9,97262.08
batisseur,2026-10-05,NVO,668.5981725,37.54,25099.18
batisseur,2026-10-05,RMS.PA,10.23441313,1447.3344,14812.62
batisseur,2026-10-05,STZ,133.51134846,113.31,15128.17
batisseur,2026-10-05,V,124.21202994,369.71,45922.43
batisseur,2026-10-05,VRSK,166.25103907,163.28,27145.47
batisseur,2026-10-05,VST,210.91526863,144.89,30559.51
batisseur,2026-10-05,ZM,183.31805683,93.62,17162.24
batisseur,2026-10-06,AMZN,219.33832937,256.29,56214.22
batisseur,2026-10-06,AVGO,112.61010073,375.81,42320.0
batisseur,2026-10-06,BABA,302.43459852,109.26,33044.0
batisseur,2026-10-06,BSX,714.54090747,42.19,30146.48
batisseur,2026-10-06,CASH,12301.64,1.0,12301.64
batisseur,2026-10-06,CRCL,175.14668535,84.13,14735.09
batisseur,2026-10-06,CSGP,571.12965637,27.63,15780.31
batisseur,2026-10-06,CSU.TO,38.63784004,2068.6357,79927.62
batisseur,2026-10-06,DPZ,60.28999488,302.87,18260.03
batisseur,2026-10-06,EL.PA,144.83315413,164.5541,23832.89
batisseur,2026-10-06,FICO,61.92760953,695.46,43068.18
batisseur,2026-10-06,ISRG,66.46284727,404.76,26901.5
batisseur,2026-10-06,JPM,145.4427925,331.28,48182.29
batisseur,2026-10-06,LLY,50.56276356,1157.49,58525.89
batisseur,2026-10-06,MA,41.22511357,566.58,23357.33
batisseur,2026-10-06,MELI,27.51319106,1857.99,51119.23
batisseur,2026-10-06,META,99.18011108,738.88,73282.2
batisseur,2026-10-06,MSFT,97.2337012,529.3,51465.8
batisseur,2026-10-06,NOW,242.66456714,137.97,33480.43
batisseur,2026-10-06,NVDA,407.12468193,239.24,97400.51
batisseur,2026-10-06,NVO,668.5981725,37.53,25092.49
batisseur,2026-10-06,RMS.PA,10.23441313,1438.0259,14717.35
batisseur,2026-10-06,STZ,133.51134846,115.67,15443.26
batisseur,2026-10-06,V,124.21202994,370.64,46037.95
batisseur,2026-10-06,VRSK,166.25103907,165.2,27464.67
batisseur,2026-10-06,VST,210.91526863,160.5,33851.9
batisseur,2026-10-06,ZM,183.31805683,94.2,17268.56
batisseur,2026-10-07,AMZN,219.33832937,259.92,57010.42
batisseur,2026-10-07,AVGO,112.61010073,376.51,42398.83
batisseur,2026-10-07,BABA,302.43459852,107.0,32360.5
batisseur,2026-10-07,BSX,714.54090747,41.58,29710.61
batisseur,2026-10-07,CASH,12301.64,1.0,12301.64
batisseur,2026-10-07,CRCL,175.14668535,80.84,14158.86
batisseur,2026-10-07,CSGP,571.12965637,27.6,15763.18
batisseur,2026-10-07,CSU.TO,38.63784004,2041.8936,78894.36
batisseur,2026-10-07,DPZ,60.28999488,303.1,18273.9
batisseur,2026-10-07,EL.PA,144.83315413,165.033,23902.25
batisseur,2026-10-07,FICO,61.92760953,681.77,42220.39
batisseur,2026-10-07,ISRG,66.46284727,414.52,27550.18
batisseur,2026-10-07,JPM,145.4427925,329.58,47935.03
batisseur,2026-10-07,LLY,50.56276356,1188.72,60104.97
batisseur,2026-10-07,MA,41.22511357,570.06,23500.79
batisseur,2026-10-07,MELI,27.51319106,1872.78,51526.15
batisseur,2026-10-07,META,99.18011108,721.31,71539.61
batisseur,2026-10-07,MSFT,97.2337012,529.76,51510.53
batisseur,2026-10-07,NOW,242.66456714,137.87,33456.16
batisseur,2026-10-07,NVDA,407.12468193,237.47,96679.9
batisseur,2026-10-07,NVO,668.5981725,38.26,25580.56
batisseur,2026-10-07,RMS.PA,10.23441313,1440.452,14742.18
batisseur,2026-10-07,STZ,133.51134846,118.39,15806.41
batisseur,2026-10-07,V,124.21202994,372.1,46219.3
batisseur,2026-10-07,VRSK,166.25103907,168.68,28043.22
batisseur,2026-10-07,VST,210.91526863,166.72,35163.79
batisseur,2026-10-07,ZM,183.31805683,94.77,17373.05
batisseur,2026-10-08,AMZN,219.33832937,254.06,55725.1
batisseur,2026-10-08,AVGO,112.61010073,360.14,40555.4
batisseur,2026-10-08,BABA,302.43459852,105.7,31967.34
batisseur,2026-10-08,BSX,714.54090747,42.04,30039.3
batisseur,2026-10-08,CASH,12301.64,1.0,12301.64
batisseur,2026-10-08,CRCL,175.14668535,80.84,14158.86
batisseur,2026-10-08,CSGP,571.12965637,29.81,17025.37
batisseur,2026-10-08,CSU.TO,38.63784004,2042.3908,78913.57
batisseur,2026-10-08,DPZ,60.28999488,308.65,18608.51
batisseur,2026-10-08,EL.PA,144.83315413,160.1792,23199.26
batisseur,2026-10-08,FICO,61.92760953,707.43,43809.45
batisseur,2026-10-08,ISRG,66.46284727,415.41,27609.33
batisseur,2026-10-08,JPM,145.4427925,331.42,48202.65
batisseur,2026-10-08,LLY,50.56276356,1169.6,59138.21
batisseur,2026-10-08,MA,41.22511357,574.76,23694.55
batisseur,2026-10-08,MELI,27.51319106,1856.66,51082.64
batisseur,2026-10-08,META,99.18011108,720.89,71497.95
batisseur,2026-10-08,MSFT,97.2337012,522.61,50815.3
batisseur,2026-10-08,NOW,242.66456714,139.75,33912.37
batisseur,2026-10-08,NVDA,407.12468193,230.48,93834.09
batisseur,2026-10-08,NVO,668.5981725,38.18,25527.08
batisseur,2026-10-08,RMS.PA,10.23441313,1414.1696,14473.2
batisseur,2026-10-08,STZ,133.51134846,123.63,16506.01
batisseur,2026-10-08,V,124.21202994,375.1,46591.93
batisseur,2026-10-08,VRSK,166.25103907,175.49,29175.4
batisseur,2026-10-08,VST,210.91526863,156.14,32932.31
batisseur,2026-10-08,ZM,183.31805683,94.67,17354.72
batisseur,2026-10-09,AMZN,219.33832937,262.43,57560.96
batisseur,2026-10-09,AVGO,112.61010073,361.54,40713.06
batisseur,2026-10-09,BABA,302.43459852,111.37,33682.14
batisseur,2026-10-09,BSX,714.54090747,42.73,30532.33
batisseur,2026-10-09,CASH,22730.94,1.0,22730.94
batisseur,2026-10-09,CRCL,175.14668535,84.51,14801.65
batisseur,2026-10-09,CSGP,571.12965637,29.67,16945.42
batisseur,2026-10-09,CSU.TO,38.63784004,2111.8135,81595.91
batisseur,2026-10-09,DPZ,60.28999488,309.36,18651.31
batisseur,2026-10-09,EL.PA,144.83315413,163.996,23752.05
batisseur,2026-10-09,FICO,61.92760953,667.58,41341.63
batisseur,2026-10-09,ISRG,66.46284727,423.96,28177.59
batisseur,2026-10-09,JPM,145.4427925,332.99,48430.99
batisseur,2026-10-09,LLY,50.56276356,1179.27,59627.15
batisseur,2026-10-09,MA,41.22511357,589.14,24287.36
batisseur,2026-10-09,MELI,21.87353716,1889.85,41337.7
batisseur,2026-10-09,META,99.18011108,718.67,71277.77
batisseur,2026-10-09,MSFT,77.08930915,535.07,41248.18
batisseur,2026-10-09,NOW,242.66456714,140.86,34181.73
batisseur,2026-10-09,NVDA,407.12468193,229.28,93345.55
batisseur,2026-10-09,NVO,668.5981725,38.64,25834.63
batisseur,2026-10-09,RMS.PA,17.65002949,1437.6961,25375.38
batisseur,2026-10-09,STZ,133.51134846,122.64,16373.83
batisseur,2026-10-09,V,124.21202994,385.45,47877.53
batisseur,2026-10-09,VRSK,166.25103907,177.63,29531.17
batisseur,2026-10-09,VST,210.91526863,161.48,34058.6
batisseur,2026-10-09,ZM,183.31805683,97.74,17917.51
batisseur,2026-10-10,AMZN,219.33832937,262.43,57560.96
batisseur,2026-10-10,AVGO,112.61010073,361.54,40713.06
batisseur,2026-10-10,BABA,302.43459852,111.37,33682.14
batisseur,2026-10-10,BSX,714.54090747,42.73,30532.33
batisseur,2026-10-10,CASH,22730.94,1.0,22730.94
batisseur,2026-10-10,CRCL,175.14668535,84.51,14801.65
batisseur,2026-10-10,CSGP,571.12965637,29.67,16945.42
batisseur,2026-10-10,CSU.TO,38.63784004,2111.8135,81595.91
batisseur,2026-10-10,DPZ,60.28999488,309.36,18651.31
batisseur,2026-10-10,EL.PA,144.83315413,163.996,23752.05
batisseur,2026-10-10,FICO,61.92760953,667.58,41341.63
batisseur,2026-10-10,ISRG,66.46284727,423.96,28177.59
batisseur,2026-10-10,JPM,145.4427925,332.99,48430.99
batisseur,2026-10-10,LLY,50.56276356,1179.27,59627.15
batisseur,2026-10-10,MA,41.22511357,589.14,24287.36
batisseur,2026-10-10,MELI,21.87353716,1889.85,41337.7
batisseur,2026-10-10,META,99.18011108,718.67,71277.77
batisseur,2026-10-10,MSFT,77.08930915,535.07,41248.18
batisseur,2026-10-10,NOW,242.66456714,140.86,34181.73
batisseur,2026-10-10,NVDA,407.12468193,229.28,93345.55
batisseur,2026-10-10,NVO,668.5981725,38.64,25834.63
batisseur,2026-10-10,RMS.PA,17.65002949,1437.6961,25375.38
batisseur,2026-10-10,STZ,133.51134846,122.64,16373.83
batisseur,2026-10-10,V,124.21202994,385.45,47877.53
batisseur,2026-10-10,VRSK,166.25103907,177.63,29531.17
batisseur,2026-10-10,VST,210.91526863,161.48,34058.6
batisseur,2026-10-10,ZM,183.31805683,97.74,17917.51
nakamoto,2026-05-08,CASH,1000000.0,1.0,1000000.0
nakamoto,2026-05-11,ALCPB.PA,130682.86650643,0.7949,103875.73
nakamoto,2026-05-11,ASST,9422.11055276,17.95,169126.89
nakamoto,2026-05-11,CASH,0.0,1.0,0.0
nakamoto,2026-05-11,CASH3.SA,34041.33987087,0.8731,29722.86
nakamoto,2026-05-11,GS9.F,475831.99889389,0.1497,71232.0
nakamoto,2026-05-11,MSTR,1439.30913162,195.94,282018.23
nakamoto,2026-05-11,MTPLF,103139.01345291,2.23,230000.0
nakamoto,2026-05-11,OBTC3.SA,56232.33252875,1.4939,84005.72
nakamoto,2026-05-11,STRC,400.040004,100.0,40004.0
nakamoto,2026-05-11,SWC.L,56583.07680606,0.5234,29615.38
nakamoto,2026-05-12,ALCPB.PA,130682.86650643,0.7633,99755.55
nakamoto,2026-05-12,ASST,9422.11055276,17.07,160835.42
nakamoto,2026-05-12,CASH,0.0,1.0,0.0
nakamoto,2026-05-12,CASH3.SA,34041.33987087,0.8866,30180.95
nakamoto,2026-05-12,GS9.F,475831.99889389,0.1513,71971.76
nakamoto,2026-05-12,MSTR,1439.30913162,184.42,265437.39
nakamoto,2026-05-12,MTPLF,103139.01345291,2.14,220717.5
nakamoto,2026-05-12,OBTC3.SA,56232.33252875,1.4756,82977.76
nakamoto,2026-05-12,STRC,400.040004,99.99,40000.0
nakamoto,2026-05-12,SWC.L,56583.07680606,0.4959,28059.06
nakamoto,2026-05-13,ALCPB.PA,130682.86650643,0.7506,98090.37
nakamoto,2026-05-13,ASST,9422.11055276,16.74,157726.13
nakamoto,2026-05-13,CASH,0.0,1.0,0.0
nakamoto,2026-05-13,CASH3.SA,34041.33987087,0.8656,29467.32
nakamoto,2026-05-13,GS9.F,475831.99889389,0.1263,60084.88
nakamoto,2026-05-13,MSTR,1439.30913162,178.03,256240.2
nakamoto,2026-05-13,MTPLF,103139.01345291,2.025,208856.51
nakamoto,2026-05-13,OBTC3.SA,56232.33252875,1.4237,80058.66
nakamoto,2026-05-13,STRC,400.040004,100.0,40004.0
nakamoto,2026-05-13,SWC.L,56583.07680606,0.4982,28187.52
nakamoto,2026-05-14,ALCPB.PA,130682.86650643,0.7908,103348.37
nakamoto,2026-05-14,ASST,9422.11055276,17.71,166865.57
nakamoto,2026-05-14,CASH,0.0,1.0,0.0
nakamoto,2026-05-14,CASH3.SA,34041.33987087,0.8537,29062.73
nakamoto,2026-05-14,GS9.F,475831.99889389,0.1181,56194.7
nakamoto,2026-05-14,MSTR,1439.30913162,186.97,269107.63
nakamoto,2026-05-14,MTPLF,103139.01345291,2.0,206278.03
nakamoto,2026-05-14,OBTC3.SA,56232.33252875,1.4687,82587.64
nakamoto,2026-05-14,STRC,400.040004,100.0,40004.0
nakamoto,2026-05-14,SWC.L,56583.07680606,0.4928,27885.89
nakamoto,2026-05-15,ALCPB.PA,130682.86650643,0.7422,96989.52
nakamoto,2026-05-15,ASST,9422.11055276,16.79,158197.24
nakamoto,2026-05-15,CASH,0.0,1.0,0.0
nakamoto,2026-05-15,CASH3.SA,34041.33987087,0.8233,28027.08
nakamoto,2026-05-15,GS9.F,475831.99889389,0.1416,67367.18
nakamoto,2026-05-15,MSTR,1439.30913162,177.42,255362.22
nakamoto,2026-05-15,MTPLF,103139.01345291,2.0,206278.03
nakamoto,2026-05-15,OBTC3.SA,56232.33252875,1.4288,80346.35
nakamoto,2026-05-15,STRC,400.040004,99.19,39679.97
nakamoto,2026-05-15,SWC.L,56583.07680606,0.486,27501.61
nakamoto,2026-05-16,ALCPB.PA,130682.86650643,0.7422,96989.52
nakamoto,2026-05-16,ASST,9422.11055276,16.79,158197.24
nakamoto,2026-05-16,CASH,0.0,1.0,0.0
nakamoto,2026-05-16,CASH3.SA,34041.33987087,0.8233,28027.08
nakamoto,2026-05-16,GS9.F,475831.99889389,0.1416,67367.18
nakamoto,2026-05-16,MSTR,1439.30913162,177.42,255362.22
nakamoto,2026-05-16,MTPLF,103139.01345291,2.0,206278.03
nakamoto,2026-05-16,OBTC3.SA,56232.33252875,1.4288,80346.35
nakamoto,2026-05-16,STRC,400.040004,99.19,39679.97
nakamoto,2026-05-16,SWC.L,56583.07680606,0.486,27501.61
nakamoto,2026-05-17,ALCPB.PA,130682.86650643,0.7422,96989.52
nakamoto,2026-05-17,ASST,9422.11055276,16.79,158197.24
nakamoto,2026-05-17,CASH,0.0,1.0,0.0
nakamoto,2026-05-17,CASH3.SA,34041.33987087,0.8233,28027.08
nakamoto,2026-05-17,GS9.F,475831.99889389,0.1416,67367.18
nakamoto,2026-05-17,MSTR,1439.30913162,177.42,255362.22
nakamoto,2026-05-17,MTPLF,103139.01345291,2.0,206278.03
nakamoto,2026-05-17,OBTC3.SA,56232.33252875,1.4288,80346.35
nakamoto,2026-05-17,STRC,400.040004,99.19,39679.97
nakamoto,2026-05-17,SWC.L,56583.07680606,0.486,27501.61
nakamoto,2026-05-18,ALCPB.PA,130682.86650643,0.6969,91068.2
nakamoto,2026-05-18,ASST,9422.11055276,15.79,148775.13
nakamoto,2026-05-18,CASH,0.0,1.0,0.0
nakamoto,2026-05-18,CASH3.SA,34041.33987087,0.7687,26168.05
nakamoto,2026-05-18,GS9.F,475831.99889389,0.1317,62670.55
nakamoto,2026-05-18,MSTR,1439.30913162,166.63,239832.09
nakamoto,2026-05-18,MTPLF,103139.01345291,1.895,195448.43
nakamoto,2026-05-18,OBTC3.SA,56232.33252875,1.3714,77118.88
nakamoto,2026-05-18,STRC,400.040004,98.61,39447.95
nakamoto,2026-05-18,SWC.L,56583.07680606,0.4591,25979.72
nakamoto,2026-05-19,ALCPB.PA,130682.86650643,0.6923,90473.8
nakamoto,2026-05-19,ASST,9422.11055276,16.16,152261.31
nakamoto,2026-05-19,CASH,0.0,1.0,0.0
nakamoto,2026-05-19,CASH3.SA,34041.33987087,0.7831,26658.42
nakamoto,2026-05-19,GS9.F,475831.99889389,0.1361,64776.02
nakamoto,2026-05-19,MSTR,1439.30913162,164.63,236953.47
nakamoto,2026-05-19,MTPLF,103139.01345291,1.94,200089.69
nakamoto,2026-05-19,OBTC3.SA,56232.33252875,1.3385,75266.65
nakamoto,2026-05-19,STRC,400.040004,98.99,39599.96
nakamoto,2026-05-19,SWC.L,56583.07680606,0.4477,25331.62
nakamoto,2026-05-20,ALCPB.PA,130682.86650643,0.7257,94833.59
nakamoto,2026-05-20,ASST,9422.11055276,16.98,159987.43
nakamoto,2026-05-20,CASH,0.0,1.0,0.0
nakamoto,2026-05-20,CASH3.SA,34041.33987087,0.8086,27525.42
nakamoto,2026-05-20,GS9.F,475831.99889389,0.1277,60753.44
nakamoto,2026-05-20,MSTR,1439.30913162,165.81,238651.84
nakamoto,2026-05-20,MTPLF,103139.01345291,1.915,197511.21
nakamoto,2026-05-20,OBTC3.SA,56232.33252875,1.3345,75040.18
nakamoto,2026-05-20,STRC,400.040004,99.16,39667.97
nakamoto,2026-05-20,SWC.L,56583.07680606,0.4354,24634.62
nakamoto,2026-05-21,ALCPB.PA,130682.86650643,0.7133,93220.12
nakamoto,2026-05-21,ASST,9422.11055276,18.53,174591.72
nakamoto,2026-05-21,CASH,0.0,1.0,0.0
nakamoto,2026-05-21,CASH3.SA,34041.33987087,0.838,28527.97
nakamoto,2026-05-21,GS9.F,475831.99889389,0.1293,61512.6
nakamoto,2026-05-21,MSTR,1439.30913162,164.85,237270.12
nakamoto,2026-05-21,MTPLF,103139.01345291,1.89,194932.73
nakamoto,2026-05-21,OBTC3.SA,56232.33252875,1.3468,75736.43
nakamoto,2026-05-21,STRC,400.040004,99.32,39731.97
nakamoto,2026-05-21,SWC.L,56583.07680606,0.4433,25084.53
nakamoto,2026-05-22,ALCPB.PA,130682.86650643,0.6833,89298.69
nakamoto,2026-05-22,ASST,9422.11055276,18.21,171576.62
nakamoto,2026-05-22,CASH,0.0,1.0,0.0
nakamoto,2026-05-22,CASH3.SA,34041.33987087,0.7973,27140.26
nakamoto,2026-05-22,GS9.F,475831.99889389,0.1348,64144.7
nakamoto,2026-05-22,MSTR,1439.30913162,159.89,230131.14
nakamoto,2026-05-22,MTPLF,103139.01345291,1.932,199264.58
nakamoto,2026-05-22,OBTC3.SA,56232.33252875,1.3275,74646.17
nakamoto,2026-05-22,STRC,400.040004,99.3,39723.97
nakamoto,2026-05-22,SWC.L,56583.07680606,0.4194,23732.73
nakamoto,2026-05-23,ALCPB.PA,130682.86650643,0.6833,89298.69
nakamoto,2026-05-23,ASST,9422.11055276,18.21,171576.62
nakamoto,2026-05-23,CASH,0.0,1.0,0.0
nakamoto,2026-05-23,CASH3.SA,34041.33987087,0.7973,27140.26
nakamoto,2026-05-23,GS9.F,475831.99889389,0.1348,64144.7
nakamoto,2026-05-23,MSTR,1439.30913162,159.89,230131.14
nakamoto,2026-05-23,MTPLF,103139.01345291,1.932,199264.58
nakamoto,2026-05-23,OBTC3.SA,56232.33252875,1.3275,74646.17
nakamoto,2026-05-23,STRC,400.040004,99.3,39723.97
nakamoto,2026-05-23,SWC.L,56583.07680606,0.4194,23732.73
nakamoto,2026-05-24,ALCPB.PA,130682.86650643,0.6833,89298.69
nakamoto,2026-05-24,ASST,9422.11055276,18.21,171576.62
nakamoto,2026-05-24,CASH,0.0,1.0,0.0
nakamoto,2026-05-24,CASH3.SA,34041.33987087,0.7973,27140.26
nakamoto,2026-05-24,GS9.F,475831.99889389,0.1348,64144.7
nakamoto,2026-05-24,MSTR,1439.30913162,159.89,230131.14
nakamoto,2026-05-24,MTPLF,103139.01345291,1.932,199264.58
nakamoto,2026-05-24,OBTC3.SA,56232.33252875,1.3275,74646.17
nakamoto,2026-05-24,STRC,400.040004,99.3,39723.97
nakamoto,2026-05-24,SWC.L,56583.07680606,0.4194,23732.73
nakamoto,2026-05-25,ALCPB.PA,130682.86650643,0.6853,89552.16
nakamoto,2026-05-25,ASST,9422.11055276,18.21,171576.62
nakamoto,2026-05-25,CASH,0.0,1.0,0.0
nakamoto,2026-05-25,CASH3.SA,34041.33987087,0.8317,28313.03
nakamoto,2026-05-25,GS9.F,475831.99889389,0.177,84204.33
nakamoto,2026-05-25,MSTR,1439.30913162,159.89,230131.14
nakamoto,2026-05-25,MTPLF,103139.01345291,1.932,199264.58
nakamoto,2026-05-25,OBTC3.SA,56232.33252875,1.367,76868.12
nakamoto,2026-05-25,STRC,400.040004,99.3,39723.97
nakamoto,2026-05-25,SWC.L,56583.07680606,0.421,23819.43
nakamoto,2026-05-26,ALCPB.PA,130682.86650643,0.6659,87020.52
nakamoto,2026-05-26,ASST,9422.11055276,18.1,170540.2
nakamoto,2026-05-26,CASH,0.0,1.0,0.0
nakamoto,2026-05-26,CASH3.SA,34041.33987087,0.8522,29010.97
nakamoto,2026-05-26,GS9.F,475831.99889389,0.1769,84169.05
nakamoto,2026-05-26,MSTR,1439.30913162,159.93,230188.7
nakamoto,2026-05-26,MTPLF,103139.01345291,1.82,187713.01
nakamoto,2026-05-26,OBTC3.SA,56232.33252875,1.3911,78225.16
nakamoto,2026-05-26,STRC,400.040004,99.47,39791.98
nakamoto,2026-05-26,SWC.L,56583.07680606,0.4201,23772.92
nakamoto,2026-05-27,ALCPB.PA,130682.86650643,0.6528,85313.25
nakamoto,2026-05-27,ASST,9422.11055276,17.82,167902.01
nakamoto,2026-05-27,CASH,0.0,1.0,0.0
nakamoto,2026-05-27,CASH3.SA,34041.33987087,0.8584,29219.75
nakamoto,2026-05-27,GS9.F,475831.99889389,0.1769,84165.13
nakamoto,2026-05-27,MSTR,1439.30913162,154.2,221941.46
nakamoto,2026-05-27,MTPLF,103139.01345291,1.81,186681.61
nakamoto,2026-05-27,OBTC3.SA,56232.33252875,1.3876,78030.79
nakamoto,2026-05-27,STRC,400.040004,99.17,39671.97
nakamoto,2026-05-27,SWC.L,56583.07680606,0.4037,22840.31
nakamoto,2026-05-28,ALCPB.PA,130682.86650643,0.6182,80783.56
nakamoto,2026-05-28,ASST,9422.11055276,17.8,167713.56
nakamoto,2026-05-28,CASH,0.0,1.0,0.0
nakamoto,2026-05-28,CASH3.SA,34041.33987087,0.8845,30108.35
nakamoto,2026-05-28,GS9.F,475831.99889389,0.1469,69901.87
nakamoto,2026-05-28,MSTR,1439.30913162,151.64,218256.84
nakamoto,2026-05-28,MTPLF,103139.01345291,1.8,185650.22
nakamoto,2026-05-28,OBTC3.SA,56232.33252875,1.3822,77725.64
nakamoto,2026-05-28,STRC,400.040004,98.57,39431.94
nakamoto,2026-05-28,SWC.L,56583.07680606,0.3957,22390.03
nakamoto,2026-05-29,ALCPB.PA,130682.86650643,0.6235,81484.43
nakamoto,2026-05-29,ASST,9422.11055276,17.67,166488.69
nakamoto,2026-05-29,CASH,0.0,1.0,0.0
nakamoto,2026-05-29,CASH3.SA,34041.33987087,0.8825,30040.84
nakamoto,2026-05-29,GS9.F,475831.99889389,0.1469,69901.87
nakamoto,2026-05-29,MSTR,1439.30913162,159.09,228979.68
nakamoto,2026-05-29,MTPLF,103139.01345291,1.816,187300.45
nakamoto,2026-05-29,OBTC3.SA,56232.33252875,1.3842,77837.16
nakamoto,2026-05-29,STRC,400.040004,98.99,39599.96
nakamoto,2026-05-29,SWC.L,56583.07680606,0.4104,23223.8
nakamoto,2026-05-30,ALCPB.PA,130682.86650643,0.6235,81484.43
nakamoto,2026-05-30,ASST,9422.11055276,17.67,166488.69
nakamoto,2026-05-30,CASH,0.0,1.0,0.0
nakamoto,2026-05-30,CASH3.SA,34041.33987087,0.8825,30040.84
nakamoto,2026-05-30,GS9.F,475831.99889389,0.1469,69901.87
nakamoto,2026-05-30,MSTR,1439.30913162,159.09,228979.68
nakamoto,2026-05-30,MTPLF,103139.01345291,1.816,187300.45
nakamoto,2026-05-30,OBTC3.SA,56232.33252875,1.3842,77837.16
nakamoto,2026-05-30,STRC,400.040004,98.99,39599.96
nakamoto,2026-05-30,SWC.L,56583.07680606,0.4104,23223.8
nakamoto,2026-05-31,ALCPB.PA,130682.86650643,0.6235,81474.93
nakamoto,2026-05-31,ASST,9422.11055276,17.67,166488.69
nakamoto,2026-05-31,CASH,0.0,1.0,0.0
nakamoto,2026-05-31,CASH3.SA,34041.33987087,0.8825,30040.84
nakamoto,2026-05-31,GS9.F,475831.99889389,0.1469,69893.72
nakamoto,2026-05-31,MSTR,1439.30913162,159.09,228979.68
nakamoto,2026-05-31,MTPLF,103139.01345291,1.816,187300.45
nakamoto,2026-05-31,OBTC3.SA,56232.33252875,1.3842,77837.16
nakamoto,2026-05-31,STRC,400.040004,98.99,39599.96
nakamoto,2026-05-31,SWC.L,56583.07680606,0.4102,23211.31
nakamoto,2026-06-01,ALCPB.PA,130682.86650643,0.6101,79728.4
nakamoto,2026-06-01,ASST,9422.11055276,17.2,162060.31
nakamoto,2026-06-01,CASH,0.0,1.0,0.0
nakamoto,2026-06-01,CASH3.SA,34041.33987087,0.8712,29657.95
nakamoto,2026-06-01,GS9.F,475831.99889389,0.1465,69698.72
nakamoto,2026-06-01,MSTR,1439.30913162,149.78,215579.72
nakamoto,2026-06-01,MTPLF,103139.01345291,1.77,182556.05
nakamoto,2026-06-01,OBTC3.SA,56232.33252875,1.3428,75509.81
nakamoto,2026-06-01,STRC,400.040004,98.07,39231.92
nakamoto,2026-06-01,SWC.L,56583.07680606,0.4036,22838.47
nakamoto,2026-06-02,ALCPB.PA,130682.86650643,0.5549,72520.64
nakamoto,2026-06-02,ASST,9422.11055276,16.12,151884.43
nakamoto,2026-06-02,CASH,0.0,1.0,0.0
nakamoto,2026-06-02,CASH3.SA,34041.33987087,0.8064,27451.06
nakamoto,2026-06-02,GS9.F,475831.99889389,0.1192,56701.93
nakamoto,2026-06-02,MSTR,1439.30913162,136.08,195861.19
nakamoto,2026-06-02,MTPLF,103139.01345291,1.6,165022.42
nakamoto,2026-06-02,OBTC3.SA,56232.33252875,1.2037,67685.52
nakamoto,2026-06-02,STRC,400.040004,96.71,38687.87
nakamoto,2026-06-02,SWC.L,56583.07680606,0.3869,21894.23
nakamoto,2026-06-03,ALCPB.PA,130682.86650643,0.5518,72112.41
nakamoto,2026-06-03,ASST,9422.11055276,14.74,138881.91
nakamoto,2026-06-03,CASH,0.0,1.0,0.0
nakamoto,2026-06-03,CASH3.SA,34041.33987087,0.786,26756.56
nakamoto,2026-06-03,GS9.F,475831.99889389,0.1148,54614.55
nakamoto,2026-06-03,MSTR,1439.30913162,126.55,182144.57
nakamoto,2026-06-03,MTPLF,103139.01345291,1.55,159865.47
nakamoto,2026-06-03,OBTC3.SA,56232.33252875,1.2086,67963.87
nakamoto,2026-06-03,STRC,400.040004,94.65,37863.79
nakamoto,2026-06-03,SWC.L,56583.07680606,0.3786,21422.34
nakamoto,2026-06-04,ALCPB.PA,130682.86650643,0.5637,73664.46
nakamoto,2026-06-04,ASST,9422.11055276,15.02,141520.1
nakamoto,2026-06-04,CASH,0.0,1.0,0.0
nakamoto,2026-06-04,CASH3.SA,34041.33987087,0.7726,26301.55
nakamoto,2026-06-04,GS9.F,475831.99889389,0.1139,54192.74
nakamoto,2026-06-04,MSTR,1439.30913162,129.37,186203.42
nakamoto,2026-06-04,MTPLF,103139.01345291,1.53,157802.69
nakamoto,2026-06-04,OBTC3.SA,56232.33252875,1.1881,66808.1
nakamoto,2026-06-04,STRC,400.040004,95.42,38171.82
nakamoto,2026-06-04,SWC.L,56583.07680606,0.3823,21630.67
nakamoto,2026-06-05,ALCPB.PA,130682.86650643,0.5454,71269.24
nakamoto,2026-06-05,ASST,9422.11055276,13.92,131155.78
nakamoto,2026-06-05,CASH,0.0,1.0,0.0
nakamoto,2026-06-05,CASH3.SA,34041.33987087,0.7407,25212.88
nakamoto,2026-06-05,GS9.F,475831.99889389,0.1095,52108.4
nakamoto,2026-06-05,MSTR,1439.30913162,120.44,173350.4
nakamoto,2026-06-05,MTPLF,103139.01345291,1.4,144394.62
nakamoto,2026-06-05,OBTC3.SA,56232.33252875,1.1506,64702.36
nakamoto,2026-06-05,STRC,400.040004,93.4,37363.74
nakamoto,2026-06-05,SWC.L,56583.07680606,0.3644,20621.15
nakamoto,2026-06-06,ALCPB.PA,130682.86650643,0.5454,71269.24
nakamoto,2026-06-06,ASST,9422.11055276,13.92,131155.78
nakamoto,2026-06-06,CASH,0.0,1.0,0.0
nakamoto,2026-06-06,CASH3.SA,34041.33987087,0.7407,25212.88
nakamoto,2026-06-06,GS9.F,475831.99889389,0.1095,52108.4
nakamoto,2026-06-06,MSTR,1439.30913162,120.44,173350.4
nakamoto,2026-06-06,MTPLF,103139.01345291,1.4,144394.62
nakamoto,2026-06-06,OBTC3.SA,56232.33252875,1.1506,64702.36
nakamoto,2026-06-06,STRC,400.040004,93.4,37363.74
nakamoto,2026-06-06,SWC.L,56583.07680606,0.3644,20621.15
nakamoto,2026-06-07,ALCPB.PA,130682.86650643,0.5451,71236.39
nakamoto,2026-06-07,ASST,9422.11055276,13.92,131155.78
nakamoto,2026-06-07,CASH,0.0,1.0,0.0
nakamoto,2026-06-07,CASH3.SA,34041.33987087,0.7435,25310.28
nakamoto,2026-06-07,GS9.F,475831.99889389,0.1095,52084.38
nakamoto,2026-06-07,MSTR,1439.30913162,120.44,173350.4
nakamoto,2026-06-07,MTPLF,103139.01345291,1.4,144394.62
nakamoto,2026-06-07,OBTC3.SA,56232.33252875,1.1551,64952.32
nakamoto,2026-06-07,STRC,400.040004,93.4,37363.74
nakamoto,2026-06-07,SWC.L,56583.07680606,0.3643,20612.9
nakamoto,2026-06-08,ALCPB.PA,130682.86650643,0.5857,76537.01
nakamoto,2026-06-08,ASST,9422.11055276,15.21,143310.3
nakamoto,2026-06-08,CASH,0.0,1.0,0.0
nakamoto,2026-06-08,CASH3.SA,34041.33987087,0.7206,24531.42
nakamoto,2026-06-08,GS9.F,475831.99889389,0.1165,55450.6
nakamoto,2026-06-08,MSTR,1439.30913162,127.2,183080.12
nakamoto,2026-06-08,MTPLF,103139.01345291,1.48,152645.74
nakamoto,2026-06-08,OBTC3.SA,56232.33252875,1.1573,65075.88
nakamoto,2026-06-08,STRC,400.040004,96.85,38743.87
nakamoto,2026-06-08,SWC.L,56583.07680606,0.3715,21018.47
nakamoto,2026-06-09,ALCPB.PA,130682.86650643,0.5505,71946.46
nakamoto,2026-06-09,ASST,9422.11055276,14.21,133888.19
nakamoto,2026-06-09,CASH,0.0,1.0,0.0
nakamoto,2026-06-09,CASH3.SA,34041.33987087,0.7099,24164.99
nakamoto,2026-06-09,GS9.F,475831.99889389,0.1152,54798.1
nakamoto,2026-06-09,MSTR,1439.30913162,117.02,168427.95
nakamoto,2026-06-09,MTPLF,103139.01345291,1.44,148520.19
nakamoto,2026-06-09,OBTC3.SA,56232.33252875,1.1478,64540.94
nakamoto,2026-06-09,STRC,400.040004,96.18,38475.85
nakamoto,2026-06-09,SWC.L,56583.07680606,0.3614,20450.21
nakamoto,2026-06-10,ALCPB.PA,130682.86650643,0.5422,70856.54
nakamoto,2026-06-10,ASST,9422.11055276,14.43,135961.06
nakamoto,2026-06-10,CASH,0.0,1.0,0.0
nakamoto,2026-06-10,CASH3.SA,34041.33987087,0.7334,24966.4
nakamoto,2026-06-10,GS9.F,475831.99889389,0.1113,52943.68
nakamoto,2026-06-10,MSTR,1439.30913162,115.35,166024.31
nakamoto,2026-06-10,MTPLF,103139.01345291,1.43,147488.78
nakamoto,2026-06-10,OBTC3.SA,56232.33252875,1.1746,66052.69
nakamoto,2026-06-10,STRC,400.040004,95.81,38327.83
nakamoto,2026-06-10,SWC.L,56583.07680606,0.3617,20464.43
nakamoto,2026-06-11,ALCPB.PA,130682.86650643,0.5555,72593.19
nakamoto,2026-06-11,ASST,9422.11055276,14.58,137374.37
nakamoto,2026-06-11,CASH,0.0,1.0,0.0
nakamoto,2026-06-11,CASH3.SA,34041.33987087,0.7921,26962.51
nakamoto,2026-06-11,GS9.F,475831.99889389,0.1112,52919.17
nakamoto,2026-06-11,MSTR,1439.30913162,120.15,172932.99
nakamoto,2026-06-11,MTPLF,103139.01345291,1.44,148520.19
nakamoto,2026-06-11,OBTC3.SA,56232.33252875,1.1812,66419.64
nakamoto,2026-06-11,STRC,400.040004,96.49,38599.86
nakamoto,2026-06-11,SWC.L,56583.07680606,0.352,19917.8
nakamoto,2026-06-12,ALCPB.PA,130682.86650643,0.5487,71700.9
nakamoto,2026-06-12,ASST,9422.11055276,15.15,142744.97
nakamoto,2026-06-12,CASH,0.0,1.0,0.0
nakamoto,2026-06-12,CASH3.SA,34041.33987087,0.7763,26424.6
nakamoto,2026-06-12,GS9.F,475831.99889389,0.1229,58480.92
nakamoto,2026-06-12,MSTR,1439.30913162,123.97,178431.15
nakamoto,2026-06-12,MTPLF,103139.01345291,1.51,155739.91
nakamoto,2026-06-12,OBTC3.SA,56232.33252875,1.1654,65531.09
nakamoto,2026-06-12,STRC,400.040004,94.8,37923.79
nakamoto,2026-06-12,SWC.L,56583.07680606,0.3747,21199.88
nakamoto,2026-06-13,ALCPB.PA,130682.86650643,0.5487,71700.9
nakamoto,2026-06-13,ASST,9422.11055276,15.15,142744.97
nakamoto,2026-06-13,CASH,0.0,1.0,0.0
nakamoto,2026-06-13,CASH3.SA,34041.33987087,0.7763,26424.6
nakamoto,2026-06-13,GS9.F,475831.99889389,0.1229,58480.92
nakamoto,2026-06-13,MSTR,1439.30913162,123.97,178431.15
nakamoto,2026-06-13,MTPLF,103139.01345291,1.51,155739.91
nakamoto,2026-06-13,OBTC3.SA,56232.33252875,1.1654,65531.09
nakamoto,2026-06-13,STRC,400.040004,94.8,37923.79
nakamoto,2026-06-13,SWC.L,56583.07680606,0.3747,21199.88
nakamoto,2026-06-14,ALCPB.PA,130682.86650643,0.5503,71917.29
nakamoto,2026-06-14,ASST,9422.11055276,15.15,142744.97
nakamoto,2026-06-14,CASH,0.0,1.0,0.0
nakamoto,2026-06-14,CASH3.SA,34041.33987087,0.7763,26425.64
nakamoto,2026-06-14,GS9.F,475831.99889389,0.1233,58657.41
nakamoto,2026-06-14,MSTR,1439.30913162,123.97,178431.15
nakamoto,2026-06-14,MTPLF,103139.01345291,1.51,155739.91
nakamoto,2026-06-14,OBTC3.SA,56232.33252875,1.1654,65533.67
nakamoto,2026-06-14,STRC,400.040004,94.8,37923.79
nakamoto,2026-06-14,SWC.L,56583.07680606,0.3758,21262.88
nakamoto,2026-06-15,ALCPB.PA,130682.86650643,0.58,75801.53
nakamoto,2026-06-15,ASST,9422.11055276,16.67,157066.58
nakamoto,2026-06-15,CASH,0.0,1.0,0.0
nakamoto,2026-06-15,CASH3.SA,34041.33987087,0.8194,27893.64
nakamoto,2026-06-15,GS9.F,475831.99889389,0.1873,89107.94
nakamoto,2026-06-15,MSTR,1439.30913162,131.14,188751.0
nakamoto,2026-06-15,MTPLF,103139.01345291,1.66,171210.76
nakamoto,2026-06-15,OBTC3.SA,56232.33252875,1.2753,71712.25
nakamoto,2026-06-15,STRC,400.040004,95.2,38083.81
nakamoto,2026-06-15,SWC.L,56583.07680606,0.4029,22795.84
nakamoto,2026-06-16,ALCPB.PA,130682.86650643,0.5305,69327.5
nakamoto,2026-06-16,ASST,9422.11055276,15.79,148775.13
nakamoto,2026-06-16,CASH,0.0,1.0,0.0
nakamoto,2026-06-16,CASH3.SA,34041.33987087,0.8325,28340.56
nakamoto,2026-06-16,GS9.F,475831.99889389,0.1172,55754.72
nakamoto,2026-06-16,MSTR,1439.30913162,122.81,176761.55
nakamoto,2026-06-16,MTPLF,103139.01345291,1.607,165744.39
nakamoto,2026-06-16,OBTC3.SA,56232.33252875,1.1969,67303.88
nakamoto,2026-06-16,STRC,400.040004,91.79,36719.67
nakamoto,2026-06-16,SWC.L,56583.07680606,0.4023,22762.23
nakamoto,2026-06-17,ALCPB.PA,130682.86650643,0.5191,67835.26
nakamoto,2026-06-17,ASST,9422.11055276,15.44,145477.38
nakamoto,2026-06-17,CASH,0.0,1.0,0.0
nakamoto,2026-06-17,CASH3.SA,34041.33987087,0.8198,27906.21
nakamoto,2026-06-17,GS9.F,475831.99889389,0.1167,55518.28
nakamoto,2026-06-17,MSTR,1439.30913162,116.56,167765.87
nakamoto,2026-06-17,MTPLF,103139.01345291,1.57,161928.26
nakamoto,2026-06-17,OBTC3.SA,56232.33252875,1.1628,65386.96
nakamoto,2026-06-17,STRC,400.040004,89.0,35603.56
nakamoto,2026-06-17,SWC.L,56583.07680606,0.4026,22779.19
nakamoto,2026-06-18,ALCPB.PA,130682.86650643,0.5183,67732.06
nakamoto,2026-06-18,ASST,9422.11055276,14.85,139918.35
nakamoto,2026-06-18,CASH,0.0,1.0,0.0
nakamoto,2026-06-18,CASH3.SA,34041.33987087,0.8155,27761.87
nakamoto,2026-06-18,GS9.F,475831.99889389,0.1168,55556.48
nakamoto,2026-06-18,MSTR,1439.30913162,112.53,161965.45
nakamoto,2026-06-18,MTPLF,103139.01345291,1.425,146973.09
nakamoto,2026-06-18,OBTC3.SA,56232.33252875,1.1515,64749.07
nakamoto,2026-06-18,STRC,400.040004,88.59,35439.54
nakamoto,2026-06-18,SWC.L,56583.07680606,0.3905,22095.45
nakamoto,2026-06-19,ALCPB.PA,130682.86650643,0.4761,62216.37
nakamoto,2026-06-19,ASST,9422.11055276,14.85,139918.35
nakamoto,2026-06-19,CASH,0.0,1.0,0.0
nakamoto,2026-06-19,CASH3.SA,34041.33987087,0.7942,27034.77
nakamoto,2026-06-19,GS9.F,475831.99889389,0.1147,54574.15
nakamoto,2026-06-19,MSTR,1439.30913162,112.53,161965.45
nakamoto,2026-06-19,MTPLF,103139.01345291,1.425,146973.09
nakamoto,2026-06-19,OBTC3.SA,56232.33252875,1.2194,68570.69
nakamoto,2026-06-19,STRC,400.040004,88.59,35439.54
nakamoto,2026-06-19,SWC.L,56583.07680606,0.3836,21705.97
nakamoto,2026-06-20,ALCPB.PA,130682.86650643,0.4761,62216.37
nakamoto,2026-06-20,ASST,9422.11055276,14.85,139918.35
nakamoto,2026-06-20,CASH,0.0,1.0,0.0
nakamoto,2026-06-20,CASH3.SA,34041.33987087,0.7942,27034.77
nakamoto,2026-06-20,GS9.F,475831.99889389,0.1147,54574.15
nakamoto,2026-06-20,MSTR,1439.30913162,112.53,161965.45
nakamoto,2026-06-20,MTPLF,103139.01345291,1.425,146973.09
nakamoto,2026-06-20,OBTC3.SA,56232.33252875,1.2194,68570.69
nakamoto,2026-06-20,STRC,400.040004,88.59,35439.54
nakamoto,2026-06-20,SWC.L,56583.07680606,0.3836,21705.97
nakamoto,2026-06-21,ALCPB.PA,130682.86650643,0.4759,62187.85
nakamoto,2026-06-21,ASST,9422.11055276,14.85,139918.35
nakamoto,2026-06-21,CASH,0.0,1.0,0.0
nakamoto,2026-06-21,CASH3.SA,34041.33987087,0.7942,27034.77
nakamoto,2026-06-21,GS9.F,475831.99889389,0.1146,54549.12
nakamoto,2026-06-21,MSTR,1439.30913162,112.53,161965.45
nakamoto,2026-06-21,MTPLF,103139.01345291,1.425,146973.09
nakamoto,2026-06-21,OBTC3.SA,56232.33252875,1.2194,68570.69
nakamoto,2026-06-21,STRC,400.040004,88.59,35439.54
nakamoto,2026-06-21,SWC.L,56583.07680606,0.3827,21653.52
nakamoto,2026-06-22,ALCPB.PA,130682.86650643,0.4653,60803.83
nakamoto,2026-06-22,ASST,9422.11055276,14.81,139541.46
nakamoto,2026-06-22,CASH,0.0,1.0,0.0
nakamoto,2026-06-22,CASH3.SA,34041.33987087,0.7967,27119.95
nakamoto,2026-06-22,GS9.F,475831.99889389,0.1138,54170.31
nakamoto,2026-06-22,MSTR,1439.30913162,109.46,157546.78
nakamoto,2026-06-22,MTPLF,103139.01345291,1.52,156771.3
nakamoto,2026-06-22,OBTC3.SA,56232.33252875,1.1632,65408.72
nakamoto,2026-06-22,STRC,400.040004,88.79,35519.55
nakamoto,2026-06-22,SWC.L,56583.07680606,0.4007,22673.71
nakamoto,2026-06-23,ALCPB.PA,130682.86650643,0.4667,60984.35
nakamoto,2026-06-23,ASST,9422.11055276,13.95,131438.44
nakamoto,2026-06-23,CASH,0.0,1.0,0.0
nakamoto,2026-06-23,CASH3.SA,34041.33987087,0.8019,27298.17
nakamoto,2026-06-23,GS9.F,475831.99889389,0.1136,54053.39
nakamoto,2026-06-23,MSTR,1439.30913162,103.84,149457.85
nakamoto,2026-06-23,MTPLF,103139.01345291,1.43,147488.78
nakamoto,2026-06-23,OBTC3.SA,56232.33252875,1.1894,66881.31
nakamoto,2026-06-23,STRC,400.040004,87.31,34927.49
nakamoto,2026-06-23,SWC.L,56583.07680606,0.3802,21510.58
nakamoto,2026-06-24,ALCPB.PA,130682.86650643,0.4375,57180.25
nakamoto,2026-06-24,ASST,9422.11055276,12.55,118247.49
nakamoto,2026-06-24,CASH,0.0,1.0,0.0
nakamoto,2026-06-24,CASH3.SA,34041.33987087,0.7434,25307.52
nakamoto,2026-06-24,GS9.F,475831.99889389,0.1136,54077.97
nakamoto,2026-06-24,MSTR,1439.30913162,94.13,135482.16
nakamoto,2026-06-24,MTPLF,103139.01345291,1.36,140269.06
nakamoto,2026-06-24,OBTC3.SA,56232.33252875,1.1509,64716.44
nakamoto,2026-06-24,STRC,400.040004,80.84,32339.23
nakamoto,2026-06-24,SWC.L,56583.07680606,0.3675,20792.67
nakamoto,2026-06-25,ALCPB.PA,130682.86650643,0.4374,57155.15
nakamoto,2026-06-25,ASST,9422.11055276,11.4,107412.06
nakamoto,2026-06-25,CASH,0.0,1.0,0.0
nakamoto,2026-06-25,CASH3.SA,34041.33987087,0.764,26006.36
nakamoto,2026-06-25,GS9.F,475831.99889389,0.1139,54194.99
nakamoto,2026-06-25,MSTR,1439.30913162,85.33,122816.25
nakamoto,2026-06-25,MTPLF,103139.01345291,1.285,132533.63
nakamoto,2026-06-25,OBTC3.SA,56232.33252875,1.1314,63623.53
nakamoto,2026-06-25,STRC,400.040004,75.69,30279.03
nakamoto,2026-06-25,SWC.L,56583.07680606,0.3629,20532.83
nakamoto,2026-06-26,ALCPB.PA,130682.86650643,0.4559,59581.26
nakamoto,2026-06-26,ASST,9422.11055276,11.34,106846.74
nakamoto,2026-06-26,CASH,0.0,1.0,0.0
nakamoto,2026-06-26,CASH3.SA,34041.33987087,0.791,26928.11
nakamoto,2026-06-26,GS9.F,475831.99889389,0.1139,54194.99
nakamoto,2026-06-26,MSTR,1439.30913162,82.31,118469.53
nakamoto,2026-06-26,MTPLF,103139.01345291,1.22,125829.6
nakamoto,2026-06-26,OBTC3.SA,56232.33252875,1.143,64276.08
nakamoto,2026-06-26,STRC,400.040004,74.57,29830.98
nakamoto,2026-06-26,SWC.L,56583.07680606,0.3563,20159.71
nakamoto,2026-06-27,ALCPB.PA,130682.86650643,0.4559,59581.26
nakamoto,2026-06-27,ASST,9422.11055276,11.34,106846.74
nakamoto,2026-06-27,CASH,0.0,1.0,0.0
nakamoto,2026-06-27,CASH3.SA,34041.33987087,0.791,26928.11
nakamoto,2026-06-27,GS9.F,475831.99889389,0.1139,54194.99
nakamoto,2026-06-27,MSTR,1439.30913162,82.31,118469.53
nakamoto,2026-06-27,MTPLF,103139.01345291,1.22,125829.6
nakamoto,2026-06-27,OBTC3.SA,56232.33252875,1.143,64276.08
nakamoto,2026-06-27,STRC,400.040004,74.57,29830.98
nakamoto,2026-06-27,SWC.L,56583.07680606,0.3563,20159.71
nakamoto,2026-06-28,ALCPB.PA,130682.86650643,0.4559,59581.26
nakamoto,2026-06-28,ASST,9422.11055276,11.34,106846.74
nakamoto,2026-06-28,CASH,0.0,1.0,0.0
nakamoto,2026-06-28,CASH3.SA,34041.33987087,0.791,26928.11
nakamoto,2026-06-28,GS9.F,475831.99889389,0.1139,54194.99
nakamoto,2026-06-28,MSTR,1439.30913162,82.31,118469.53
nakamoto,2026-06-28,MTPLF,103139.01345291,1.22,125829.6
nakamoto,2026-06-28,OBTC3.SA,56232.33252875,1.143,64276.08
nakamoto,2026-06-28,STRC,400.040004,74.57,29830.98
nakamoto,2026-06-28,SWC.L,56583.07680606,0.3563,20159.71
nakamoto,2026-06-29,ALCPB.PA,130682.86650643,0.4561,59602.13
nakamoto,2026-06-29,ASST,9422.11055276,11.62,109484.92
nakamoto,2026-06-29,CASH,0.0,1.0,0.0
nakamoto,2026-06-29,CASH3.SA,34041.33987087,0.7856,26743.22
nakamoto,2026-06-29,GS9.F,475831.99889389,0.1142,54349.74
nakamoto,2026-06-29,MSTR,1439.30913162,92.68,133395.17
nakamoto,2026-06-29,MTPLF,103139.01345291,1.31,135112.1
nakamoto,2026-06-29,OBTC3.SA,56232.33252875,1.1629,65394.55
nakamoto,2026-06-29,STRC,400.040004,83.67,33471.35
nakamoto,2026-06-29,SWC.L,56583.07680606,0.3329,18835.77
nakamoto,2026-06-30,ALCPB.PA,130682.86650643,0.4575,59793.44
nakamoto,2026-06-30,ASST,9422.11055276,10.91,102795.22
nakamoto,2026-06-30,CASH,0.0,1.0,0.0
nakamoto,2026-06-30,CASH3.SA,34041.33987087,0.7795,26535.9
nakamoto,2026-06-30,GS9.F,475831.99889389,0.1138,54157.98
nakamoto,2026-06-30,MSTR,1439.30913162,86.93,125119.14
nakamoto,2026-06-30,MTPLF,103139.01345291,1.24,127892.38
nakamoto,2026-06-30,OBTC3.SA,56232.33252875,1.1405,64131.85
nakamoto,2026-06-30,STRC,400.040004,84.86,33947.39
nakamoto,2026-06-30,SWC.L,56583.07680606,0.3323,18803.92
nakamoto,2026-07-01,ALCPB.PA,130682.86650643,0.4853,63421.6
nakamoto,2026-07-01,ASST,9422.11055276,12.02,113253.77
nakamoto,2026-07-01,CASH,0.0,1.0,0.0
nakamoto,2026-07-01,CASH3.SA,34041.33987087,0.7588,25830.4
nakamoto,2026-07-01,GS9.F,475831.99889389,0.1143,54399.45
nakamoto,2026-07-01,MSTR,1439.30913162,93.39,134417.08
nakamoto,2026-07-01,MTPLF,103139.01345291,1.27,130986.55
nakamoto,2026-07-01,OBTC3.SA,56232.33252875,1.1699,65785.59
nakamoto,2026-07-01,STRC,400.040004,87.46,34987.5
nakamoto,2026-07-01,SWC.L,56583.07680606,0.3443,19481.46
nakamoto,2026-07-02,ALCPB.PA,130682.86650643,0.5133,67083.17
nakamoto,2026-07-02,ASST,9422.11055276,13.11,123523.87
nakamoto,2026-07-02,CASH,0.0,1.0,0.0
nakamoto,2026-07-02,CASH3.SA,34041.33987087,0.7702,26220.11
nakamoto,2026-07-02,GS9.F,475831.99889389,0.1144,54436.79
nakamoto,2026-07-02,MSTR,1439.30913162,100.77,145039.18
nakamoto,2026-07-02,MTPLF,103139.01345291,1.324,136556.05
nakamoto,2026-07-02,OBTC3.SA,56232.33252875,1.2134,68233.61
nakamoto,2026-07-02,STRC,400.040004,87.87,35151.52
nakamoto,2026-07-02,SWC.L,56583.07680606,0.3586,20289.45
nakamoto,2026-07-03,ALCPB.PA,130682.86650643,0.5303,69295.85
nakamoto,2026-07-03,ASST,9422.11055276,13.11,123523.87
nakamoto,2026-07-03,CASH,0.0,1.0,0.0
nakamoto,2026-07-03,CASH3.SA,34041.33987087,0.7954,27076.54
nakamoto,2026-07-03,GS9.F,475831.99889389,0.1144,54436.79
nakamoto,2026-07-03,MSTR,1439.30913162,100.77,145039.18
nakamoto,2026-07-03,MTPLF,103139.01345291,1.324,136556.05
nakamoto,2026-07-03,OBTC3.SA,56232.33252875,1.2173,68451.26
nakamoto,2026-07-03,STRC,400.040004,87.87,35151.52
nakamoto,2026-07-03,SWC.L,56583.07680606,0.379,21445.17
nakamoto,2026-07-04,ALCPB.PA,130682.86650643,0.5303,69295.85
nakamoto,2026-07-04,ASST,9422.11055276,13.11,123523.87
nakamoto,2026-07-04,CASH,0.0,1.0,0.0
nakamoto,2026-07-04,CASH3.SA,34041.33987087,0.7954,27076.54
nakamoto,2026-07-04,GS9.F,475831.99889389,0.1144,54436.79
nakamoto,2026-07-04,MSTR,1439.30913162,100.77,145039.18
nakamoto,2026-07-04,MTPLF,103139.01345291,1.324,136556.05
nakamoto,2026-07-04,OBTC3.SA,56232.33252875,1.2173,68451.26
nakamoto,2026-07-04,STRC,400.040004,87.87,35151.52
nakamoto,2026-07-04,SWC.L,56583.07680606,0.379,21445.17
nakamoto,2026-07-05,ALCPB.PA,130682.86650643,0.5301,69280.0
nakamoto,2026-07-05,ASST,9422.11055276,13.11,123523.87
nakamoto,2026-07-05,CASH,0.0,1.0,0.0
nakamoto,2026-07-05,CASH3.SA,34041.33987087,0.7953,27072.87
nakamoto,2026-07-05,GS9.F,475831.99889389,0.1144,54424.34
nakamoto,2026-07-05,MSTR,1439.30913162,100.77,145039.18
nakamoto,2026-07-05,MTPLF,103139.01345291,1.324,136556.05
nakamoto,2026-07-05,OBTC3.SA,56232.33252875,1.2171,68441.99
nakamoto,2026-07-05,STRC,400.040004,87.87,35151.52
nakamoto,2026-07-05,SWC.L,56583.07680606,0.3789,21440.59
nakamoto,2026-07-06,ALCPB.PA,130682.86650643,0.5271,68882.47
nakamoto,2026-07-06,ASST,9422.11055276,13.11,123523.87
nakamoto,2026-07-06,CASH,0.0,1.0,0.0
nakamoto,2026-07-06,CASH3.SA,34041.33987087,0.8217,27972.18
nakamoto,2026-07-06,GS9.F,475831.99889389,0.1141,54287.74
nakamoto,2026-07-06,MSTR,1439.30913162,100.77,145039.18
nakamoto,2026-07-06,MTPLF,103139.01345291,1.4,144394.62
nakamoto,2026-07-06,OBTC3.SA,56232.33252875,1.1919,67021.63
nakamoto,2026-07-06,STRC,400.040004,88.58,35435.54
nakamoto,2026-07-06,SWC.L,56583.07680606,0.3812,21570.93
nakamoto,2026-07-07,ALCPB.PA,130682.86650643,0.5311,69401.02
nakamoto,2026-07-07,ASST,9422.11055276,12.7,119660.8
nakamoto,2026-07-07,CASH,0.0,1.0,0.0
nakamoto,2026-07-07,CASH3.SA,34041.33987087,0.8931,30401.72
nakamoto,2026-07-07,GS9.F,475831.99889389,0.1142,54343.54
nakamoto,2026-07-07,MSTR,1439.30913162,97.36,140131.14
nakamoto,2026-07-07,MTPLF,103139.01345291,1.4,144394.62
nakamoto,2026-07-07,OBTC3.SA,56232.33252875,1.1785,66268.71
nakamoto,2026-07-07,STRC,400.040004,86.56,34627.46
nakamoto,2026-07-07,SWC.L,56583.07680606,0.3795,21472.76
nakamoto,2026-07-08,ALCPB.PA,130682.86650643,0.5077,66350.14
nakamoto,2026-07-08,ASST,9422.11055276,12.39,116739.95
nakamoto,2026-07-08,CASH,0.0,1.0,0.0
nakamoto,2026-07-08,CASH3.SA,34041.33987087,0.9321,31728.5
nakamoto,2026-07-08,GS9.F,475831.99889389,0.1144,54411.89
nakamoto,2026-07-08,MSTR,1439.30913162,93.87,135107.95
nakamoto,2026-07-08,MTPLF,103139.01345291,1.38,142331.84
nakamoto,2026-07-08,OBTC3.SA,56232.33252875,1.1704,65816.91
nakamoto,2026-07-08,STRC,400.040004,86.17,34471.45
nakamoto,2026-07-08,SWC.L,56583.07680606,0.3741,21167.91
nakamoto,2026-07-09,ALCPB.PA,130682.86650643,0.5186,67766.46
nakamoto,2026-07-09,ASST,9422.11055276,12.6,118718.6
nakamoto,2026-07-09,CASH,0.0,1.0,0.0
nakamoto,2026-07-09,CASH3.SA,34041.33987087,0.9202,31325.36
nakamoto,2026-07-09,GS9.F,475831.99889389,0.1142,54337.33
nakamoto,2026-07-09,MSTR,1439.30913162,93.89,135136.73
nakamoto,2026-07-09,MTPLF,103139.01345291,1.471,151717.48
nakamoto,2026-07-09,OBTC3.SA,56232.33252875,1.1826,66498.93
nakamoto,2026-07-09,STRC,400.040004,85.71,34287.43
nakamoto,2026-07-09,SWC.L,56583.07680606,0.3711,20999.65
nakamoto,2026-07-10,ALCPB.PA,130682.86650643,0.5368,70154.18
nakamoto,2026-07-10,ASST,9422.11055276,12.36,116457.28
nakamoto,2026-07-10,CASH,0.0,1.0,0.0
nakamoto,2026-07-10,CASH3.SA,34041.33987087,0.9222,31392.01
nakamoto,2026-07-10,GS9.F,475831.99889389,0.1142,54337.33
nakamoto,2026-07-10,MSTR,1439.30913162,94.64,136216.22
nakamoto,2026-07-10,MTPLF,103139.01345291,1.53,157802.69
nakamoto,2026-07-10,OBTC3.SA,56232.33252875,1.1826,66498.93
nakamoto,2026-07-10,STRC,400.040004,87.48,34995.5
nakamoto,2026-07-10,SWC.L,56583.07680606,0.3969,22459.02
nakamoto,2026-07-11,ALCPB.PA,130682.86650643,0.5368,70154.18
nakamoto,2026-07-11,ASST,9422.11055276,12.36,116457.28
nakamoto,2026-07-11,CASH,0.0,1.0,0.0
nakamoto,2026-07-11,CASH3.SA,34041.33987087,0.9222,31392.01
nakamoto,2026-07-11,GS9.F,475831.99889389,0.1142,54337.33
nakamoto,2026-07-11,MSTR,1439.30913162,94.64,136216.22
nakamoto,2026-07-11,MTPLF,103139.01345291,1.53,157802.69
nakamoto,2026-07-11,OBTC3.SA,56232.33252875,1.1826,66498.93
nakamoto,2026-07-11,STRC,400.040004,87.48,34995.5
nakamoto,2026-07-11,SWC.L,56583.07680606,0.3969,22459.02
nakamoto,2026-07-12,ALCPB.PA,130682.86650643,0.5358,70018.25
nakamoto,2026-07-12,ASST,9422.11055276,12.36,116457.28
nakamoto,2026-07-12,CASH,0.0,1.0,0.0
nakamoto,2026-07-12,CASH3.SA,34041.33987087,0.9222,31392.01
nakamoto,2026-07-12,GS9.F,475831.99889389,0.114,54232.05
nakamoto,2026-07-12,MSTR,1439.30913162,94.64,136216.22
nakamoto,2026-07-12,MTPLF,103139.01345291,1.53,157802.69
nakamoto,2026-07-12,OBTC3.SA,56232.33252875,1.1826,66498.93
nakamoto,2026-07-12,STRC,400.040004,87.48,34995.5
nakamoto,2026-07-12,SWC.L,56583.07680606,0.3962,22420.57
nakamoto,2026-07-13,ALCPB.PA,130682.86650643,0.559,73052.82
nakamoto,2026-07-13,ASST,9422.11055276,11.83,111463.57
nakamoto,2026-07-13,CASH,0.0,1.0,0.0
nakamoto,2026-07-13,CASH3.SA,34041.33987087,0.9382,31937.45
nakamoto,2026-07-13,GS9.F,475831.99889389,0.1142,54362.16
nakamoto,2026-07-13,MSTR,1439.30913162,92.1,132560.37
nakamoto,2026-07-13,MTPLF,103139.01345291,1.416,146044.84
nakamoto,2026-07-13,OBTC3.SA,56232.33252875,1.1865,66722.02
nakamoto,2026-07-13,STRC,400.040004,87.02,34811.48
nakamoto,2026-07-13,SWC.L,56583.07680606,0.3884,21974.89
nakamoto,2026-07-14,ALCPB.PA,130682.86650643,0.5499,71862.09
nakamoto,2026-07-14,ASST,9422.11055276,12.41,116928.39
nakamoto,2026-07-14,CASH,0.0,1.0,0.0
nakamoto,2026-07-14,CASH3.SA,34041.33987087,0.9653,32860.11
nakamoto,2026-07-14,GS9.F,475831.99889389,0.0765,36405.13
nakamoto,2026-07-14,MSTR,1439.30913162,97.58,140447.79
nakamoto,2026-07-14,MTPLF,103139.01345291,1.575,162443.95
nakamoto,2026-07-14,OBTC3.SA,56232.33252875,1.2017,67574.39
nakamoto,2026-07-14,STRC,400.040004,88.21,35287.53
nakamoto,2026-07-14,SWC.L,56583.07680606,0.4096,23173.77
nakamoto,2026-07-15,ALCPB.PA,130682.86650643,0.5799,75782.9
nakamoto,2026-07-15,ASST,9422.11055276,12.61,118812.81
nakamoto,2026-07-15,CASH,0.0,1.0,0.0
nakamoto,2026-07-15,CASH3.SA,34041.33987087,0.9016,30691.67
nakamoto,2026-07-15,GS9.F,475831.99889389,0.0918,43683.29
nakamoto,2026-07-15,MSTR,1439.30913162,97.47,140289.46
nakamoto,2026-07-15,MTPLF,103139.01345291,1.51,155739.91
nakamoto,2026-07-15,OBTC3.SA,56232.33252875,1.176,66129.22
nakamoto,2026-07-15,STRC,400.040004,87.78,35115.51
nakamoto,2026-07-15,SWC.L,56583.07680606,0.4083,23101.04
nakamoto,2026-07-16,ALCPB.PA,130682.86650643,0.5986,78227.24
nakamoto,2026-07-16,ASST,9422.11055276,11.65,109767.58
nakamoto,2026-07-16,CASH,0.0,1.0,0.0
nakamoto,2026-07-16,CASH3.SA,34041.33987087,0.8609,29306.94
nakamoto,2026-07-16,GS9.F,475831.99889389,0.0927,44113.99
nakamoto,2026-07-16,MSTR,1439.30913162,94.03,135338.24
nakamoto,2026-07-16,MTPLF,103139.01345291,1.42,146457.39
nakamoto,2026-07-16,OBTC3.SA,56232.33252875,1.1975,67336.21
nakamoto,2026-07-16,STRC,400.040004,85.42,34171.42
nakamoto,2026-07-16,SWC.L,56583.07680606,0.4036,22835.4
nakamoto,2026-07-17,ALCPB.PA,130682.86650643,0.5551,72543.42
nakamoto,2026-07-17,ASST,9422.11055276,11.86,111746.23
nakamoto,2026-07-17,CASH,0.0,1.0,0.0
nakamoto,2026-07-17,CASH3.SA,34041.33987087,0.8453,28774.09
nakamoto,2026-07-17,GS9.F,475831.99889389,0.0935,44495.22
nakamoto,2026-07-17,MSTR,1439.30913162,94.85,136518.47
nakamoto,2026-07-17,MTPLF,103139.01345291,1.39,143363.23
nakamoto,2026-07-17,OBTC3.SA,56232.33252875,1.2033,67666.29
nakamoto,2026-07-17,STRC,400.040004,85.29,34119.41
nakamoto,2026-07-17,SWC.L,56583.07680606,0.3901,22074.22
nakamoto,2026-07-18,ALCPB.PA,130682.86650643,0.5551,72543.42
nakamoto,2026-07-18,ASST,9422.11055276,11.86,111746.23
nakamoto,2026-07-18,CASH,0.0,1.0,0.0
nakamoto,2026-07-18,CASH3.SA,34041.33987087,0.8453,28774.09
nakamoto,2026-07-18,GS9.F,475831.99889389,0.0935,44495.22
nakamoto,2026-07-18,MSTR,1439.30913162,94.85,136518.47
nakamoto,2026-07-18,MTPLF,103139.01345291,1.39,143363.23
nakamoto,2026-07-18,OBTC3.SA,56232.33252875,1.2033,67666.29
nakamoto,2026-07-18,STRC,400.040004,85.29,34119.41
nakamoto,2026-07-18,SWC.L,56583.07680606,0.3901,22074.22
nakamoto,2026-07-19,ALCPB.PA,130682.86650643,0.5543,72435.65
nakamoto,2026-07-19,ASST,9422.11055276,11.86,111746.23
nakamoto,2026-07-19,CASH,0.0,1.0,0.0
nakamoto,2026-07-19,CASH3.SA,34041.33987087,0.8453,28775.21
nakamoto,2026-07-19,GS9.F,475831.99889389,0.0934,44429.11
nakamoto,2026-07-19,MSTR,1439.30913162,94.85,136518.47
nakamoto,2026-07-19,MTPLF,103139.01345291,1.39,143363.23
nakamoto,2026-07-19,OBTC3.SA,56232.33252875,1.2034,67668.93
nakamoto,2026-07-19,STRC,400.040004,85.29,34119.41
nakamoto,2026-07-19,SWC.L,56583.07680606,0.3899,22061.46
nakamoto,2026-07-20,ALCPB.PA,130682.86650643,0.5446,71174.56
nakamoto,2026-07-20,ASST,9422.11055276,12.34,116268.85
nakamoto,2026-07-20,CASH,0.0,1.0,0.0
nakamoto,2026-07-20,CASH3.SA,34041.33987087,0.8947,30456.95
nakamoto,2026-07-20,GS9.F,475831.99889389,0.0941,44756.75
nakamoto,2026-07-20,MSTR,1439.30913162,97.82,140793.22
nakamoto,2026-07-20,MTPLF,103139.01345291,1.39,143363.23
nakamoto,2026-07-20,OBTC3.SA,56232.33252875,1.21,68042.2
nakamoto,2026-07-20,STRC,400.040004,87.1,34843.48
nakamoto,2026-07-20,SWC.L,56583.07680606,0.3839,21719.94
nakamoto,2026-07-21,ALCPB.PA,130682.86650643,0.5786,75609.06
nakamoto,2026-07-21,ASST,9422.11055276,13.0,122487.44
nakamoto,2026-07-21,CASH,0.0,1.0,0.0
nakamoto,2026-07-21,CASH3.SA,34041.33987087,0.86,29275.38
nakamoto,2026-07-21,GS9.F,475831.99889389,0.102,48544.31
nakamoto,2026-07-21,MSTR,1439.30913162,101.95,146737.56
nakamoto,2026-07-21,MTPLF,103139.01345291,1.51,155739.91
nakamoto,2026-07-21,OBTC3.SA,56232.33252875,1.2692,71371.99
nakamoto,2026-07-21,STRC,400.040004,88.16,35267.53
nakamoto,2026-07-21,SWC.L,56583.07680606,0.3935,22268.22
nakamoto,2026-07-22,ALCPB.PA,130682.86650643,0.5644,73753.63
nakamoto,2026-07-22,ASST,9422.11055276,12.67,119378.14
nakamoto,2026-07-22,CASH,0.0,1.0,0.0
nakamoto,2026-07-22,CASH3.SA,34041.33987087,0.8683,29559.08
nakamoto,2026-07-22,GS9.F,475831.99889389,0.0958,45606.21
nakamoto,2026-07-22,MSTR,1439.30913162,100.01,143945.31
nakamoto,2026-07-22,MTPLF,103139.01345291,1.55,159865.47
nakamoto,2026-07-22,OBTC3.SA,56232.33252875,1.2464,70086.69
nakamoto,2026-07-22,STRC,400.040004,87.45,34983.5
nakamoto,2026-07-22,SWC.L,56583.07680606,0.3934,22262.56
nakamoto,2026-07-23,ALCPB.PA,130682.86650643,0.5357,70001.77
nakamoto,2026-07-23,ASST,9422.11055276,12.09,113913.32
nakamoto,2026-07-23,CASH,0.0,1.0,0.0
nakamoto,2026-07-23,CASH3.SA,34041.33987087,0.8473,28842.34
nakamoto,2026-07-23,GS9.F,475831.99889389,0.0911,43355.87
nakamoto,2026-07-23,MSTR,1439.30913162,93.63,134762.51
nakamoto,2026-07-23,MTPLF,103139.01345291,1.43,147488.78
nakamoto,2026-07-23,OBTC3.SA,56232.33252875,1.2177,68474.67
nakamoto,2026-07-23,STRC,400.040004,84.94,33979.4
nakamoto,2026-07-23,SWC.L,56583.07680606,0.3942,22306.77
nakamoto,2026-07-24,ALCPB.PA,130682.86650643,0.5424,70878.84
nakamoto,2026-07-24,ASST,9422.11055276,11.49,108260.05
nakamoto,2026-07-24,CASH,0.0,1.0,0.0
nakamoto,2026-07-24,CASH3.SA,34041.33987087,0.8217,27970.36
nakamoto,2026-07-24,GS9.F,475831.99889389,0.0911,43355.87
nakamoto,2026-07-24,MSTR,1439.30913162,91.67,131941.47
nakamoto,2026-07-24,MTPLF,103139.01345291,1.355,139753.37
nakamoto,2026-07-24,OBTC3.SA,56232.33252875,1.2039,67699.07
nakamoto,2026-07-24,STRC,400.040004,86.885,34757.48
nakamoto,2026-07-24,SWC.L,56583.07680606,0.3916,22159.29
nakamoto,2026-07-25,ALCPB.PA,130682.86650643,0.5424,70878.84
nakamoto,2026-07-25,ASST,9422.11055276,11.49,108260.05
nakamoto,2026-07-25,CASH,0.0,1.0,0.0
nakamoto,2026-07-25,CASH3.SA,34041.33987087,0.8217,27970.36
nakamoto,2026-07-25,GS9.F,475831.99889389,0.0911,43355.87
nakamoto,2026-07-25,MSTR,1439.30913162,91.67,131941.47
nakamoto,2026-07-25,MTPLF,103139.01345291,1.355,139753.37
nakamoto,2026-07-25,OBTC3.SA,56232.33252875,1.2039,67699.07
nakamoto,2026-07-25,STRC,400.040004,86.885,34757.48
nakamoto,2026-07-25,SWC.L,56583.07680606,0.3916,22159.29
nakamoto,2026-07-26,ALCPB.PA,130682.86650643,0.5432,70991.9
nakamoto,2026-07-26,ASST,9422.11055276,11.49,108260.05
nakamoto,2026-07-26,CASH,0.0,1.0,0.0
nakamoto,2026-07-26,CASH3.SA,34041.33987087,0.8217,27970.36
nakamoto,2026-07-26,GS9.F,475831.99889389,0.0913,43425.02
nakamoto,2026-07-26,MSTR,1439.30913162,91.67,131941.47
nakamoto,2026-07-26,MTPLF,103139.01345291,1.355,139753.37
nakamoto,2026-07-26,OBTC3.SA,56232.33252875,1.2039,67699.07
nakamoto,2026-07-26,STRC,400.040004,86.885,34757.48
nakamoto,2026-07-26,SWC.L,56583.07680606,0.3923,22199.51
nakamoto,2026-07-27,ALCPB.PA,130682.86650643,0.5638,73674.66
nakamoto,2026-07-27,ASST,9422.11055276,12.19,114855.52
nakamoto,2026-07-27,CASH,0.0,1.0,0.0
nakamoto,2026-07-27,CASH3.SA,34041.33987087,0.8448,28757.54
nakamoto,2026-07-27,GS9.F,475831.99889389,0.0912,43400.3
nakamoto,2026-07-27,MSTR,1439.30913162,98.65,141987.85
nakamoto,2026-07-27,MTPLF,103139.01345291,1.376,141919.29
nakamoto,2026-07-27,OBTC3.SA,56232.33252875,1.2194,68568.3
nakamoto,2026-07-27,STRC,400.040004,88.32,35331.53
nakamoto,2026-07-27,SWC.L,56583.07680606,0.3918,22172.05
nakamoto,2026-07-28,ALCPB.PA,130682.86650643,0.5333,69691.53
nakamoto,2026-07-28,ASST,9422.11055276,11.98,112876.88
nakamoto,2026-07-28,CASH,0.0,1.0,0.0
nakamoto,2026-07-28,CASH3.SA,34041.33987087,0.8402,28602.22
nakamoto,2026-07-28,GS9.F,475831.99889389,0.0986,46916.86
nakamoto,2026-07-28,MSTR,1439.30913162,96.16,138403.97
nakamoto,2026-07-28,MTPLF,103139.01345291,1.36,140269.06
nakamoto,2026-07-28,OBTC3.SA,56232.33252875,1.2154,68344.1
nakamoto,2026-07-28,STRC,400.040004,88.22,35291.53
nakamoto,2026-07-28,SWC.L,56583.07680606,0.3832,21683.25
nakamoto,2026-07-29,ALCPB.PA,130682.86650643,0.5459,71337.72
nakamoto,2026-07-29,ASST,9422.11055276,11.06,104208.55
nakamoto,2026-07-29,CASH,0.0,1.0,0.0
nakamoto,2026-07-29,CASH3.SA,34041.33987087,0.8519,28999.95
nakamoto,2026-07-29,GS9.F,475831.99889389,0.0944,44928.11
nakamoto,2026-07-29,MSTR,1439.30913162,93.33,134330.72
nakamoto,2026-07-29,MTPLF,103139.01345291,1.32,136143.5
nakamoto,2026-07-29,OBTC3.SA,56232.33252875,1.199,67421.22
nakamoto,2026-07-29,STRC,400.040004,87.51,35007.5
nakamoto,2026-07-29,SWC.L,56583.07680606,0.3732,21114.28
nakamoto,2026-07-30,ALCPB.PA,130682.86650643,0.5492,71766.36
nakamoto,2026-07-30,ASST,9422.11055276,11.94,112500.0
nakamoto,2026-07-30,CASH,0.0,1.0,0.0
nakamoto,2026-07-30,CASH3.SA,34041.33987087,0.8769,29850.82
nakamoto,2026-07-30,GS9.F,475831.99889389,0.0934,44429.27
nakamoto,2026-07-30,MSTR,1439.30913162,97.74,140678.07
nakamoto,2026-07-30,MTPLF,103139.01345291,1.38,142331.84
nakamoto,2026-07-30,OBTC3.SA,56232.33252875,1.2277,69034.12
nakamoto,2026-07-30,STRC,400.040004,89.5,35803.58
nakamoto,2026-07-30,SWC.L,56583.07680606,0.3724,21069.75
nakamoto,2026-07-31,ALCPB.PA,130682.86650643,0.5312,69423.86
nakamoto,2026-07-31,ASST,9422.11055276,11.11,104679.65
nakamoto,2026-07-31,CASH,0.0,1.0,0.0
nakamoto,2026-07-31,CASH3.SA,34041.33987087,0.9026,30725.29
nakamoto,2026-07-31,GS9.F,475831.99889389,0.0935,44511.37
nakamoto,2026-07-31,MSTR,1439.30913162,93.28,134258.75
nakamoto,2026-07-31,MTPLF,103139.01345291,1.4,144394.62
nakamoto,2026-07-31,OBTC3.SA,56232.33252875,1.2317,69261.2
nakamoto,2026-07-31,STRC,400.040004,89.46,35787.58
nakamoto,2026-07-31,SWC.L,56583.07680606,0.388,21956.22
nakamoto,2026-08-01,ALCPB.PA,130682.86650643,0.5312,69423.86
nakamoto,2026-08-01,ASST,9422.11055276,11.11,104679.65
nakamoto,2026-08-01,CASH,0.0,1.0,0.0
nakamoto,2026-08-01,CASH3.SA,34041.33987087,0.9026,30725.29
nakamoto,2026-08-01,GS9.F,475831.99889389,0.0935,44511.37
nakamoto,2026-08-01,MSTR,1439.30913162,93.28,134258.75
nakamoto,2026-08-01,MTPLF,103139.01345291,1.4,144394.62
nakamoto,2026-08-01,OBTC3.SA,56232.33252875,1.2317,69261.2
nakamoto,2026-08-01,STRC,400.040004,89.46,35787.58
nakamoto,2026-08-01,SWC.L,56583.07680606,0.388,21956.22
nakamoto,2026-08-02,ALCPB.PA,130682.86650643,0.5313,69431.88
nakamoto,2026-08-02,ASST,9422.11055276,11.11,104679.65
nakamoto,2026-08-02,CASH,0.0,1.0,0.0
nakamoto,2026-08-02,CASH3.SA,34041.33987087,0.9026,30725.29
nakamoto,2026-08-02,GS9.F,475831.99889389,0.0936,44516.51
nakamoto,2026-08-02,MSTR,1439.30913162,93.28,134258.75
nakamoto,2026-08-02,MTPLF,103139.01345291,1.4,144394.62
nakamoto,2026-08-02,OBTC3.SA,56232.33252875,1.2317,69261.2
nakamoto,2026-08-02,STRC,400.040004,89.46,35787.58
nakamoto,2026-08-02,SWC.L,56583.07680606,0.3881,21958.89
nakamoto,2026-08-03,ALCPB.PA,130682.86650643,0.5329,69645.27
nakamoto,2026-08-03,ASST,9422.11055276,11.8,111180.91
nakamoto,2026-08-03,CASH,0.0,1.0,0.0
nakamoto,2026-08-03,CASH3.SA,34041.33987087,0.897,30535.08
nakamoto,2026-08-03,GS9.F,475831.99889389,0.0934,44460.02
nakamoto,2026-08-03,MSTR,1439.30913162,94.86,136532.87
nakamoto,2026-08-03,MTPLF,103139.01345291,1.465,151098.66
nakamoto,2026-08-03,OBTC3.SA,56232.33252875,1.1934,67107.66
nakamoto,2026-08-03,STRC,400.040004,92.32,36931.69
nakamoto,2026-08-03,SWC.L,56583.07680606,0.3807,21539.65
nakamoto,2026-08-04,ALCPB.PA,130682.86650643,0.5491,71753.97
nakamoto,2026-08-04,ASST,9422.11055276,12.42,117022.61
nakamoto,2026-08-04,CASH,0.0,1.0,0.0
nakamoto,2026-08-04,CASH3.SA,34041.33987087,0.8789,29917.23
nakamoto,2026-08-04,GS9.F,475831.99889389,0.0936,44552.52
nakamoto,2026-08-04,MSTR,1439.30913162,97.65,140548.54
nakamoto,2026-08-04,MTPLF,103139.01345291,1.39,143363.23
nakamoto,2026-08-04,OBTC3.SA,56232.33252875,1.2499,70285.92
nakamoto,2026-08-04,STRC,400.040004,92.53,37015.7
nakamoto,2026-08-04,SWC.L,56583.07680606,0.3825,21643.13
nakamoto,2026-08-05,ALCPB.PA,130682.86650643,0.5419,70822.94
nakamoto,2026-08-05,ASST,9422.11055276,12.45,117305.27
nakamoto,2026-08-05,CASH,0.0,1.0,0.0
nakamoto,2026-08-05,CASH3.SA,34041.33987087,0.8983,30578.08
nakamoto,2026-08-05,GS9.F,475831.99889389,0.0933,44413.91
nakamoto,2026-08-05,MSTR,1439.30913162,98.37,141584.84
nakamoto,2026-08-05,MTPLF,103139.01345291,1.36,140269.06
nakamoto,2026-08-05,OBTC3.SA,56232.33252875,1.2231,68779.17
nakamoto,2026-08-05,STRC,400.040004,94.1,37643.76
nakamoto,2026-08-05,SWC.L,56583.07680606,0.3846,21760.67
nakamoto,2026-08-06,ALCPB.PA,130682.86650643,0.5469,71468.37
nakamoto,2026-08-06,ASST,9422.11055276,12.31,115986.18
nakamoto,2026-08-06,CASH,0.0,1.0,0.0
nakamoto,2026-08-06,CASH3.SA,34041.33987087,0.9146,31134.15
nakamoto,2026-08-06,GS9.F,475831.99889389,0.1202,57216.47
nakamoto,2026-08-06,MSTR,1439.30913162,96.85,139397.09
nakamoto,2026-08-06,MTPLF,103139.01345291,1.39,143363.23
nakamoto,2026-08-06,OBTC3.SA,56232.33252875,1.2568,70674.76
nakamoto,2026-08-06,STRC,400.040004,94.06,37627.76
nakamoto,2026-08-06,SWC.L,56583.07680606,0.3859,21834.96
nakamoto,2026-08-07,ALCPB.PA,130682.86650643,0.5714,74671.61
nakamoto,2026-08-07,ASST,9422.11055276,12.48,117587.94
nakamoto,2026-08-07,CASH,0.0,1.0,0.0
nakamoto,2026-08-07,CASH3.SA,34041.33987087,0.9972,33946.27
nakamoto,2026-08-07,GS9.F,475831.99889389,0.1202,57216.47
nakamoto,2026-08-07,MSTR,1439.30913162,100.01,143945.31
nakamoto,2026-08-07,MTPLF,103139.01345291,1.41,145426.01
nakamoto,2026-08-07,OBTC3.SA,56232.33252875,1.2627,71006.57
nakamoto,2026-08-07,STRC,400.040004,95.01,38007.8
nakamoto,2026-08-07,SWC.L,56583.07680606,0.394,22292.43
nakamoto,2026-08-08,ALCPB.PA,130682.86650643,0.5714,74671.61
nakamoto,2026-08-08,ASST,9422.11055276,12.48,117587.94
nakamoto,2026-08-08,CASH,0.0,1.0,0.0
nakamoto,2026-08-08,CASH3.SA,34041.33987087,0.9972,33946.27
nakamoto,2026-08-08,GS9.F,475831.99889389,0.1202,57216.47
nakamoto,2026-08-08,MSTR,1439.30913162,100.01,143945.31
nakamoto,2026-08-08,MTPLF,103139.01345291,1.41,145426.01
nakamoto,2026-08-08,OBTC3.SA,56232.33252875,1.2627,71006.57
nakamoto,2026-08-08,STRC,400.040004,95.01,38007.8
nakamoto,2026-08-08,SWC.L,56583.07680606,0.394,22292.43
nakamoto,2026-08-09,ALCPB.PA,130682.86650643,0.5713,74654.34
nakamoto,2026-08-09,ASST,9422.11055276,12.48,117587.94
nakamoto,2026-08-09,CASH,0.0,1.0,0.0
nakamoto,2026-08-09,CASH3.SA,34041.33987087,0.9972,33946.27
nakamoto,2026-08-09,GS9.F,475831.99889389,0.1202,57203.24
nakamoto,2026-08-09,MSTR,1439.30913162,100.01,143945.31
nakamoto,2026-08-09,MTPLF,103139.01345291,1.41,145426.01
nakamoto,2026-08-09,OBTC3.SA,56232.33252875,1.2627,71006.57
nakamoto,2026-08-09,STRC,400.040004,95.01,38007.8
nakamoto,2026-08-09,SWC.L,56583.07680606,0.3939,22289.12
nakamoto,2026-08-10,ALCPB.PA,130682.86650643,0.5472,71513.4
nakamoto,2026-08-10,ASST,9422.11055276,12.44,117211.05
nakamoto,2026-08-10,CASH,0.0,1.0,0.0
nakamoto,2026-08-10,CASH3.SA,34041.33987087,1.018,34653.22
nakamoto,2026-08-10,GS9.F,475831.99889389,0.2309,109891.91
nakamoto,2026-08-10,MSTR,1439.30913162,97.33,140087.96
nakamoto,2026-08-10,MTPLF,103139.01345291,1.43,147488.78
nakamoto,2026-08-10,OBTC3.SA,56232.33252875,1.241,69782.05
nakamoto,2026-08-10,STRC,400.040004,94.35,37743.77
nakamoto,2026-08-10,SWC.L,56583.07680606,0.3929,22233.73
nakamoto,2026-08-11,ALCPB.PA,130682.86650643,0.539,70433.76
nakamoto,2026-08-11,ASST,9422.11055276,12.62,118907.03
nakamoto,2026-08-11,CASH,0.0,1.0,0.0
nakamoto,2026-08-11,CASH3.SA,34041.33987087,1.0018,34104.3
nakamoto,2026-08-11,GS9.F,475831.99889389,0.2306,109714.55
nakamoto,2026-08-11,MSTR,1439.30913162,96.09,138303.21
nakamoto,2026-08-11,MTPLF,103139.01345291,1.43,147488.78
nakamoto,2026-08-11,OBTC3.SA,56232.33252875,1.1887,66845.23
nakamoto,2026-08-11,STRC,400.040004,95.32,38131.81
nakamoto,2026-08-11,SWC.L,56583.07680606,0.3867,21883.15
nakamoto,2026-08-12,ALCPB.PA,130682.86650643,0.5427,70926.62
nakamoto,2026-08-12,ASST,9422.11055276,12.39,116739.95
nakamoto,2026-08-12,CASH,0.0,1.0,0.0
nakamoto,2026-08-12,CASH3.SA,34041.33987087,1.0387,35359.09
nakamoto,2026-08-12,GS9.F,475831.99889389,0.2307,109777.83
nakamoto,2026-08-12,MSTR,1439.30913162,94.83,136489.69
nakamoto,2026-08-12,MTPLF,103139.01345291,1.4,144394.62
nakamoto,2026-08-12,OBTC3.SA,56232.33252875,1.2183,68505.84
nakamoto,2026-08-12,STRC,400.040004,95.315,38129.81
nakamoto,2026-08-12,SWC.L,56583.07680606,0.3894,22033.96
nakamoto,2026-08-13,ALCPB.PA,130682.86650643,0.5401,70581.76
nakamoto,2026-08-13,ASST,9422.11055276,12.58,118530.15
nakamoto,2026-08-13,CASH,0.0,1.0,0.0
nakamoto,2026-08-13,CASH3.SA,34041.33987087,1.0236,34845.72
nakamoto,2026-08-13,GS9.F,475831.99889389,0.2315,110133.56
nakamoto,2026-08-13,MSTR,1439.30913162,97.1,139756.91
nakamoto,2026-08-13,MTPLF,103139.01345291,1.37,141300.45
nakamoto,2026-08-13,OBTC3.SA,56232.33252875,1.1824,66491.11
nakamoto,2026-08-13,STRC,400.040004,95.77,38311.83
nakamoto,2026-08-13,SWC.L,56583.07680606,0.3885,21985.13
nakamoto,2026-08-14,ALCPB.PA,130682.86650643,0.5254,68661.06
nakamoto,2026-08-14,ASST,9422.11055276,12.315,116033.29
nakamoto,2026-08-14,CASH,0.0,1.0,0.0
nakamoto,2026-08-14,CASH3.SA,34041.33987087,1.0473,35652.9
nakamoto,2026-08-14,GS9.F,475831.99889389,0.1398,66520.67
nakamoto,2026-08-14,MSTR,1439.30913162,93.04,133913.32
nakamoto,2026-08-14,MTPLF,103139.01345291,1.37,141300.45
nakamoto,2026-08-14,OBTC3.SA,56232.33252875,1.2085,67955.13
nakamoto,2026-08-14,STRC,400.040004,94.78,37915.79
nakamoto,2026-08-14,SWC.L,56583.07680606,0.3848,21770.67
nakamoto,2026-08-15,ALCPB.PA,130682.86650643,0.5254,68661.06
nakamoto,2026-08-15,ASST,9422.11055276,12.315,116033.29
nakamoto,2026-08-15,CASH,0.0,1.0,0.0
nakamoto,2026-08-15,CASH3.SA,34041.33987087,1.0473,35652.9
nakamoto,2026-08-15,GS9.F,475831.99889389,0.1398,66520.67
nakamoto,2026-08-15,MSTR,1439.30913162,93.04,133913.32
nakamoto,2026-08-15,MTPLF,103139.01345291,1.37,141300.45
nakamoto,2026-08-15,OBTC3.SA,56232.33252875,1.2085,67955.13
nakamoto,2026-08-15,STRC,400.040004,94.78,37915.79
nakamoto,2026-08-15,SWC.L,56583.07680606,0.3848,21770.67
nakamoto,2026-08-16,ALCPB.PA,130682.86650643,0.5255,68669.01
nakamoto,2026-08-16,ASST,9422.11055276,12.315,116033.29
nakamoto,2026-08-16,CASH,0.0,1.0,0.0
nakamoto,2026-08-16,CASH3.SA,34041.33987087,1.0447,35562.18
nakamoto,2026-08-16,GS9.F,475831.99889389,0.1398,66528.36
nakamoto,2026-08-16,MSTR,1439.30913162,93.04,133913.32
nakamoto,2026-08-16,MTPLF,103139.01345291,1.37,141300.45
nakamoto,2026-08-16,OBTC3.SA,56232.33252875,1.2054,67782.2
nakamoto,2026-08-16,STRC,400.040004,94.78,37915.79
nakamoto,2026-08-16,SWC.L,56583.07680606,0.3848,21775.39
nakamoto,2026-08-17,ALCPB.PA,130682.86650643,0.5308,69366.64
nakamoto,2026-08-17,ASST,9422.11055276,13.2,124371.86
nakamoto,2026-08-17,CASH,0.0,1.0,0.0
nakamoto,2026-08-17,CASH3.SA,34041.33987087,0.9725,33105.63
nakamoto,2026-08-17,GS9.F,475831.99889389,0.1399,66559.18
nakamoto,2026-08-17,MSTR,1439.30913162,97.68,140591.72
nakamoto,2026-08-17,MTPLF,103139.01345291,1.394,143775.79
nakamoto,2026-08-17,OBTC3.SA,56232.33252875,1.2622,70973.99
nakamoto,2026-08-17,STRC,400.040004,94.36,37747.78
nakamoto,2026-08-17,SWC.L,56583.07680606,0.3884,21975.94
nakamoto,2026-08-18,ALCPB.PA,130682.86650643,0.5829,76171.89
nakamoto,2026-08-18,ASST,9422.11055276,12.8,120603.02
nakamoto,2026-08-18,CASH,0.0,1.0,0.0
nakamoto,2026-08-18,CASH3.SA,34041.33987087,0.95,32340.19
nakamoto,2026-08-18,GS9.F,475831.99889389,0.1635,77813.9
nakamoto,2026-08-18,MSTR,1439.30913162,92.52,133164.88
nakamoto,2026-08-18,MTPLF,103139.01345291,1.47,151614.35
nakamoto,2026-08-18,OBTC3.SA,56232.33252875,1.2937,72749.79
nakamoto,2026-08-18,STRC,400.040004,94.01,37607.76
nakamoto,2026-08-18,SWC.L,56583.07680606,0.3905,22098.25
nakamoto,2026-08-19,ALCPB.PA,130682.86650643,0.6077,79414.61
nakamoto,2026-08-19,ASST,9422.11055276,14.73,138787.68
nakamoto,2026-08-19,CASH,0.0,1.0,0.0
nakamoto,2026-08-19,CASH3.SA,34041.33987087,0.9686,32973.47
nakamoto,2026-08-19,GS9.F,475831.99889389,0.1169,55607.34
nakamoto,2026-08-19,MSTR,1439.30913162,104.25,150047.98
nakamoto,2026-08-19,MTPLF,103139.01345291,1.513,156049.33
nakamoto,2026-08-19,OBTC3.SA,56232.33252875,1.3191,74176.56
nakamoto,2026-08-19,STRC,400.040004,95.31,38127.81
nakamoto,2026-08-19,SWC.L,56583.07680606,0.4022,22760.07
nakamoto,2026-08-20,ALCPB.PA,130682.86650643,0.6397,83601.63
nakamoto,2026-08-20,ASST,9422.11055276,16.13,151978.64
nakamoto,2026-08-20,CASH,0.0,1.0,0.0
nakamoto,2026-08-20,CASH3.SA,34041.33987087,1.0513,35786.95
nakamoto,2026-08-20,GS9.F,475831.99889389,0.1168,55568.37
nakamoto,2026-08-20,MSTR,1439.30913162,112.39,161763.95
nakamoto,2026-08-20,MTPLF,103139.01345291,1.72,177399.11
nakamoto,2026-08-20,OBTC3.SA,56232.33252875,1.3628,76631.69
nakamoto,2026-08-20,STRC,400.040004,95.25,38103.81
nakamoto,2026-08-20,SWC.L,56583.07680606,0.4299,24325.68
nakamoto,2026-08-21,ALCPB.PA,130682.86650643,0.6862,89675.64
nakamoto,2026-08-21,ASST,9422.11055276,18.22,171670.85
nakamoto,2026-08-21,CASH,0.0,1.0,0.0
nakamoto,2026-08-21,CASH3.SA,34041.33987087,1.0902,37112.39
nakamoto,2026-08-21,GS9.F,475831.99889389,0.1168,55568.37
nakamoto,2026-08-21,MSTR,1439.30913162,119.25,171637.61
nakamoto,2026-08-21,MTPLF,103139.01345291,2.004,206690.58
nakamoto,2026-08-21,OBTC3.SA,56232.33252875,1.4504,81558.01
nakamoto,2026-08-21,STRC,400.040004,96.18,38475.85
nakamoto,2026-08-21,SWC.L,56583.07680606,0.4749,26870.96
nakamoto,2026-08-22,ALCPB.PA,130682.86650643,0.6862,89675.64
nakamoto,2026-08-22,ASST,9422.11055276,18.22,171670.85
nakamoto,2026-08-22,CASH,0.0,1.0,0.0
nakamoto,2026-08-22,CASH3.SA,34041.33987087,1.0902,37112.39
nakamoto,2026-08-22,GS9.F,475831.99889389,0.1168,55568.37
nakamoto,2026-08-22,MSTR,1439.30913162,119.25,171637.61
nakamoto,2026-08-22,MTPLF,103139.01345291,2.004,206690.58
nakamoto,2026-08-22,OBTC3.SA,56232.33252875,1.4504,81558.01
nakamoto,2026-08-22,STRC,400.040004,96.18,38475.85
nakamoto,2026-08-22,SWC.L,56583.07680606,0.4749,26870.96
nakamoto,2026-08-23,ALCPB.PA,130682.86650643,0.6864,89696.59
nakamoto,2026-08-23,ASST,9422.11055276,18.22,171670.85
nakamoto,2026-08-23,CASH,0.0,1.0,0.0
nakamoto,2026-08-23,CASH3.SA,34041.33987087,1.0902,37112.39
nakamoto,2026-08-23,GS9.F,475831.99889389,0.1168,55581.36
nakamoto,2026-08-23,MSTR,1439.30913162,119.25,171637.61
nakamoto,2026-08-23,MTPLF,103139.01345291,2.004,206690.58
nakamoto,2026-08-23,OBTC3.SA,56232.33252875,1.4504,81558.01
nakamoto,2026-08-23,STRC,400.040004,96.18,38475.85
nakamoto,2026-08-23,SWC.L,56583.07680606,0.4748,26865.09
nakamoto,2026-08-24,ALCPB.PA,130682.86650643,0.694,90693.49
nakamoto,2026-08-24,ASST,9422.11055276,19.73,185898.24
nakamoto,2026-08-24,CASH,0.0,1.0,0.0
nakamoto,2026-08-24,CASH3.SA,34041.33987087,1.0628,36177.6
nakamoto,2026-08-24,GS9.F,475831.99889389,0.1651,78582.86
nakamoto,2026-08-24,MSTR,1439.30913162,122.63,176502.47
nakamoto,2026-08-24,MTPLF,103139.01345291,1.995,205762.33
nakamoto,2026-08-24,OBTC3.SA,56232.33252875,1.4183,79754.43
nakamoto,2026-08-24,STRC,400.040004,97.21,38887.89
nakamoto,2026-08-24,SWC.L,56583.07680606,0.4811,27224.19
nakamoto,2026-08-25,ALCPB.PA,130682.86650643,0.6587,86085.83
nakamoto,2026-08-25,ASST,9422.11055276,21.39,201538.94
nakamoto,2026-08-25,CASH,0.0,1.0,0.0
nakamoto,2026-08-25,CASH3.SA,34041.33987087,1.0838,36892.94
nakamoto,2026-08-25,GS9.F,475831.99889389,0.1539,73230.53
nakamoto,2026-08-25,MSTR,1439.30913162,126.83,182547.58
nakamoto,2026-08-25,MTPLF,103139.01345291,2.0,206278.03
nakamoto,2026-08-25,OBTC3.SA,56232.33252875,1.4509,81584.77
nakamoto,2026-08-25,STRC,400.040004,97.15,38863.89
nakamoto,2026-08-25,SWC.L,56583.07680606,0.4417,24994.22
nakamoto,2026-08-26,ALCPB.PA,130682.86650643,0.6431,84036.51
nakamoto,2026-08-26,ASST,9422.11055276,21.5,202575.38
nakamoto,2026-08-26,CASH,0.0,1.0,0.0
nakamoto,2026-08-26,CASH3.SA,34041.33987087,1.11,37786.34
nakamoto,2026-08-26,GS9.F,475831.99889389,0.1568,74612.06
nakamoto,2026-08-26,MSTR,1439.30913162,123.19,177308.5
nakamoto,2026-08-26,MTPLF,103139.01345291,1.94,200089.69
nakamoto,2026-08-26,OBTC3.SA,56232.33252875,1.3754,77342.47
nakamoto,2026-08-26,STRC,400.040004,97.16,38867.89
nakamoto,2026-08-26,SWC.L,56583.07680606,0.4306,24363.47
nakamoto,2026-08-27,ALCPB.PA,130682.86650643,0.7184,93885.73
nakamoto,2026-08-27,ASST,9422.11055276,23.12,217839.2
nakamoto,2026-08-27,CASH,0.0,1.0,0.0
nakamoto,2026-08-27,CASH3.SA,34041.33987087,1.1398,38801.22
nakamoto,2026-08-27,GS9.F,475831.99889389,0.1567,74545.18
nakamoto,2026-08-27,MSTR,1439.30913162,137.4,197761.07
nakamoto,2026-08-27,MTPLF,103139.01345291,2.005,206793.73
nakamoto,2026-08-27,OBTC3.SA,56232.33252875,1.4523,81664.32
nakamoto,2026-08-27,STRC,400.040004,98.0,39203.92
nakamoto,2026-08-27,SWC.L,56583.07680606,0.4305,24358.55
nakamoto,2026-08-28,ALCPB.PA,130682.86650643,0.6622,86534.89
nakamoto,2026-08-28,ASST,9422.11055276,21.74,204836.68
nakamoto,2026-08-28,CASH,0.0,1.0,0.0
nakamoto,2026-08-28,CASH3.SA,34041.33987087,1.0667,36313.16
nakamoto,2026-08-28,GS9.F,475831.99889389,0.1499,71308.46
nakamoto,2026-08-28,MSTR,1439.30913162,127.31,183238.44
nakamoto,2026-08-28,MTPLF,103139.01345291,2.0,206278.03
nakamoto,2026-08-28,OBTC3.SA,56232.33252875,1.3715,77123.71
nakamoto,2026-08-28,STRC,400.040004,97.33,38935.89
nakamoto,2026-08-28,SWC.L,56583.07680606,0.4403,24914.31
nakamoto,2026-08-29,ALCPB.PA,130682.86650643,0.6622,86534.89
nakamoto,2026-08-29,ASST,9422.11055276,21.74,204836.68
nakamoto,2026-08-29,CASH,0.0,1.0,0.0
nakamoto,2026-08-29,CASH3.SA,34041.33987087,1.0667,36313.16
nakamoto,2026-08-29,GS9.F,475831.99889389,0.1499,71308.46
nakamoto,2026-08-29,MSTR,1439.30913162,127.31,183238.44
nakamoto,2026-08-29,MTPLF,103139.01345291,2.0,206278.03
nakamoto,2026-08-29,OBTC3.SA,56232.33252875,1.3715,77123.71
nakamoto,2026-08-29,STRC,400.040004,97.33,38935.89
nakamoto,2026-08-29,SWC.L,56583.07680606,0.4403,24914.31
nakamoto,2026-08-30,ALCPB.PA,130682.86650643,0.6622,86534.89
nakamoto,2026-08-30,ASST,9422.11055276,21.74,204836.68
nakamoto,2026-08-30,CASH,0.0,1.0,0.0
nakamoto,2026-08-30,CASH3.SA,34041.33987087,1.0667,36313.16
nakamoto,2026-08-30,GS9.F,475831.99889389,0.1499,71308.46
nakamoto,2026-08-30,MSTR,1439.30913162,127.31,183238.44
nakamoto,2026-08-30,MTPLF,103139.01345291,2.0,206278.03
nakamoto,2026-08-30,OBTC3.SA,56232.33252875,1.3715,77123.71
nakamoto,2026-08-30,STRC,400.040004,97.33,38935.89
nakamoto,2026-08-30,SWC.L,56583.07680606,0.4403,24914.31
nakamoto,2026-08-31,ALCPB.PA,13068.28665064,6.1422,80267.38
nakamoto,2026-08-31,ASST,9422.11055276,24.22,228203.51
nakamoto,2026-08-31,CASH,0.0,1.0,0.0
nakamoto,2026-08-31,CASH3.SA,34041.33987087,1.0865,36984.35
nakamoto,2026-08-31,GS9.F,475831.99889389,0.1458,69371.14
nakamoto,2026-08-31,MSTR,1439.30913162,132.94,191341.76
nakamoto,2026-08-31,MTPLF,103139.01345291,2.0,206278.03
nakamoto,2026-08-31,OBTC3.SA,56232.33252875,1.3253,74525.83
nakamoto,2026-08-31,STRC,400.040004,97.1,38843.88
nakamoto,2026-08-31,SWC.L,56583.07680606,0.4401,24900.14
nakamoto,2026-09-01,ALCPB.PA,13068.28665064,5.839,76306.07
nakamoto,2026-09-01,ASST,9422.11055276,24.0,226130.65
nakamoto,2026-09-01,CASH,0.0,1.0,0.0
nakamoto,2026-09-01,CASH3.SA,34041.33987087,1.0248,34884.21
nakamoto,2026-09-01,GS9.F,475831.99889389,0.1485,70648.42
nakamoto,2026-09-01,MSTR,1439.30913162,124.88,179740.92
nakamoto,2026-09-01,MTPLF,103139.01345291,1.945,200605.39
nakamoto,2026-09-01,OBTC3.SA,56232.33252875,1.2351,69453.44
nakamoto,2026-09-01,STRC,400.040004,96.8,38723.87
nakamoto,2026-09-01,SWC.L,56583.07680606,0.4282,24227.99
nakamoto,2026-09-02,ALCPB.PA,13068.28665064,5.6238,73493.96
nakamoto,2026-09-02,ASST,9422.11055276,24.32,229145.73
nakamoto,2026-09-02,CASH,0.0,1.0,0.0
nakamoto,2026-09-02,CASH3.SA,34041.33987087,1.0753,36603.59
nakamoto,2026-09-02,GS9.F,475831.99889389,0.1442,68638.1
nakamoto,2026-09-02,MSTR,1439.30913162,123.19,177308.5
nakamoto,2026-09-02,MTPLF,103139.01345291,1.87,192869.96
nakamoto,2026-09-02,OBTC3.SA,56232.33252875,1.1956,67231.7
nakamoto,2026-09-02,STRC,400.040004,97.07,38831.88
nakamoto,2026-09-02,SWC.L,56583.07680606,0.4257,24089.3
nakamoto,2026-09-03,ALCPB.PA,13068.28665064,6.0777,79424.7
nakamoto,2026-09-03,ASST,9422.11055276,26.82,252701.0
nakamoto,2026-09-03,CASH,0.0,1.0,0.0
nakamoto,2026-09-03,CASH3.SA,34041.33987087,1.1035,37565.99
nakamoto,2026-09-03,GS9.F,475831.99889389,0.1629,77508.19
nakamoto,2026-09-03,MSTR,1439.30913162,144.82,208440.76
nakamoto,2026-09-03,MTPLF,103139.01345291,1.947,200811.66
nakamoto,2026-09-03,OBTC3.SA,56232.33252875,1.2587,70777.63
nakamoto,2026-09-03,STRC,400.040004,97.82,39131.91
nakamoto,2026-09-03,SWC.L,56583.07680606,0.4274,24185.37
nakamoto,2026-09-04,ALCPB.PA,13068.28665064,5.9537,77804.61
nakamoto,2026-09-04,ASST,9422.11055276,27.14,255716.07
nakamoto,2026-09-04,CASH,0.0,1.0,0.0
nakamoto,2026-09-04,CASH3.SA,34041.33987087,1.0547,35903.24
nakamoto,2026-09-04,GS9.F,475831.99889389,0.1623,77242.4
nakamoto,2026-09-04,MSTR,1439.30913162,142.8,205533.35
nakamoto,2026-09-04,MTPLF,103139.01345291,1.805,186165.91
nakamoto,2026-09-04,OBTC3.SA,56232.33252875,1.3723,77166.51
nakamoto,2026-09-04,STRC,400.040004,97.75,39103.91
nakamoto,2026-09-04,SWC.L,56583.07680606,0.4417,24991.5
nakamoto,2026-09-05,ALCPB.PA,13068.28665064,5.9537,77804.61
nakamoto,2026-09-05,ASST,9422.11055276,27.14,255716.07
nakamoto,2026-09-05,CASH,0.0,1.0,0.0
nakamoto,2026-09-05,CASH3.SA,34041.33987087,1.0547,35903.24
nakamoto,2026-09-05,GS9.F,475831.99889389,0.1623,77242.4
nakamoto,2026-09-05,MSTR,1439.30913162,142.8,205533.35
nakamoto,2026-09-05,MTPLF,103139.01345291,1.805,186165.91
nakamoto,2026-09-05,OBTC3.SA,56232.33252875,1.3723,77166.51
nakamoto,2026-09-05,STRC,400.040004,97.75,39103.91
nakamoto,2026-09-05,SWC.L,56583.07680606,0.4417,24991.5
nakamoto,2026-09-06,ALCPB.PA,13068.28665064,5.9537,77804.61
nakamoto,2026-09-06,ASST,9422.11055276,27.14,255716.07
nakamoto,2026-09-06,CASH,0.0,1.0,0.0
nakamoto,2026-09-06,CASH3.SA,34041.33987087,1.0547,35903.24
nakamoto,2026-09-06,GS9.F,475831.99889389,0.1623,77242.4
nakamoto,2026-09-06,MSTR,1439.30913162,142.8,205533.35
nakamoto,2026-09-06,MTPLF,103139.01345291,1.805,186165.91
nakamoto,2026-09-06,OBTC3.SA,56232.33252875,1.3723,77166.51
nakamoto,2026-09-06,STRC,400.040004,97.75,39103.91
nakamoto,2026-09-06,SWC.L,56583.07680606,0.4417,24991.5
nakamoto,2026-09-07,ALCPB.PA,13068.28665064,6.03,78801.6
nakamoto,2026-09-07,ASST,9422.11055276,27.14,255716.07
nakamoto,2026-09-07,CASH,0.0,1.0,0.0
nakamoto,2026-09-07,CASH3.SA,34041.33987087,1.0495,35726.74
nakamoto,2026-09-07,GS9.F,475831.99889389,0.1593,75820.99
nakamoto,2026-09-07,MSTR,1439.30913162,142.8,205533.35
nakamoto,2026-09-07,MTPLF,103139.01345291,1.805,186165.91
nakamoto,2026-09-07,OBTC3.SA,56232.33252875,1.3655,76787.16
nakamoto,2026-09-07,STRC,400.040004,97.75,39103.91
nakamoto,2026-09-07,SWC.L,56583.07680606,0.4676,26459.74
nakamoto,2026-09-08,ALCPB.PA,13068.28665064,5.9068,77192.27
nakamoto,2026-09-08,ASST,9422.11055276,27.16,255904.52
nakamoto,2026-09-08,CASH,0.0,1.0,0.0
nakamoto,2026-09-08,CASH3.SA,34041.33987087,1.0416,35457.66
nakamoto,2026-09-08,GS9.F,475831.99889389,0.1567,74582.17
nakamoto,2026-09-08,MSTR,1439.30913162,136.52,196494.49
nakamoto,2026-09-08,MTPLF,103139.01345291,1.62,167085.2
nakamoto,2026-09-08,OBTC3.SA,56232.33252875,1.3635,76669.98
nakamoto,2026-09-08,STRC,400.040004,98.04,39219.92
nakamoto,2026-09-08,SWC.L,56583.07680606,0.4579,25908.42
nakamoto,2026-09-09,ALCPB.PA,13068.28665064,6.2962,82280.79
nakamoto,2026-09-09,ASST,9422.11055276,26.69,251476.14
nakamoto,2026-09-09,CASH,0.0,1.0,0.0
nakamoto,2026-09-09,CASH3.SA,34041.33987087,1.0679,36352.36
nakamoto,2026-09-09,GS9.F,475831.99889389,0.16,76129.58
nakamoto,2026-09-09,MSTR,1439.30913162,132.7,190996.32
nakamoto,2026-09-09,MTPLF,103139.01345291,1.64,169147.98
nakamoto,2026-09-09,OBTC3.SA,56232.33252875,1.473,82831.22
nakamoto,2026-09-09,STRC,400.040004,97.85,39143.91
nakamoto,2026-09-09,SWC.L,56583.07680606,0.4632,26210.77
nakamoto,2026-09-10,ALCPB.PA,13068.28665064,5.9635,77932.93
nakamoto,2026-09-10,ASST,9422.11055276,26.9,253454.77
nakamoto,2026-09-10,CASH,0.0,1.0,0.0
nakamoto,2026-09-10,CASH3.SA,34041.33987087,1.0346,35219.32
nakamoto,2026-09-10,GS9.F,475831.99889389,0.1473,70082.75
nakamoto,2026-09-10,MSTR,1439.30913162,128.56,185037.58
nakamoto,2026-09-10,MTPLF,103139.01345291,1.609,165950.67
nakamoto,2026-09-10,OBTC3.SA,56232.33252875,1.4363,80766.35
nakamoto,2026-09-10,STRC,400.040004,97.97,39191.92
nakamoto,2026-09-10,SWC.L,56583.07680606,0.4492,25419.83
nakamoto,2026-09-11,ALCPB.PA,13068.28665064,5.9907,78288.65
nakamoto,2026-09-11,ASST,9422.11055276,27.62,260238.7
nakamoto,2026-09-11,CASH,0.0,1.0,0.0
nakamoto,2026-09-11,CASH3.SA,34041.33987087,1.0288,35023.33
nakamoto,2026-09-11,GS9.F,475831.99889389,0.1533,72921.91
nakamoto,2026-09-11,MSTR,1439.30913162,130.97,188506.32
nakamoto,2026-09-11,MTPLF,103139.01345291,1.655,170695.06
nakamoto,2026-09-11,OBTC3.SA,56232.33252875,1.4698,82649.23
nakamoto,2026-09-11,STRC,400.040004,98.64,39459.95
nakamoto,2026-09-11,SWC.L,56583.07680606,0.5134,29047.15
nakamoto,2026-09-12,ALCPB.PA,13068.28665064,5.9907,78288.65
nakamoto,2026-09-12,ASST,9422.11055276,27.62,260238.7
nakamoto,2026-09-12,CASH,0.0,1.0,0.0
nakamoto,2026-09-12,CASH3.SA,34041.33987087,1.0288,35023.33
nakamoto,2026-09-12,GS9.F,475831.99889389,0.1533,72921.91
nakamoto,2026-09-12,MSTR,1439.30913162,130.97,188506.32
nakamoto,2026-09-12,MTPLF,103139.01345291,1.655,170695.06
nakamoto,2026-09-12,OBTC3.SA,56232.33252875,1.4698,82649.23
nakamoto,2026-09-12,STRC,400.040004,98.64,39459.95
nakamoto,2026-09-12,SWC.L,56583.07680606,0.5134,29047.15
nakamoto,2026-09-13,ALCPB.PA,13068.28665064,5.9907,78288.65
nakamoto,2026-09-13,ASST,9422.11055276,27.62,260238.7
nakamoto,2026-09-13,CASH,0.0,1.0,0.0
nakamoto,2026-09-13,CASH3.SA,34041.33987087,1.0288,35023.33
nakamoto,2026-09-13,GS9.F,475831.99889389,0.1533,72921.91
nakamoto,2026-09-13,MSTR,1439.30913162,130.97,188506.32
nakamoto,2026-09-13,MTPLF,103139.01345291,1.655,170695.06
nakamoto,2026-09-13,OBTC3.SA,56232.33252875,1.4698,82649.23
nakamoto,2026-09-13,STRC,400.040004,98.64,39459.95
nakamoto,2026-09-13,SWC.L,56583.07680606,0.5134,29047.15
nakamoto,2026-09-14,ALCPB.PA,13068.28665064,6.1193,79968.48
nakamoto,2026-09-14,ASST,9422.11055276,29.03,273523.88
nakamoto,2026-09-14,CASH,0.0,1.0,0.0
nakamoto,2026-09-14,CASH3.SA,34041.33987087,1.0389,35365.32
nakamoto,2026-09-14,GS9.F,475831.99889389,0.1565,74476.33
nakamoto,2026-09-14,MSTR,1439.30913162,136.94,197099.0
nakamoto,2026-09-14,MTPLF,103139.01345291,1.62,167085.2
nakamoto,2026-09-14,OBTC3.SA,56232.33252875,1.4048,78992.7
nakamoto,2026-09-14,STRC,400.040004,98.91,39567.96
nakamoto,2026-09-14,SWC.L,56583.07680606,0.5383,30460.1
nakamoto,2026-09-15,ALCPB.PA,13068.28665064,5.8135,75972.97
nakamoto,2026-09-15,ASST,9422.11055276,27.57,259767.59
nakamoto,2026-09-15,CASH,0.0,1.0,0.0
nakamoto,2026-09-15,CASH3.SA,34041.33987087,1.0296,35048.4
nakamoto,2026-09-15,GS9.F,475831.99889389,0.1566,74514.46
nakamoto,2026-09-15,MSTR,1439.30913162,129.6,186534.47
nakamoto,2026-09-15,MTPLF,103139.01345291,1.59,163991.03
nakamoto,2026-09-15,OBTC3.SA,56232.33252875,1.3371,75188.03
nakamoto,2026-09-15,STRC,400.040004,97.14,38859.89
nakamoto,2026-09-15,SWC.L,56583.07680606,0.5701,32260.51
nakamoto,2026-09-16,ALCPB.PA,13068.28665064,5.845,76383.58
nakamoto,2026-09-16,ASST,9422.11055276,27.41,258260.05
nakamoto,2026-09-16,CASH,0.0,1.0,0.0
nakamoto,2026-09-16,CASH3.SA,34041.33987087,1.048,35676.92
nakamoto,2026-09-16,GS9.F,475831.99889389,0.1569,74663.57
nakamoto,2026-09-16,MSTR,1439.30913162,126.18,181612.03
nakamoto,2026-09-16,MTPLF,103139.01345291,1.55,159865.47
nakamoto,2026-09-16,OBTC3.SA,56232.33252875,1.223,68774.69
nakamoto,2026-09-16,STRC,400.040004,97.07,38831.88
nakamoto,2026-09-16,SWC.L,56583.07680606,0.5713,32324.47
nakamoto,2026-09-17,ALCPB.PA,13068.28665064,5.8106,75935.01
nakamoto,2026-09-17,ASST,9422.11055276,28.28,266457.29
nakamoto,2026-09-17,CASH,0.0,1.0,0.0
nakamoto,2026-09-17,CASH3.SA,34041.33987087,1.0464,35621.51
nakamoto,2026-09-17,GS9.F,475831.99889389,0.1587,75534.95
nakamoto,2026-09-17,MSTR,1439.30913162,132.25,190348.63
nakamoto,2026-09-17,MTPLF,103139.01345291,1.554,160278.03
nakamoto,2026-09-17,OBTC3.SA,56232.33252875,1.2406,69759.58
nakamoto,2026-09-17,STRC,400.040004,98.13,39255.92
nakamoto,2026-09-17,SWC.L,56583.07680606,0.5897,33368.13
nakamoto,2026-09-18,ALCPB.PA,13068.28665064,6.538,85440.14
nakamoto,2026-09-18,ASST,9422.11055276,30.09,283511.31
nakamoto,2026-09-18,CASH,0.0,1.0,0.0
nakamoto,2026-09-18,CASH3.SA,34041.33987087,1.1143,37933.31
nakamoto,2026-09-18,GS9.F,475831.99889389,0.1678,79824.74
nakamoto,2026-09-18,MSTR,1439.30913162,153.92,221538.46
nakamoto,2026-09-18,MTPLF,103139.01345291,1.68,173273.54
nakamoto,2026-09-18,OBTC3.SA,56232.33252875,1.3594,76440.37
nakamoto,2026-09-18,STRC,400.040004,98.51,39407.94
nakamoto,2026-09-18,SWC.L,56583.07680606,0.7077,40044.23
nakamoto,2026-09-19,ALCPB.PA,13068.28665064,6.538,85440.14
nakamoto,2026-09-19,ASST,9422.11055276,30.09,283511.31
nakamoto,2026-09-19,CASH,0.0,1.0,0.0
nakamoto,2026-09-19,CASH3.SA,34041.33987087,1.1143,37933.31
nakamoto,2026-09-19,GS9.F,475831.99889389,0.1678,79824.74
nakamoto,2026-09-19,MSTR,1439.30913162,153.92,221538.46
nakamoto,2026-09-19,MTPLF,103139.01345291,1.68,173273.54
nakamoto,2026-09-19,OBTC3.SA,56232.33252875,1.3594,76440.37
nakamoto,2026-09-19,STRC,400.040004,98.51,39407.94
nakamoto,2026-09-19,SWC.L,56583.07680606,0.7077,40044.23
nakamoto,2026-09-20,ALCPB.PA,13068.28665064,6.5299,85334.24
nakamoto,2026-09-20,ASST,9422.11055276,30.09,283511.31
nakamoto,2026-09-20,CASH,0.0,1.0,0.0
nakamoto,2026-09-20,CASH3.SA,34041.33987087,1.1143,37933.31
nakamoto,2026-09-20,GS9.F,475831.99889389,0.1676,79725.8
nakamoto,2026-09-20,MSTR,1439.30913162,153.92,221538.46
nakamoto,2026-09-20,MTPLF,103139.01345291,1.68,173273.54
nakamoto,2026-09-20,OBTC3.SA,56232.33252875,1.3594,76440.37
nakamoto,2026-09-20,STRC,400.040004,98.51,39407.94
nakamoto,2026-09-20,SWC.L,56583.07680606,0.7077,40044.23
nakamoto,2026-09-21,ALCPB.PA,13068.28665064,6.8924,90072.31
nakamoto,2026-09-21,ASST,9422.11055276,30.33,285772.61
nakamoto,2026-09-21,CASH,0.0,1.0,0.0
nakamoto,2026-09-21,CASH3.SA,34041.33987087,1.0913,37149.01
nakamoto,2026-09-21,GS9.F,475831.99889389,0.2018,96029.46
nakamoto,2026-09-21,MSTR,1439.30913162,168.5,242523.59
nakamoto,2026-09-21,MTPLF,103139.01345291,1.84,189775.79
nakamoto,2026-09-21,OBTC3.SA,56232.33252875,1.4589,82039.9
nakamoto,2026-09-21,STRC,400.040004,98.78,39515.95
nakamoto,2026-09-21,SWC.L,56583.07680606,0.964,54545.21
nakamoto,2026-09-22,ALCPB.PA,13068.28665064,6.7045,87616.33
nakamoto,2026-09-22,ASST,9422.11055276,29.35,276538.95
nakamoto,2026-09-22,CASH,0.0,1.0,0.0
nakamoto,2026-09-22,CASH3.SA,34041.33987087,1.0821,36836.38
nakamoto,2026-09-22,GS9.F,475831.99889389,0.2093,99612.41
nakamoto,2026-09-22,MSTR,1439.30913162,167.33,240839.6
nakamoto,2026-09-22,MTPLF,103139.01345291,1.84,189775.79
nakamoto,2026-09-22,OBTC3.SA,56232.33252875,1.4793,83186.53
nakamoto,2026-09-22,STRC,400.040004,98.78,39515.95
nakamoto,2026-09-22,SWC.L,56583.07680606,0.8985,50841.26
nakamoto,2026-09-23,ALCPB.PA,13068.28665064,6.3341,82776.39
nakamoto,2026-09-23,ASST,9422.11055276,28.99,273146.98
nakamoto,2026-09-23,CASH,0.0,1.0,0.0
nakamoto,2026-09-23,CASH3.SA,34041.33987087,1.0471,35643.99
nakamoto,2026-09-23,GS9.F,475831.99889389,0.2175,103498.58
nakamoto,2026-09-23,MSTR,1439.30913162,162.2,233455.94
nakamoto,2026-09-23,MTPLF,103139.01345291,1.76,181524.66
nakamoto,2026-09-23,OBTC3.SA,56232.33252875,1.453,81703.87
nakamoto,2026-09-23,STRC,400.040004,98.91,39567.96
nakamoto,2026-09-23,SWC.L,56583.07680606,0.8305,46990.87
nakamoto,2026-09-24,ALCPB.PA,13068.28665064,6.3124,82492.08
nakamoto,2026-09-24,ASST,9422.11055276,29.94,282097.99
nakamoto,2026-09-24,CASH,0.0,1.0,0.0
nakamoto,2026-09-24,CASH3.SA,34041.33987087,0.9953,33881.16
nakamoto,2026-09-24,GS9.F,475831.99889389,0.186,88495.14
nakamoto,2026-09-24,MSTR,1439.30913162,161.61,232606.75
nakamoto,2026-09-24,MTPLF,103139.01345291,1.8,185650.22
nakamoto,2026-09-24,OBTC3.SA,56232.33252875,1.4232,80031.69
nakamoto,2026-09-24,STRC,400.040004,98.31,39327.93
nakamoto,2026-09-24,SWC.L,56583.07680606,0.8342,47202.51
nakamoto,2026-09-25,ALCPB.PA,13068.28665064,6.222,81310.74
nakamoto,2026-09-25,ASST,9422.11055276,29.44,277386.94
nakamoto,2026-09-25,CASH,0.0,1.0,0.0
nakamoto,2026-09-25,CASH3.SA,34041.33987087,1.0084,34326.19
nakamoto,2026-09-25,GS9.F,475831.99889389,0.1929,91795.51
nakamoto,2026-09-25,MSTR,1439.30913162,158.61,228288.82
nakamoto,2026-09-25,MTPLF,103139.01345291,1.815,187197.32
nakamoto,2026-09-25,OBTC3.SA,56232.33252875,1.4306,80446.52
nakamoto,2026-09-25,STRC,400.040004,98.54,39419.94
nakamoto,2026-09-25,SWC.L,56583.07680606,0.8191,46345.26
nakamoto,2026-09-26,ALCPB.PA,13068.28665064,6.2365,81499.86
nakamoto,2026-09-26,ASST,9422.11055276,29.44,277386.94
nakamoto,2026-09-26,CASH,0.0,1.0,0.0
nakamoto,2026-09-26,CASH3.SA,34041.33987087,1.0076,34300.4
nakamoto,2026-09-26,GS9.F,475831.99889389,0.1934,92009.01
nakamoto,2026-09-26,MSTR,1439.30913162,158.61,228288.82
nakamoto,2026-09-26,MTPLF,103139.01345291,1.815,187197.32
nakamoto,2026-09-26,OBTC3.SA,56232.33252875,1.4295,80386.08
nakamoto,2026-09-26,STRC,400.040004,98.54,39419.94
nakamoto,2026-09-26,SWC.L,56583.07680606,0.8191,46345.26
nakamoto,2026-09-27,ALCPB.PA,13068.28665064,6.222,81310.74
nakamoto,2026-09-27,ASST,9422.11055276,29.44,277386.94
nakamoto,2026-09-27,CASH,0.0,1.0,0.0
nakamoto,2026-09-27,CASH3.SA,34041.33987087,1.0076,34300.4
nakamoto,2026-09-27,GS9.F,475831.99889389,0.1929,91795.51
nakamoto,2026-09-27,MSTR,1439.30913162,158.61,228288.82
nakamoto,2026-09-27,MTPLF,103139.01345291,1.815,187197.32
nakamoto,2026-09-27,OBTC3.SA,56232.33252875,1.4295,80386.08
nakamoto,2026-09-27,STRC,400.040004,98.54,39419.94
nakamoto,2026-09-27,SWC.L,56583.07680606,0.8191,46345.26
nakamoto,2026-09-28,ALCPB.PA,13068.28665064,6.2761,82017.85
nakamoto,2026-09-28,ASST,9422.11055276,29.0,273241.21
nakamoto,2026-09-28,CASH,0.0,1.0,0.0
nakamoto,2026-09-28,CASH3.SA,34041.33987087,1.0236,34845.21
nakamoto,2026-09-28,GS9.F,475831.99889389,0.1875,89222.9
nakamoto,2026-09-28,MSTR,1439.30913162,157.14,226173.04
nakamoto,2026-09-28,MTPLF,103139.01345291,1.8,185650.22
nakamoto,2026-09-28,OBTC3.SA,56232.33252875,1.4265,80215.76
nakamoto,2026-09-28,STRC,400.040004,99.1,39643.96
nakamoto,2026-09-28,SWC.L,56583.07680606,0.8733,49411.95
nakamoto,2026-09-29,ALCPB.PA,13068.28665064,6.3801,83376.65
nakamoto,2026-09-29,ASST,9422.11055276,29.31,276162.06
nakamoto,2026-09-29,CASH,0.0,1.0,0.0
nakamoto,2026-09-29,CASH3.SA,34041.33987087,1.0128,34478.68
nakamoto,2026-09-29,GS9.F,475831.99889389,0.1824,86800.25
nakamoto,2026-09-29,MSTR,1439.30913162,154.67,222617.94
nakamoto,2026-09-29,MTPLF,103139.01345291,1.79,184618.83
nakamoto,2026-09-29,OBTC3.SA,56232.33252875,1.4838,83440.35
nakamoto,2026-09-29,STRC,400.040004,99.56,39827.98
nakamoto,2026-09-29,SWC.L,56583.07680606,0.9212,52123.0
nakamoto,2026-09-30,ALCPB.PA,13068.28665064,6.5255,85277.25
nakamoto,2026-09-30,ASST,9422.11055276,29.41,277104.27
nakamoto,2026-09-30,CASH,0.0,1.0,0.0
nakamoto,2026-09-30,CASH3.SA,34041.33987087,1.0283,35003.78
nakamoto,2026-09-30,GS9.F,475831.99889389,0.1851,88068.07
nakamoto,2026-09-30,MSTR,1439.30913162,153.09,220343.83
nakamoto,2026-09-30,MTPLF,103139.01345291,1.81,186681.61
nakamoto,2026-09-30,OBTC3.SA,56232.33252875,1.4415,81059.12
nakamoto,2026-09-30,STRC,400.040004,99.35,39743.97
nakamoto,2026-09-30,SWC.L,56583.07680606,0.9083,51394.23
nakamoto,2026-10-01,ALCPB.PA,13068.28665064,6.4769,84641.95
nakamoto,2026-10-01,ASST,9422.11055276,30.11,283699.75
nakamoto,2026-10-01,CASH,0.0,1.0,0.0
nakamoto,2026-10-01,CASH3.SA,34041.33987087,1.0291,35033.18
nakamoto,2026-10-01,GS9.F,475831.99889389,0.2265,107796.96
nakamoto,2026-10-01,MSTR,1439.30913162,160.5,231009.12
nakamoto,2026-10-01,MTPLF,103139.01345291,1.94,200089.69
nakamoto,2026-10-01,OBTC3.SA,56232.33252875,1.5234,85666.06
nakamoto,2026-10-01,STRC,400.040004,99.5,39803.98
nakamoto,2026-10-01,SWC.L,56583.07680606,1.0062,56935.83
nakamoto,2026-10-02,ALCPB.PA,13068.28665064,6.4978,84915.17
nakamoto,2026-10-02,ASST,9422.11055276,30.03,282945.99
nakamoto,2026-10-02,CASH,0.0,1.0,0.0
nakamoto,2026-10-02,CASH3.SA,34041.33987087,1.0072,34285.12
nakamoto,2026-10-02,GS9.F,475831.99889389,0.1927,91706.0
nakamoto,2026-10-02,MSTR,1439.30913162,160.01,230303.85
nakamoto,2026-10-02,MTPLF,103139.01345291,1.816,187300.45
nakamoto,2026-10-02,OBTC3.SA,56232.33252875,1.4973,84198.84
nakamoto,2026-10-02,STRC,400.040004,99.41,39767.98
nakamoto,2026-10-02,SWC.L,56583.07680606,1.0592,59934.94
nakamoto,2026-10-03,ALCPB.PA,13068.28665064,6.4978,84915.17
nakamoto,2026-10-03,ASST,9422.11055276,30.03,282945.99
nakamoto,2026-10-03,CASH,0.0,1.0,0.0
nakamoto,2026-10-03,CASH3.SA,34041.33987087,1.0072,34287.09
nakamoto,2026-10-03,GS9.F,475831.99889389,0.1927,91706.0
nakamoto,2026-10-03,MSTR,1439.30913162,160.01,230303.85
nakamoto,2026-10-03,MTPLF,103139.01345291,1.816,187300.45
nakamoto,2026-10-03,OBTC3.SA,56232.33252875,1.4974,84203.67
nakamoto,2026-10-03,STRC,400.040004,99.41,39767.98
nakamoto,2026-10-03,SWC.L,56583.07680606,1.0592,59934.94
nakamoto,2026-10-04,ALCPB.PA,13068.28665064,6.4934,84857.86
nakamoto,2026-10-04,ASST,9422.11055276,30.03,282945.99
nakamoto,2026-10-04,CASH,0.0,1.0,0.0
nakamoto,2026-10-04,CASH3.SA,34041.33987087,1.0072,34285.12
nakamoto,2026-10-04,GS9.F,475831.99889389,0.1926,91644.1
nakamoto,2026-10-04,MSTR,1439.30913162,160.01,230303.85
nakamoto,2026-10-04,MTPLF,103139.01345291,1.816,187300.45
nakamoto,2026-10-04,OBTC3.SA,56232.33252875,1.4973,84198.84
nakamoto,2026-10-04,STRC,400.040004,99.41,39767.98
nakamoto,2026-10-04,SWC.L,56583.07680606,1.056,59749.82
nakamoto,2026-10-05,ALCPB.PA,13068.28665064,6.5276,85305.02
nakamoto,2026-10-05,ASST,9422.11055276,30.26,285113.07
nakamoto,2026-10-05,CASH,0.0,1.0,0.0
nakamoto,2026-10-05,CASH3.SA,34041.33987087,0.9879,33630.08
nakamoto,2026-10-05,GS9.F,475831.99889389,0.1985,94467.01
nakamoto,2026-10-05,MSTR,1439.30913162,164.43,236665.59
nakamoto,2026-10-05,MTPLF,103139.01345291,1.8,185650.22
nakamoto,2026-10-05,OBTC3.SA,56232.33252875,1.5336,86236.33
nakamoto,2026-10-05,STRC,400.040004,99.48,39795.98
nakamoto,2026-10-05,SWC.L,56583.07680606,1.0197,57698.08
nakamoto,2026-10-06,ALCPB.PA,13068.28665064,6.5631,85768.42
nakamoto,2026-10-06,ASST,9422.11055276,29.75,280307.79
nakamoto,2026-10-06,CASH,0.0,1.0,0.0
nakamoto,2026-10-06,CASH3.SA,34041.33987087,1.0667,36312.04
nakamoto,2026-10-06,GS9.F,475831.99889389,0.1965,93511.8
nakamoto,2026-10-06,MSTR,1439.30913162,164.55,236838.32
nakamoto,2026-10-06,MTPLF,103139.01345291,1.78,183587.44
nakamoto,2026-10-06,OBTC3.SA,56232.33252875,1.6031,90143.7
nakamoto,2026-10-06,STRC,400.040004,99.47,39791.98
nakamoto,2026-10-06,SWC.L,56583.07680606,0.9187,51982.44
nakamoto,2026-10-07,ALCPB.PA,13068.28665064,6.0139,78591.2
nakamoto,2026-10-07,ASST,9422.11055276,28.185,265562.18
nakamoto,2026-10-07,CASH,0.0,1.0,0.0
nakamoto,2026-10-07,CASH3.SA,34041.33987087,1.0057,34236.78
nakamoto,2026-10-07,GS9.F,475831.99889389,0.1875,89210.81
nakamoto,2026-10-07,MSTR,1439.30913162,153.37,220746.83
nakamoto,2026-10-07,MTPLF,103139.01345291,1.74,179461.88
nakamoto,2026-10-07,OBTC3.SA,56232.33252875,1.3952,78454.79
nakamoto,2026-10-07,STRC,400.040004,99.43,39775.98
nakamoto,2026-10-07,SWC.L,56583.07680606,0.8955,50670.74
nakamoto,2026-10-08,ALCPB.PA,13068.28665064,5.9714,78036.44
nakamoto,2026-10-08,ASST,9422.11055276,28.23,265986.18
nakamoto,2026-10-08,CASH,0.0,1.0,0.0
nakamoto,2026-10-08,CASH3.SA,34041.33987087,0.9882,33639.83
nakamoto,2026-10-08,GS9.F,475831.99889389,0.1886,89756.49
nakamoto,2026-10-08,MSTR,1439.30913162,151.47,218012.16
nakamoto,2026-10-08,MTPLF,103139.01345291,1.6,165022.42
nakamoto,2026-10-08,OBTC3.SA,56232.33252875,1.313,73830.71
nakamoto,2026-10-08,STRC,400.040004,99.45,39783.98
nakamoto,2026-10-08,SWC.L,56583.07680606,0.802,45380.42
nakamoto,2026-10-09,ALCPB.PA,13068.28665064,6.2763,82020.92
nakamoto,2026-10-09,ASST,9422.11055276,27.8,261934.67
nakamoto,2026-10-09,CASH,0.0,1.0,0.0
nakamoto,2026-10-09,CASH3.SA,34041.33987087,1.0044,34192.63
nakamoto,2026-10-09,GS9.F,475831.99889389,0.1851,88085.44
nakamoto,2026-10-09,MSTR,1439.30913162,154.34,222142.97
nakamoto,2026-10-09,MTPLF,103139.01345291,1.65,170179.37
nakamoto,2026-10-09,OBTC3.SA,56232.33252875,1.3393,75309.65
nakamoto,2026-10-09,STRC,400.040004,99.655,39865.99
nakamoto,2026-10-09,SWC.L,56583.07680606,0.8334,47158.18
nakamoto,2026-10-10,ALCPB.PA,13068.28665064,6.2763,82020.92
nakamoto,2026-10-10,ASST,9422.11055276,27.8,261934.67
nakamoto,2026-10-10,CASH,0.0,1.0,0.0
nakamoto,2026-10-10,CASH3.SA,34041.33987087,1.0126,34470.86
nakamoto,2026-10-10,GS9.F,475831.99889389,0.1851,88085.44
nakamoto,2026-10-10,MSTR,1439.30913162,154.34,222142.97
nakamoto,2026-10-10,MTPLF,103139.01345291,1.65,170179.37
nakamoto,2026-10-10,OBTC3.SA,56232.33252875,1.3502,75922.46
nakamoto,2026-10-10,STRC,400.040004,99.655,39865.99
nakamoto,2026-10-10,SWC.L,56583.07680606,0.8337,47175.03
test,2025-12-31,CASH,1000000.0,1.0,1000000.0
test,2026-01-01,AMZN,259.94280433,230.82,60000.0
test,2026-01-01,BABA,272.88852163,146.58,40000.0
test,2026-01-01,BSX,419.5070859,95.35,40000.0
test,2026-01-01,CASH,55000.0,1.0,55000.0
test,2026-01-01,CRCL,252.20679988,79.3,20000.0
test,2026-01-01,CSU.TO,29.08221003,2406.9698,70000.0
test,2026-01-01,DPZ,47.98234165,416.82,20000.0
test,2026-01-01,EL.PA,94.59392789,317.1451,30000.0
test,2026-01-01,FICO,17.74496935,1690.62,30000.0
test,2026-01-01,IBE.MC,921.77634618,21.6972,20000.0
test,2026-01-01,ISRG,52.96984387,566.36,30000.0
test,2026-01-01,JPM,139.65613503,322.22,45000.0
test,2026-01-01,LLY,46.52547503,1074.6801,50000.0
test,2026-01-01,MELI,24.8230118,2014.26,50000.0
test,2026-01-01,META,90.89669221,660.09,60000.0
test,2026-01-01,MSFT,82.7095662,483.62,40000.0
test,2026-01-01,NVDA,428.95442359,186.5,80000.0
test,2026-01-01,NVO,589.62262913,50.88,30000.0
test,2026-01-01,RACE,54.11841144,369.56,20000.0
test,2026-01-01,RMS.PA,8.02101809,2493.4491,20000.0
test,2026-01-01,STZ,144.96954934,137.96,20000.0
test,2026-01-01,ULTA,49.58595646,605.01,30000.0
test,2026-01-01,V,114.05434968,350.71,40000.0
test,2026-01-01,VICI,711.23753212,28.12,20000.0
test,2026-01-01,VRSK,134.1141744,223.69,30000.0
test,2026-01-01,WM,136.54362152,219.71,30000.0
test,2026-01-01,ZM,231.77656493,86.29,20000.0
test,2026-01-02,AMZN,259.94280433,226.5,58877.05
test,2026-01-02,BABA,272.88852163,155.74,42499.66
test,2026-01-02,BSX,419.5070859,94.71,39731.52
test,2026-01-02,CASH,55000.0,1.0,55000.0
test,2026-01-02,CRCL,252.20679988,83.47,21051.7
test,2026-01-02,CSU.TO,29.08221003,2361.5266,68678.41
test,2026-01-02,DPZ,47.98234165,425.28,20405.93
test,2026-01-02,EL.PA,94.59392789,311.9749,29510.93
test,2026-01-02,FICO,17.74496935,1643.27,29159.78
test,2026-01-02,IBE.MC,921.77634618,21.8911,20178.72
test,2026-01-02,ISRG,52.96984387,561.98,29767.99
test,2026-01-02,JPM,139.65613503,325.48,45455.28
test,2026-01-02,LLY,46.52547503,1080.36,50264.26
test,2026-01-02,MELI,24.8230118,1973.7,48993.18
test,2026-01-02,META,90.89669221,650.41,59120.12
test,2026-01-02,MSFT,82.7095662,472.94,39116.66
test,2026-01-02,NVDA,428.95442359,188.85,81008.05
test,2026-01-02,NVO,589.62262913,52.39,30890.33
test,2026-01-02,RACE,54.11841144,371.89,20126.1
test,2026-01-02,RMS.PA,8.02101809,2472.2982,19830.35
test,2026-01-02,STZ,144.96954934,141.17,20465.35
test,2026-01-02,ULTA,49.58595646,620.04,30745.28
test,2026-01-02,V,114.05434968,346.48,39517.55
test,2026-01-02,VICI,711.23753212,28.15,20021.34
test,2026-01-02,VRSK,134.1141744,221.02,29641.92
test,2026-01-02,WM,136.54362152,218.4,29821.13
test,2026-01-02,ZM,231.77656493,83.32,19311.62
test,2026-01-03,AMZN,259.94280433,226.5,58877.05
test,2026-01-03,BABA,272.88852163,155.74,42499.66
test,2026-01-03,BSX,419.5070859,94.71,39731.52
test,2026-01-03,CASH,55000.0,1.0,55000.0
test,2026-01-03,CRCL,252.20679988,83.47,21051.7
test,2026-01-03,CSU.TO,29.08221003,2361.5266,68678.41
test,2026-01-03,DPZ,47.98234165,425.28,20405.93
test,2026-01-03,EL.PA,94.59392789,311.9749,29510.93
test,2026-01-03,FICO,17.74496935,1643.27,29159.78
test,2026-01-03,IBE.MC,921.77634618,21.8911,20178.72
test,2026-01-03,ISRG,52.96984387,561.98,29767.99
test,2026-01-03,JPM,139.65613503,325.48,45455.28
test,2026-01-03,LLY,46.52547503,1080.36,50264.26
test,2026-01-03,MELI,24.8230118,1973.7,48993.18
test,2026-01-03,META,90.89669221,650.41,59120.12
test,2026-01-03,MSFT,82.7095662,472.94,39116.66
test,2026-01-03,NVDA,428.95442359,188.85,81008.05
test,2026-01-03,NVO,589.62262913,52.39,30890.33
test,2026-01-03,RACE,54.11841144,371.89,20126.1
test,2026-01-03,RMS.PA,8.02101809,2472.2982,19830.35
test,2026-01-03,STZ,144.96954934,141.17,20465.35
test,2026-01-03,ULTA,49.58595646,620.04,30745.28
test,2026-01-03,V,114.05434968,346.48,39517.55
test,2026-01-03,VICI,711.23753212,28.15,20021.34
test,2026-01-03,VRSK,134.1141744,221.02,29641.92
test,2026-01-03,WM,136.54362152,218.4,29821.13
test,2026-01-03,ZM,231.77656493,83.32,19311.62
test,2026-01-04,AMZN,259.94280433,226.5,58877.05
test,2026-01-04,BABA,272.88852163,155.74,42499.66
test,2026-01-04,BSX,419.5070859,94.71,39731.52
test,2026-01-04,CASH,55000.0,1.0,55000.0
test,2026-01-04,CRCL,252.20679988,83.47,21051.7
test,2026-01-04,CSU.TO,29.08221003,2361.5266,68678.41
test,2026-01-04,DPZ,47.98234165,425.28,20405.93
test,2026-01-04,EL.PA,94.59392789,311.9749,29510.93
test,2026-01-04,FICO,17.74496935,1643.27,29159.78
test,2026-01-04,IBE.MC,921.77634618,21.8911,20178.72
test,2026-01-04,ISRG,52.96984387,561.98,29767.99
test,2026-01-04,JPM,139.65613503,325.48,45455.28
test,2026-01-04,LLY,46.52547503,1080.36,50264.26
test,2026-01-04,MELI,24.8230118,1973.7,48993.18
test,2026-01-04,META,90.89669221,650.41,59120.12
test,2026-01-04,MSFT,82.7095662,472.94,39116.66
test,2026-01-04,NVDA,428.95442359,188.85,81008.05
test,2026-01-04,NVO,589.62262913,52.39,30890.33
test,2026-01-04,RACE,54.11841144,371.89,20126.1
test,2026-01-04,RMS.PA,8.02101809,2472.2982,19830.35
test,2026-01-04,STZ,144.96954934,141.17,20465.35
test,2026-01-04,ULTA,49.58595646,620.04,30745.28
test,2026-01-04,V,114.05434968,346.48,39517.55
test,2026-01-04,VICI,711.23753212,28.15,20021.34
test,2026-01-04,VRSK,134.1141744,221.02,29641.92
test,2026-01-04,WM,136.54362152,218.4,29821.13
test,2026-01-04,ZM,231.77656493,83.32,19311.62
test,2026-01-05,AMZN,259.94280433,233.06,60582.27
test,2026-01-05,BABA,272.88852163,156.26,42641.56
test,2026-01-05,BSX,419.5070859,95.48,40054.54
test,2026-01-05,CASH,55000.0,1.0,55000.0
test,2026-01-05,CRCL,252.20679988,84.8,21387.14
test,2026-01-05,CSU.TO,29.08221003,2333.4981,67863.28
test,2026-01-05,DPZ,47.98234165,411.44,19741.85
test,2026-01-05,EL.PA,94.59392789,308.301,29163.4
test,2026-01-05,FICO,17.74496935,1653.48,29340.95
test,2026-01-05,IBE.MC,921.77634618,21.7941,20089.28
test,2026-01-05,ISRG,52.96984387,566.38,30001.06
test,2026-01-05,JPM,139.65613503,334.04,46650.74
test,2026-01-05,LLY,46.52547503,1041.51,48456.75
test,2026-01-05,MELI,24.8230118,2148.6201,53335.22
test,2026-01-05,META,90.89669221,658.79,59881.83
test,2026-01-05,MSFT,82.7095662,472.85,39109.22
test,2026-01-05,NVDA,428.95442359,188.12,80694.9
test,2026-01-05,NVO,589.62262913,55.11,32494.1
test,2026-01-05,RACE,54.11841144,379.27,20525.49
test,2026-01-05,RMS.PA,8.02101809,2473.1963,19837.55
test,2026-01-05,STZ,144.96954934,142.51,20659.61
test,2026-01-05,ULTA,49.58595646,631.15,31296.18
test,2026-01-05,V,114.05434968,353.8,40352.43
test,2026-01-05,VICI,711.23753212,28.13,20007.11
test,2026-01-05,VRSK,134.1141744,220.7,29599.0
test,2026-01-05,WM,136.54362152,219.44,29963.13
test,2026-01-05,ZM,231.77656493,86.53,20055.63
test,2026-01-06,AMZN,259.94280433,240.93,62628.02
test,2026-01-06,BABA,272.88852163,150.9,41178.88
test,2026-01-06,BSX,419.5070859,97.79,41023.6
test,2026-01-06,CASH,55000.0,1.0,55000.0
test,2026-01-06,CRCL,252.20679988,84.85,21399.75
test,2026-01-06,CSU.TO,29.08221003,2364.6615,68769.58
test,2026-01-06,DPZ,47.98234165,406.5,19504.82
test,2026-01-06,EL.PA,94.59392789,324.7385,30718.29
test,2026-01-06,FICO,17.74496935,1599.96,28391.24
test,2026-01-06,IBE.MC,921.77634618,21.9655,20247.31
test,2026-01-06,ISRG,52.96984387,592.85,31403.17
test,2026-01-06,JPM,139.65613503,334.61,46730.34
test,2026-01-06,LLY,46.52547503,1064.04,49504.97
test,2026-01-06,MELI,24.8230118,2187.04,54288.92
test,2026-01-06,META,90.89669221,660.62,60048.17
test,2026-01-06,MSFT,82.7095662,478.51,39577.36
test,2026-01-06,NVDA,428.95442359,187.24,80317.43
test,2026-01-06,NVO,589.62262913,56.26,33172.17
test,2026-01-06,RACE,54.11841144,371.96,20129.88
test,2026-01-06,RMS.PA,8.02101809,2509.3427,20127.48
test,2026-01-06,STZ,144.96954934,143.65,20824.87
test,2026-01-06,ULTA,49.58595646,650.06,32233.85
test,2026-01-06,V,114.05434968,357.56,40781.27
test,2026-01-06,VICI,711.23753212,27.85,19807.97
test,2026-01-06,VRSK,134.1141744,221.23,29670.08
test,2026-01-06,WM,136.54362152,219.08,29913.98
test,2026-01-06,ZM,231.77656493,85.76,19877.16
test,2026-01-07,AMZN,259.94280433,241.56,62791.78
test,2026-01-07,BABA,272.88852163,146.75,40046.39
test,2026-01-07,BSX,419.5070859,98.65,41384.37
test,2026-01-07,CASH,55000.0,1.0,55000.0
test,2026-01-07,CRCL,252.20679988,80.59,20325.35
test,2026-01-07,CSU.TO,29.08221003,2356.3029,68526.5
test,2026-01-07,DPZ,47.98234165,405.5,19456.84
test,2026-01-07,EL.PA,94.59392789,318.5049,30128.63
test,2026-01-07,FICO,17.74496935,1580.51,28046.1
test,2026-01-07,IBE.MC,921.77634618,22.2018,20465.13
test,2026-01-07,ISRG,52.96984387,592.27,31372.45
test,2026-01-07,JPM,139.65613503,326.99,45666.16
test,2026-01-07,LLY,46.52547503,1108.09,51554.41
test,2026-01-07,MELI,24.8230118,2162.6101,53682.5
test,2026-01-07,META,90.89669221,648.69,58963.78
test,2026-01-07,MSFT,82.7095662,483.47,39987.59
test,2026-01-07,NVDA,428.95442359,189.11,81119.57
test,2026-01-07,NVO,589.62262913,56.57,33354.95
test,2026-01-07,RACE,54.11841144,366.81,19851.17
test,2026-01-07,RMS.PA,8.02101809,2455.7016,19697.22
test,2026-01-07,STZ,144.96954934,140.49,20366.77
test,2026-01-07,ULTA,49.58595646,655.36,32496.65
test,2026-01-07,V,114.05434968,355.88,40589.66
test,2026-01-07,VICI,711.23753212,27.56,19601.71
test,2026-01-07,VRSK,134.1141744,219.61,29452.81
test,2026-01-07,WM,136.54362152,215.97,29489.33
test,2026-01-07,ZM,231.77656493,86.63,20078.8
test,2026-01-08,AMZN,259.94280433,246.29,64021.31
test,2026-01-08,BABA,272.88852163,154.47,42153.09
test,2026-01-08,BSX,419.5070859,98.38,41271.11
test,2026-01-08,CASH,55000.0,1.0,55000.0
test,2026-01-08,CRCL,252.20679988,81.79,20627.99
test,2026-01-08,CSU.TO,29.08221003,2389.9437,69504.85
test,2026-01-08,DPZ,47.98234165,406.58,19508.66
test,2026-01-08,EL.PA,94.59392789,318.426,30121.16
test,2026-01-08,FICO,17.74496935,1585.6,28136.42
test,2026-01-08,IBE.MC,921.77634618,22.1158,20385.85
test,2026-01-08,ISRG,52.96984387,585.08,30991.6
test,2026-01-08,JPM,139.65613503,329.79,46057.2
test,2026-01-08,LLY,46.52547503,1085.1899,50488.98
test,2026-01-08,MELI,24.8230118,2179.8,54109.2
test,2026-01-08,META,90.89669221,646.06,58724.72
test,2026-01-08,MSFT,82.7095662,478.11,39544.27
test,2026-01-08,NVDA,428.95442359,185.04,79373.72
test,2026-01-08,NVO,589.62262913,57.34,33808.96
test,2026-01-08,RACE,54.11841144,370.85,20069.81
test,2026-01-08,RMS.PA,8.02101809,2495.3292,20015.08
test,2026-01-08,STZ,144.96954934,147.96,21449.7
test,2026-01-08,ULTA,49.58595646,657.46,32600.78
test,2026-01-08,V,114.05434968,352.23,40173.36
test,2026-01-08,VICI,711.23753212,27.86,19815.08
test,2026-01-08,VRSK,134.1141744,222.85,29887.34
test,2026-01-08,WM,136.54362152,217.86,29747.39
test,2026-01-08,ZM,231.77656493,85.65,19851.66
test,2026-01-09,AMZN,259.94280433,247.38,64304.65
test,2026-01-09,BABA,272.88852163,150.96,41195.25
test,2026-01-09,BSX,419.5070859,97.64,40960.67
test,2026-01-09,CASH,55000.0,1.0,55000.0
test,2026-01-09,CRCL,252.20679988,82.9,20907.94
test,2026-01-09,CSU.TO,29.08221003,2398.1002,69742.06
test,2026-01-09,DPZ,47.98234165,405.09,19437.17
test,2026-01-09,EL.PA,94.59392789,323.9721,30645.79
test,2026-01-09,FICO,17.74496935,1665.53,29554.78
test,2026-01-09,IBE.MC,921.77634618,22.0334,20309.83
test,2026-01-09,ISRG,52.96984387,586.24,31053.04
test,2026-01-09,JPM,139.65613503,329.19,45973.4
test,2026-01-09,LLY,46.52547503,1063.5601,49482.64
test,2026-01-09,MELI,24.8230118,2178.4099,54074.69
test,2026-01-09,META,90.89669221,653.06,59360.99
test,2026-01-09,MSFT,82.7095662,479.28,39641.04
test,2026-01-09,NVDA,428.95442359,184.86,79296.52
test,2026-01-09,NVO,589.62262913,58.81,34675.71
test,2026-01-09,RACE,54.11841144,376.19,20358.81
test,2026-01-09,RMS.PA,8.02101809,2584.5487,20730.71
test,2026-01-09,STZ,144.96954934,147.0,21310.52
test,2026-01-09,ULTA,49.58595646,666.18,33033.17
test,2026-01-09,V,114.05434968,349.77,39892.79
test,2026-01-09,VICI,711.23753212,27.76,19743.95
test,2026-01-09,VRSK,134.1141744,224.87,30158.25
test,2026-01-09,WM,136.54362152,220.91,30163.85
test,2026-01-09,ZM,231.77656493,85.18,19742.73
test,2026-01-10,AMZN,259.94280433,247.38,64304.65
test,2026-01-10,BABA,272.88852163,150.96,41195.25
test,2026-01-10,BSX,419.5070859,97.64,40960.67
test,2026-01-10,CASH,55000.0,1.0,55000.0
test,2026-01-10,CRCL,252.20679988,82.9,20907.94
test,2026-01-10,CSU.TO,29.08221003,2398.1002,69742.06
test,2026-01-10,DPZ,47.98234165,405.09,19437.17
test,2026-01-10,EL.PA,94.59392789,323.9721,30645.79
test,2026-01-10,FICO,17.74496935,1665.53,29554.78
test,2026-01-10,IBE.MC,921.77634618,22.0334,20309.83
test,2026-01-10,ISRG,52.96984387,586.24,31053.04
test,2026-01-10,JPM,139.65613503,329.19,45973.4
test,2026-01-10,LLY,46.52547503,1063.5601,49482.64
test,2026-01-10,MELI,24.8230118,2178.4099,54074.69
test,2026-01-10,META,90.89669221,653.06,59360.99
test,2026-01-10,MSFT,82.7095662,479.28,39641.04
test,2026-01-10,NVDA,428.95442359,184.86,79296.52
test,2026-01-10,NVO,589.62262913,58.81,34675.71
test,2026-01-10,RACE,54.11841144,376.19,20358.81
test,2026-01-10,RMS.PA,8.02101809,2584.5487,20730.71
test,2026-01-10,STZ,144.96954934,147.0,21310.52
test,2026-01-10,ULTA,49.58595646,666.18,33033.17
test,2026-01-10,V,114.05434968,349.77,39892.79
test,2026-01-10,VICI,711.23753212,27.76,19743.95
test,2026-01-10,VRSK,134.1141744,224.87,30158.25
test,2026-01-10,WM,136.54362152,220.91,30163.85
test,2026-01-10,ZM,231.77656493,85.18,19742.73
test,2026-01-11,AMZN,259.94280433,247.38,64304.65
test,2026-01-11,BABA,272.88852163,150.96,41195.25
test,2026-01-11,BSX,419.5070859,97.64,40960.67
test,2026-01-11,CASH,55000.0,1.0,55000.0
test,2026-01-11,CRCL,252.20679988,82.9,20907.94
test,2026-01-11,CSU.TO,29.08221003,2398.1002,69742.06
test,2026-01-11,DPZ,47.98234165,405.09,19437.17
test,2026-01-11,EL.PA,94.59392789,323.9721,30645.79
test,2026-01-11,FICO,17.74496935,1665.53,29554.78
test,2026-01-11,IBE.MC,921.77634618,22.0334,20309.83
test,2026-01-11,ISRG,52.96984387,586.24,31053.04
test,2026-01-11,JPM,139.65613503,329.19,45973.4
test,2026-01-11,LLY,46.52547503,1063.5601,49482.64
test,2026-01-11,MELI,24.8230118,2178.4099,54074.69
test,2026-01-11,META,90.89669221,653.06,59360.99
test,2026-01-11,MSFT,82.7095662,479.28,39641.04
test,2026-01-11,NVDA,428.95442359,184.86,79296.52
test,2026-01-11,NVO,589.62262913,58.81,34675.71
test,2026-01-11,RACE,54.11841144,376.19,20358.81
test,2026-01-11,RMS.PA,8.02101809,2584.5487,20730.71
test,2026-01-11,STZ,144.96954934,147.0,21310.52
test,2026-01-11,ULTA,49.58595646,666.18,33033.17
test,2026-01-11,V,114.05434968,349.77,39892.79
test,2026-01-11,VICI,711.23753212,27.76,19743.95
test,2026-01-11,VRSK,134.1141744,224.87,30158.25
test,2026-01-11,WM,136.54362152,220.91,30163.85
test,2026-01-11,ZM,231.77656493,85.18,19742.73
test,2026-01-12,AMZN,259.94280433,246.47,64068.1
test,2026-01-12,BABA,272.88852163,166.31,45384.09
test,2026-01-12,BSX,419.5070859,95.72,40155.22
test,2026-01-12,CASH,55000.0,1.0,55000.0
test,2026-01-12,CRCL,252.20679988,82.9,20907.94
test,2026-01-12,CSU.TO,29.08221003,2391.7307,69556.81
test,2026-01-12,DPZ,47.98234165,415.95,19958.26
test,2026-01-12,EL.PA,94.59392789,320.8146,30347.11
test,2026-01-12,FICO,17.74496935,1631.3101,28947.55
test,2026-01-12,IBE.MC,921.77634618,21.3818,19709.26
test,2026-01-12,ISRG,52.96984387,572.75,30338.48
test,2026-01-12,JPM,139.65613503,324.49,45317.02
test,2026-01-12,LLY,46.52547503,1081.0,50294.04
test,2026-01-12,MELI,24.8230118,2149.8999,53366.99
test,2026-01-12,META,90.89669221,641.97,58352.95
test,2026-01-12,MSFT,82.7095662,477.18,39467.35
test,2026-01-12,NVDA,428.95442359,184.94,79330.83
test,2026-01-12,NVO,589.62262913,59.86,35294.81
test,2026-01-12,RACE,54.11841144,377.2,20413.47
test,2026-01-12,RMS.PA,8.02101809,2578.1403,20679.31
test,2026-01-12,STZ,144.96954934,151.82,22009.28
test,2026-01-12,ULTA,49.58595646,661.49,32800.61
test,2026-01-12,V,114.05434968,343.2,39143.45
test,2026-01-12,VICI,711.23753212,27.89,19836.41
test,2026-01-12,VRSK,134.1141744,224.82,30151.55
test,2026-01-12,WM,136.54362152,218.57,29844.34
test,2026-01-12,ZM,231.77656493,86.75,20106.62
test,2026-01-13,AMZN,259.94280433,242.6,63062.13
test,2026-01-13,BABA,272.88852163,167.01,45575.11
test,2026-01-13,BSX,419.5070859,94.14,39492.4
test,2026-01-13,CASH,55000.0,1.0,55000.0
test,2026-01-13,CRCL,252.20679988,83.46,21049.18
test,2026-01-13,CSU.TO,29.08221003,2313.7715,67289.59
test,2026-01-13,DPZ,47.98234165,410.91,19716.42
test,2026-01-13,EL.PA,94.59392789,324.342,30680.78
test,2026-01-13,FICO,17.74496935,1623.1801,28803.28
test,2026-01-13,IBE.MC,921.77634618,21.2922,19626.68
test,2026-01-13,ISRG,52.96984387,561.82,29759.52
test,2026-01-13,JPM,139.65613503,310.9,43419.09
test,2026-01-13,LLY,46.52547503,1077.1899,50116.77
test,2026-01-13,MELI,24.8230118,2073.5701,51472.25
test,2026-01-13,META,90.89669221,631.09,57364.0
test,2026-01-13,MSFT,82.7095662,470.67,38928.91
test,2026-01-13,NVDA,428.95442359,185.81,79704.02
test,2026-01-13,NVO,589.62262913,59.64,35165.09
test,2026-01-13,RACE,54.11841144,360.09,19487.5
test,2026-01-13,RMS.PA,8.02101809,2611.0698,20943.44
test,2026-01-13,STZ,144.96954934,153.16,22203.54
test,2026-01-13,ULTA,49.58595646,664.85,32967.22
test,2026-01-13,V,114.05434968,327.88,37396.14
test,2026-01-13,VICI,711.23753212,27.81,19779.52
test,2026-01-13,VRSK,134.1141744,222.09,29785.42
test,2026-01-13,WM,136.54362152,216.18,29518.0
test,2026-01-13,ZM,231.77656493,83.19,19281.49
test,2026-01-14,AMZN,259.94280433,236.65,61515.46
test,2026-01-14,BABA,272.88852163,169.9,46363.76
test,2026-01-14,BSX,419.5070859,93.74,39324.59
test,2026-01-14,CASH,55000.0,1.0,55000.0
test,2026-01-14,CRCL,252.20679988,84.8,21387.14
test,2026-01-14,CSU.TO,29.08221003,2176.8985,63309.02
test,2026-01-14,DPZ,47.98234165,407.38,19547.05
test,2026-01-14,EL.PA,94.59392789,325.2922,30770.67
test,2026-01-14,FICO,17.74496935,1616.29,28681.02
test,2026-01-14,IBE.MC,921.77634618,21.3757,19703.6
test,2026-01-14,ISRG,52.96984387,546.76,28961.79
test,2026-01-14,JPM,139.65613503,307.87,42995.93
test,2026-01-14,LLY,46.52547503,1073.29,49935.33
test,2026-01-14,MELI,24.8230118,2101.95,52176.73
test,2026-01-14,META,90.89669221,615.52,55948.73
test,2026-01-14,MSFT,82.7095662,459.38,37995.12
test,2026-01-14,NVDA,428.95442359,183.14,78558.71
test,2026-01-14,NVO,589.62262913,58.91,34734.67
test,2026-01-14,RACE,54.11841144,353.39,19124.91
test,2026-01-14,RMS.PA,8.02101809,2607.9262,20918.22
test,2026-01-14,STZ,144.96954934,156.36,22667.44
test,2026-01-14,ULTA,49.58595646,663.85,32917.64
test,2026-01-14,V,114.05434968,329.17,37543.27
test,2026-01-14,VICI,711.23753212,28.15,20021.34
test,2026-01-14,VRSK,134.1141744,224.16,30063.03
test,2026-01-14,WM,136.54362152,218.79,29874.38
test,2026-01-14,ZM,231.77656493,82.76,19181.83
test,2026-01-15,AMZN,259.94280433,238.18,61913.18
test,2026-01-15,BABA,272.88852163,170.93,46644.83
test,2026-01-15,BSX,419.5070859,90.03,37768.22
test,2026-01-15,CASH,55000.0,1.0,55000.0
test,2026-01-15,CRCL,252.20679988,76.6,19319.04
test,2026-01-15,CSU.TO,29.08221003,2104.4971,61203.43
test,2026-01-15,DPZ,47.98234165,409.09,19629.1
test,2026-01-15,EL.PA,94.59392789,328.4263,31067.14
test,2026-01-15,FICO,17.74496935,1581.1899,28058.17
test,2026-01-15,IBE.MC,921.77634618,21.3011,19634.87
test,2026-01-15,ISRG,52.96984387,541.34,28674.7
test,2026-01-15,JPM,139.65613503,309.26,43190.06
test,2026-01-15,LLY,46.52547503,1032.97,48059.42
test,2026-01-15,MELI,24.8230118,2098.8501,52099.78
test,2026-01-15,META,90.89669221,620.8,56428.67
test,2026-01-15,MSFT,82.7095662,456.66,37770.15
test,2026-01-15,NVDA,428.95442359,187.05,80235.93
test,2026-01-15,NVO,589.62262913,57.12,33679.24
test,2026-01-15,RACE,54.11841144,354.57,19188.77
test,2026-01-15,RMS.PA,8.02101809,2604.1181,20887.68
test,2026-01-15,STZ,144.96954934,158.75,23013.92
test,2026-01-15,ULTA,49.58595646,665.12,32980.61
test,2026-01-15,V,114.05434968,327.75,37381.31
test,2026-01-15,VICI,711.23753212,28.42,20213.37
test,2026-01-15,VRSK,134.1141744,222.05,29780.05
test,2026-01-15,WM,136.54362152,219.86,30020.48
test,2026-01-15,ZM,231.77656493,81.52,18894.42
test,2026-01-16,AMZN,259.94280433,239.12,62157.52
test,2026-01-16,BABA,272.88852163,165.4,45135.76
test,2026-01-16,BSX,419.5070859,88.07,36945.99
test,2026-01-16,CASH,55000.0,1.0,55000.0
test,2026-01-16,CRCL,252.20679988,78.61,19825.98
test,2026-01-16,CSU.TO,29.08221003,2048.465,59573.88
test,2026-01-16,DPZ,47.98234165,400.28,19206.37
test,2026-01-16,EL.PA,94.59392789,314.6041,29759.64
test,2026-01-16,FICO,17.74496935,1567.1899,27809.74
test,2026-01-16,IBE.MC,921.77634618,21.5579,19871.59
test,2026-01-16,ISRG,52.96984387,535.0,28338.87
test,2026-01-16,JPM,139.65613503,312.47,43638.35
test,2026-01-16,LLY,46.52547503,1038.4,48312.05
test,2026-01-16,MELI,24.8230118,2075.01,51508.0
test,2026-01-16,META,90.89669221,620.25,56378.67
test,2026-01-16,MSFT,82.7095662,459.86,38034.82
test,2026-01-16,NVDA,428.95442359,186.23,79884.18
test,2026-01-16,NVO,589.62262913,62.33,36751.18
test,2026-01-16,RACE,54.11841144,345.23,18683.3
test,2026-01-16,RMS.PA,8.02101809,2542.3728,20392.41
test,2026-01-16,STZ,144.96954934,156.64,22708.03
test,2026-01-16,ULTA,49.58595646,663.48,32899.29
test,2026-01-16,V,114.05434968,328.3,37444.04
test,2026-01-16,VICI,711.23753212,28.98,20611.66
test,2026-01-16,VRSK,134.1141744,220.41,29560.11
test,2026-01-16,WM,136.54362152,221.23,30207.54
test,2026-01-16,ZM,231.77656493,80.96,18764.63
test,2026-01-17,AMZN,259.94280433,239.12,62157.52
test,2026-01-17,BABA,272.88852163,165.4,45135.76
test,2026-01-17,BSX,419.5070859,88.07,36945.99
test,2026-01-17,CASH,55000.0,1.0,55000.0
test,2026-01-17,CRCL,252.20679988,78.61,19825.98
test,2026-01-17,CSU.TO,29.08221003,2048.465,59573.88
test,2026-01-17,DPZ,47.98234165,400.28,19206.37
test,2026-01-17,EL.PA,94.59392789,314.6041,29759.64
test,2026-01-17,FICO,17.74496935,1567.1899,27809.74
test,2026-01-17,IBE.MC,921.77634618,21.5579,19871.59
test,2026-01-17,ISRG,52.96984387,535.0,28338.87
test,2026-01-17,JPM,139.65613503,312.47,43638.35
test,2026-01-17,LLY,46.52547503,1038.4,48312.05
test,2026-01-17,MELI,24.8230118,2075.01,51508.0
test,2026-01-17,META,90.89669221,620.25,56378.67
test,2026-01-17,MSFT,82.7095662,459.86,38034.82
test,2026-01-17,NVDA,428.95442359,186.23,79884.18
test,2026-01-17,NVO,589.62262913,62.33,36751.18
test,2026-01-17,RACE,54.11841144,345.23,18683.3
test,2026-01-17,RMS.PA,8.02101809,2542.3728,20392.41
test,2026-01-17,STZ,144.96954934,156.64,22708.03
test,2026-01-17,ULTA,49.58595646,663.48,32899.29
test,2026-01-17,V,114.05434968,328.3,37444.04
test,2026-01-17,VICI,711.23753212,28.98,20611.66
test,2026-01-17,VRSK,134.1141744,220.41,29560.11
test,2026-01-17,WM,136.54362152,221.23,30207.54
test,2026-01-17,ZM,231.77656493,80.96,18764.63
test,2026-01-18,AMZN,259.94280433,239.12,62157.52
test,2026-01-18,BABA,272.88852163,165.4,45135.76
test,2026-01-18,BSX,419.5070859,88.07,36945.99
test,2026-01-18,CASH,55000.0,1.0,55000.0
test,2026-01-18,CRCL,252.20679988,78.61,19825.98
test,2026-01-18,CSU.TO,29.08221003,2048.465,59573.88
test,2026-01-18,DPZ,47.98234165,400.28,19206.37
test,2026-01-18,EL.PA,94.59392789,314.6041,29759.64
test,2026-01-18,FICO,17.74496935,1567.1899,27809.74
test,2026-01-18,IBE.MC,921.77634618,21.5579,19871.59
test,2026-01-18,ISRG,52.96984387,535.0,28338.87
test,2026-01-18,JPM,139.65613503,312.47,43638.35
test,2026-01-18,LLY,46.52547503,1038.4,48312.05
test,2026-01-18,MELI,24.8230118,2075.01,51508.0
test,2026-01-18,META,90.89669221,620.25,56378.67
test,2026-01-18,MSFT,82.7095662,459.86,38034.82
test,2026-01-18,NVDA,428.95442359,186.23,79884.18
test,2026-01-18,NVO,589.62262913,62.33,36751.18
test,2026-01-18,RACE,54.11841144,345.23,18683.3
test,2026-01-18,RMS.PA,8.02101809,2542.3728,20392.41
test,2026-01-18,STZ,144.96954934,156.64,22708.03
test,2026-01-18,ULTA,49.58595646,663.48,32899.29
test,2026-01-18,V,114.05434968,328.3,37444.04
test,2026-01-18,VICI,711.23753212,28.98,20611.66
test,2026-01-18,VRSK,134.1141744,220.41,29560.11
test,2026-01-18,WM,136.54362152,221.23,30207.54
test,2026-01-18,ZM,231.77656493,80.96,18764.63
test,2026-01-19,AMZN,259.94280433,239.12,62157.52
test,2026-01-19,BABA,272.88852163,165.4,45135.76
test,2026-01-19,BSX,419.5070859,88.07,36945.99
test,2026-01-19,CASH,55000.0,1.0,55000.0
test,2026-01-19,CRCL,252.20679988,78.61,19825.98
test,2026-01-19,CSU.TO,29.08221003,2008.0074,58397.3
test,2026-01-19,DPZ,47.98234165,400.28,19206.37
test,2026-01-19,EL.PA,94.59392789,309.4557,29272.64
test,2026-01-19,FICO,17.74496935,1567.1899,27809.74
test,2026-01-19,IBE.MC,921.77634618,21.5991,19909.56
test,2026-01-19,ISRG,52.96984387,535.0,28338.87
test,2026-01-19,JPM,139.65613503,312.47,43638.35
test,2026-01-19,LLY,46.52547503,1038.4,48312.05
test,2026-01-19,MELI,24.8230118,2075.01,51508.0
test,2026-01-19,META,90.89669221,620.25,56378.67
test,2026-01-19,MSFT,82.7095662,459.86,38034.82
test,2026-01-19,NVDA,428.95442359,186.23,79884.18
test,2026-01-19,NVO,589.62262913,62.33,36751.18
test,2026-01-19,RACE,54.11841144,345.23,18683.3
test,2026-01-19,RMS.PA,8.02101809,2456.3484,19702.41
test,2026-01-19,STZ,144.96954934,156.64,22708.03
test,2026-01-19,ULTA,49.58595646,663.48,32899.29
test,2026-01-19,V,114.05434968,328.3,37444.04
test,2026-01-19,VICI,711.23753212,28.98,20611.66
test,2026-01-19,VRSK,134.1141744,220.41,29560.11
test,2026-01-19,WM,136.54362152,221.23,30207.54
test,2026-01-19,ZM,231.77656493,80.96,18764.63
test,2026-01-20,AMZN,259.94280433,231.0,60046.79
test,2026-01-20,BABA,272.88852163,162.39,44314.37
test,2026-01-20,BSX,419.5070859,91.2,38259.04
test,2026-01-20,CASH,55000.0,1.0,55000.0
test,2026-01-20,CRCL,252.20679988,72.7,18335.43
test,2026-01-20,CSU.TO,29.08221003,1923.5764,55941.85
test,2026-01-20,DPZ,47.98234165,387.64,18599.88
test,2026-01-20,EL.PA,94.59392789,310.9978,29418.51
test,2026-01-20,FICO,17.74496935,1494.5,26519.86
test,2026-01-20,IBE.MC,921.77634618,21.4335,19756.87
test,2026-01-20,ISRG,52.96984387,527.44,27938.41
test,2026-01-20,JPM,139.65613503,302.74,42279.5
test,2026-01-20,LLY,46.52547503,1041.29,48446.51
test,2026-01-20,MELI,24.8230118,2034.8199,50510.36
test,2026-01-20,META,90.89669221,604.12,54912.51
test,2026-01-20,MSFT,82.7095662,454.52,37593.15
test,2026-01-20,NVDA,428.95442359,178.07,76383.92
test,2026-01-20,NVO,589.62262913,60.68,35778.3
test,2026-01-20,RACE,54.11841144,336.78,18226.0
test,2026-01-20,RMS.PA,8.02101809,2430.2524,19493.1
test,2026-01-20,STZ,144.96954934,163.64,23722.82
test,2026-01-20,ULTA,49.58595646,675.62,33501.26
test,2026-01-20,V,114.05434968,325.82,37161.19
test,2026-01-20,VICI,711.23753212,28.82,20497.87
test,2026-01-20,VRSK,134.1141744,218.49,29302.61
test,2026-01-20,WM,136.54362152,221.3,30217.1
test,2026-01-20,ZM,231.77656493,81.32,18848.07
test,2026-01-21,AMZN,259.94280433,231.31,60127.37
test,2026-01-21,BABA,272.88852163,168.67,46028.11
test,2026-01-21,BSX,419.5070859,91.71,38472.99
test,2026-01-21,CASH,55000.0,1.0,55000.0
test,2026-01-21,CRCL,252.20679988,72.64,18320.3
test,2026-01-21,CSU.TO,29.08221003,1956.8352,56909.09
test,2026-01-21,DPZ,47.98234165,398.92,19141.12
test,2026-01-21,EL.PA,94.59392789,314.0722,29709.33
test,2026-01-21,FICO,17.74496935,1535.54,27248.11
test,2026-01-21,IBE.MC,921.77634618,21.503,19820.99
test,2026-01-21,ISRG,52.96984387,523.69,27739.78
test,2026-01-21,JPM,139.65613503,302.04,42181.74
test,2026-01-21,LLY,46.52547503,1078.52,50178.66
test,2026-01-21,MELI,24.8230118,2057.77,51080.05
test,2026-01-21,META,90.89669221,612.96,55716.04
test,2026-01-21,MSFT,82.7095662,444.11,36732.14
test,2026-01-21,NVDA,428.95442359,183.32,78635.93
test,2026-01-21,NVO,589.62262913,59.32,34976.41
test,2026-01-21,RACE,54.11841144,341.68,18491.18
test,2026-01-21,RMS.PA,8.02101809,2460.5063,19735.77
test,2026-01-21,STZ,144.96954934,163.38,23685.13
test,2026-01-21,ULTA,49.58595646,683.45,33889.52
test,2026-01-21,V,114.05434968,325.28,37099.6
test,2026-01-21,VICI,711.23753212,28.37,20177.81
test,2026-01-21,VRSK,134.1141744,216.59,29047.79
test,2026-01-21,WM,136.54362152,226.49,30925.77
test,2026-01-21,ZM,231.77656493,81.18,18815.62
test,2026-01-22,AMZN,259.94280433,234.34,60915.0
test,2026-01-22,BABA,272.88852163,177.18,48350.39
test,2026-01-22,BSX,419.5070859,91.29,38296.8
test,2026-01-22,CASH,55000.0,1.0,55000.0
test,2026-01-22,CRCL,252.20679988,71.35,17994.95
test,2026-01-22,CSU.TO,29.08221003,1959.8215,56995.94
test,2026-01-22,DPZ,47.98234165,405.33,19448.68
test,2026-01-22,EL.PA,94.59392789,312.8356,29592.35
test,2026-01-22,FICO,17.74496935,1556.95,27628.03
test,2026-01-22,IBE.MC,921.77634618,21.4958,19814.29
test,2026-01-22,ISRG,52.96984387,525.81,27852.07
test,2026-01-22,JPM,139.65613503,303.63,42403.79
test,2026-01-22,LLY,46.52547503,1087.38,50590.87
test,2026-01-22,MELI,24.8230118,2153.75,53462.56
test,2026-01-22,META,90.89669221,647.63,58867.43
test,2026-01-22,MSFT,82.7095662,451.14,37313.59
test,2026-01-22,NVDA,428.95442359,184.84,79287.93
test,2026-01-22,NVO,589.62262913,62.23,36692.22
test,2026-01-22,RACE,54.11841144,337.55,18267.67
test,2026-01-22,RMS.PA,8.02101809,2487.5099,19952.37
test,2026-01-22,STZ,144.96954934,160.72,23299.51
test,2026-01-22,ULTA,49.58595646,681.64,33799.77
test,2026-01-22,V,114.05434968,326.36,37222.78
test,2026-01-22,VICI,711.23753212,28.19,20049.79
test,2026-01-22,VRSK,134.1141744,218.5,29303.95
test,2026-01-22,WM,136.54362152,229.0,31268.49
test,2026-01-22,ZM,231.77656493,84.65,19619.89
test,2026-01-23,AMZN,259.94280433,239.16,62167.92
test,2026-01-23,BABA,272.88852163,173.23,47272.48
test,2026-01-23,BSX,419.5070859,92.51,38808.6
test,2026-01-23,CASH,55000.0,1.0,55000.0
test,2026-01-23,CRCL,252.20679988,71.33,17989.91
test,2026-01-23,CSU.TO,29.08221003,2017.6219,58676.9
test,2026-01-23,DPZ,47.98234165,411.5,19744.73
test,2026-01-23,EL.PA,94.59392789,311.6147,29476.86
test,2026-01-23,FICO,17.74496935,1544.6899,27410.48
test,2026-01-23,IBE.MC,921.77634618,21.5815,19893.28
test,2026-01-23,ISRG,52.96984387,523.99,27755.67
test,2026-01-23,JPM,139.65613503,297.72,41578.42
test,2026-01-23,LLY,46.52547503,1064.29,49516.6
test,2026-01-23,MELI,24.8230118,2137.29,53053.98
test,2026-01-23,META,90.89669221,658.76,59879.11
test,2026-01-23,MSFT,82.7095662,465.95,38538.52
test,2026-01-23,NVDA,428.95442359,187.67,80501.88
test,2026-01-23,NVO,589.62262913,62.26,36709.9
test,2026-01-23,RACE,54.11841144,338.53,18320.71
test,2026-01-23,RMS.PA,8.02101809,2503.732,20082.48
test,2026-01-23,STZ,144.96954934,158.78,23018.26
test,2026-01-23,ULTA,49.58595646,686.12,34021.92
test,2026-01-23,V,114.05434968,326.18,37202.25
test,2026-01-23,VICI,711.23753212,28.54,20298.72
test,2026-01-23,VRSK,134.1141744,218.04,29242.25
test,2026-01-23,WM,136.54362152,229.23,31299.89
test,2026-01-23,ZM,231.77656493,85.78,19881.79
test,2026-01-24,AMZN,259.94280433,239.16,62167.92
test,2026-01-24,BABA,272.88852163,173.23,47272.48
test,2026-01-24,BSX,419.5070859,92.51,38808.6
test,2026-01-24,CASH,55000.0,1.0,55000.0
test,2026-01-24,CRCL,252.20679988,71.33,17989.91
test,2026-01-24,CSU.TO,29.08221003,2017.6219,58676.9
test,2026-01-24,DPZ,47.98234165,411.5,19744.73
test,2026-01-24,EL.PA,94.59392789,311.6147,29476.86
test,2026-01-24,FICO,17.74496935,1544.6899,27410.48
test,2026-01-24,IBE.MC,921.77634618,21.5815,19893.28
test,2026-01-24,ISRG,52.96984387,523.99,27755.67
test,2026-01-24,JPM,139.65613503,297.72,41578.42
test,2026-01-24,LLY,46.52547503,1064.29,49516.6
test,2026-01-24,MELI,24.8230118,2137.29,53053.98
test,2026-01-24,META,90.89669221,658.76,59879.11
test,2026-01-24,MSFT,82.7095662,465.95,38538.52
test,2026-01-24,NVDA,428.95442359,187.67,80501.88
test,2026-01-24,NVO,589.62262913,62.26,36709.9
test,2026-01-24,RACE,54.11841144,338.53,18320.71
test,2026-01-24,RMS.PA,8.02101809,2503.732,20082.48
test,2026-01-24,STZ,144.96954934,158.78,23018.26
test,2026-01-24,ULTA,49.58595646,686.12,34021.92
test,2026-01-24,V,114.05434968,326.18,37202.25
test,2026-01-24,VICI,711.23753212,28.54,20298.72
test,2026-01-24,VRSK,134.1141744,218.04,29242.25
test,2026-01-24,WM,136.54362152,229.23,31299.89
test,2026-01-24,ZM,231.77656493,85.78,19881.79
test,2026-01-25,AMZN,259.94280433,239.16,62167.92
test,2026-01-25,BABA,272.88852163,173.23,47272.48
test,2026-01-25,BSX,419.5070859,92.51,38808.6
test,2026-01-25,CASH,55000.0,1.0,55000.0
test,2026-01-25,CRCL,252.20679988,71.33,17989.91
test,2026-01-25,CSU.TO,29.08221003,2017.6219,58676.9
test,2026-01-25,DPZ,47.98234165,411.5,19744.73
test,2026-01-25,EL.PA,94.59392789,311.6147,29476.86
test,2026-01-25,FICO,17.74496935,1544.6899,27410.48
test,2026-01-25,IBE.MC,921.77634618,21.5815,19893.28
test,2026-01-25,ISRG,52.96984387,523.99,27755.67
test,2026-01-25,JPM,139.65613503,297.72,41578.42
test,2026-01-25,LLY,46.52547503,1064.29,49516.6
test,2026-01-25,MELI,24.8230118,2137.29,53053.98
test,2026-01-25,META,90.89669221,658.76,59879.11
test,2026-01-25,MSFT,82.7095662,465.95,38538.52
test,2026-01-25,NVDA,428.95442359,187.67,80501.88
test,2026-01-25,NVO,589.62262913,62.26,36709.9
test,2026-01-25,RACE,54.11841144,338.53,18320.71
test,2026-01-25,RMS.PA,8.02101809,2503.732,20082.48
test,2026-01-25,STZ,144.96954934,158.78,23018.26
test,2026-01-25,ULTA,49.58595646,686.12,34021.92
test,2026-01-25,V,114.05434968,326.18,37202.25
test,2026-01-25,VICI,711.23753212,28.54,20298.72
test,2026-01-25,VRSK,134.1141744,218.04,29242.25
test,2026-01-25,WM,136.54362152,229.23,31299.89
test,2026-01-25,ZM,231.77656493,85.78,19881.79
test,2026-01-26,AMZN,259.94280433,238.42,61975.56
test,2026-01-26,BABA,272.88852163,171.37,46764.9
test,2026-01-26,BSX,419.5070859,93.55,39244.89
test,2026-01-26,CASH,55000.0,1.0,55000.0
test,2026-01-26,CRCL,252.20679988,70.9,17881.46
test,2026-01-26,CSU.TO,29.08221003,2050.7886,59641.46
test,2026-01-26,DPZ,47.98234165,413.91,19860.37
test,2026-01-26,EL.PA,94.59392789,305.1181,28862.32
test,2026-01-26,FICO,17.74496935,1550.74,27517.83
test,2026-01-26,IBE.MC,921.77634618,22.1397,20407.89
test,2026-01-26,ISRG,52.96984387,528.81,28010.98
test,2026-01-26,JPM,139.65613503,301.04,42042.08
test,2026-01-26,LLY,46.52547503,1062.75,49444.95
test,2026-01-26,MELI,24.8230118,2212.6201,54923.9
test,2026-01-26,META,90.89669221,672.36,61115.3
test,2026-01-26,MSFT,82.7095662,470.28,38896.65
test,2026-01-26,NVDA,428.95442359,186.47,79987.13
test,2026-01-26,NVO,589.62262913,63.98,37724.06
test,2026-01-26,RACE,54.11841144,340.45,18424.61
test,2026-01-26,RMS.PA,8.02101809,2537.7099,20355.02
test,2026-01-26,STZ,144.96954934,161.55,23419.83
test,2026-01-26,ULTA,49.58595646,661.34,32793.18
test,2026-01-26,V,114.05434968,328.49,37465.71
test,2026-01-26,VICI,711.23753212,28.51,20277.38
test,2026-01-26,VRSK,134.1141744,219.74,29470.25
test,2026-01-26,WM,136.54362152,230.25,31439.17
test,2026-01-26,ZM,231.77656493,95.46,22125.39
test,2026-01-27,AMZN,259.94280433,244.68,63602.8
test,2026-01-27,BABA,272.88852163,172.72,47133.31
test,2026-01-27,BSX,419.5070859,93.61,39270.06
test,2026-01-27,CASH,55000.0,1.0,55000.0
test,2026-01-27,CRCL,252.20679988,69.96,17644.39
test,2026-01-27,CSU.TO,29.08221003,1933.5619,56232.25
test,2026-01-27,DPZ,47.98234165,413.87,19858.45
test,2026-01-27,EL.PA,94.59392789,305.2256,28872.5
test,2026-01-27,FICO,17.74496935,1545.0,27415.98
test,2026-01-27,IBE.MC,921.77634618,22.2743,20531.97
test,2026-01-27,ISRG,52.96984387,525.04,27811.29
test,2026-01-27,JPM,139.65613503,300.31,41940.13
test,2026-01-27,LLY,46.52547503,1039.51,48363.7
test,2026-01-27,MELI,24.8230118,2295.0,56968.81
test,2026-01-27,META,90.89669221,672.97,61170.74
test,2026-01-27,MSFT,82.7095662,480.58,39748.56
test,2026-01-27,NVDA,428.95442359,188.52,80866.49
test,2026-01-27,NVO,589.62262913,62.89,37081.37
test,2026-01-27,RACE,54.11841144,337.4,18259.55
test,2026-01-27,RMS.PA,8.02101809,2529.6911,20290.7
test,2026-01-27,STZ,144.96954934,161.25,23376.34
test,2026-01-27,ULTA,49.58595646,651.3,32295.33
test,2026-01-27,V,114.05434968,325.26,37097.32
test,2026-01-27,VICI,711.23753212,28.5,20270.27
test,2026-01-27,VRSK,134.1141744,216.28,29006.21
test,2026-01-27,WM,136.54362152,231.34,31588.0
test,2026-01-27,ZM,231.77656493,94.44,21888.98
test,2026-01-28,AMZN,259.94280433,243.01,63168.7
test,2026-01-28,BABA,272.88852163,175.66,47935.6
test,2026-01-28,BSX,419.5070859,93.79,39345.57
test,2026-01-28,CASH,55000.0,1.0,55000.0
test,2026-01-28,CRCL,252.20679988,72.84,18370.74
test,2026-01-28,CSU.TO,29.08221003,1942.4347,56490.29
test,2026-01-28,DPZ,47.98234165,405.37,19450.6
test,2026-01-28,EL.PA,94.59392789,304.4069,28795.04
test,2026-01-28,FICO,17.74496935,1525.67,27072.97
test,2026-01-28,IBE.MC,921.77634618,22.5691,20803.7
test,2026-01-28,ISRG,52.96984387,522.04,27652.38
test,2026-01-28,JPM,139.65613503,300.77,42004.37
test,2026-01-28,LLY,46.52547503,1023.8,47632.78
test,2026-01-28,MELI,24.8230118,2268.6001,56313.49
test,2026-01-28,META,90.89669221,668.73,60785.34
test,2026-01-28,MSFT,82.7095662,481.63,39835.41
test,2026-01-28,NVDA,428.95442359,191.52,82153.35
test,2026-01-28,NVO,589.62262913,60.33,35571.93
test,2026-01-28,RACE,54.11841144,333.46,18046.33
test,2026-01-28,RMS.PA,8.02101809,2463.6167,19760.71
test,2026-01-28,STZ,144.96954934,157.74,22867.5
test,2026-01-28,ULTA,49.58595646,638.21,31646.25
test,2026-01-28,V,114.05434968,326.98,37293.49
test,2026-01-28,VICI,711.23753212,27.89,19836.41
test,2026-01-28,VRSK,134.1141744,219.03,29375.03
test,2026-01-28,WM,136.54362152,231.6,31623.5
test,2026-01-28,ZM,231.77656493,96.22,22301.54
test,2026-01-29,AMZN,259.94280433,241.73,62835.97
test,2026-01-29,BABA,272.88852163,174.25,47550.82
test,2026-01-29,BSX,419.5070859,92.33,38733.09
test,2026-01-29,CASH,55000.0,1.0,55000.0
test,2026-01-29,CRCL,252.20679988,67.55,17036.57
test,2026-01-29,CSU.TO,29.08221003,1885.4548,54833.19
test,2026-01-29,DPZ,47.98234165,407.08,19532.65
test,2026-01-29,EL.PA,94.59392789,304.954,28846.8
test,2026-01-29,FICO,17.74496935,1501.75,26648.51
test,2026-01-29,IBE.MC,921.77634618,22.626,20856.12
test,2026-01-29,ISRG,52.96984387,507.55,26884.84
test,2026-01-29,JPM,139.65613503,306.42,42793.43
test,2026-01-29,LLY,46.52547503,1024.14,47648.6
test,2026-01-29,MELI,24.8230118,2218.1399,55060.91
test,2026-01-29,META,90.89669221,738.31,67109.94
test,2026-01-29,MSFT,82.7095662,433.5,35854.6
test,2026-01-29,NVDA,428.95442359,192.51,82578.01
test,2026-01-29,NVO,589.62262913,59.33,34982.31
test,2026-01-29,RACE,54.11841144,338.45,18316.38
test,2026-01-29,RMS.PA,8.02101809,2427.8938,19474.18
test,2026-01-29,STZ,144.96954934,154.75,22434.04
test,2026-01-29,ULTA,49.58595646,631.1,31293.7
test,2026-01-29,V,114.05434968,331.8,37843.23
test,2026-01-29,VICI,711.23753212,28.11,19992.89
test,2026-01-29,VRSK,134.1141744,216.59,29047.79
test,2026-01-29,WM,136.54362152,223.13,30466.98
test,2026-01-29,ZM,231.77656493,92.58,21457.87
test,2026-01-30,AMZN,259.94280433,239.3,62204.31
test,2026-01-30,BABA,272.88852163,169.56,46270.98
test,2026-01-30,BSX,419.5070859,93.53,39236.5
test,2026-01-30,CASH,55000.0,1.0,55000.0
test,2026-01-30,CRCL,252.20679988,63.93,16123.58
test,2026-01-30,CSU.TO,29.08221003,1862.5555,54167.23
test,2026-01-30,DPZ,47.98234165,410.33,19688.59
test,2026-01-30,EL.PA,94.59392789,308.5962,29191.32
test,2026-01-30,FICO,17.74496935,1463.17,25963.91
test,2026-01-30,IBE.MC,921.77634618,22.6451,20873.76
test,2026-01-30,ISRG,52.96984387,504.22,26708.45
test,2026-01-30,JPM,139.65613503,305.89,42719.42
test,2026-01-30,LLY,46.52547503,1037.15,48253.9
test,2026-01-30,MELI,24.8230118,2147.79,53314.62
test,2026-01-30,META,90.89669221,716.5,65127.48
test,2026-01-30,MSFT,82.7095662,430.29,35589.1
test,2026-01-30,NVDA,428.95442359,191.13,81986.06
test,2026-01-30,NVO,589.62262913,59.43,35041.27
test,2026-01-30,RACE,54.11841144,333.17,18030.63
test,2026-01-30,RMS.PA,8.02101809,2427.8467,19473.8
test,2026-01-30,STZ,144.96954934,156.7,22716.73
test,2026-01-30,ULTA,49.58595646,647.36,32099.96
test,2026-01-30,V,114.05434968,321.83,36706.11
test,2026-01-30,VICI,711.23753212,28.08,19971.55
test,2026-01-30,VRSK,134.1141744,217.46,29164.47
test,2026-01-30,WM,136.54362152,222.24,30345.46
test,2026-01-30,ZM,231.77656493,92.1,21346.62
test,2026-01-31,AMZN,259.94280433,239.3,62204.31
test,2026-01-31,BABA,272.88852163,169.56,46270.98
test,2026-01-31,BSX,419.5070859,93.53,39236.5
test,2026-01-31,CASH,55000.0,1.0,55000.0
test,2026-01-31,CRCL,252.20679988,63.93,16123.58
test,2026-01-31,CSU.TO,29.08221003,1862.5555,54167.23
test,2026-01-31,DPZ,47.98234165,410.33,19688.59
test,2026-01-31,EL.PA,94.59392789,308.5962,29191.32
test,2026-01-31,FICO,17.74496935,1463.17,25963.91
test,2026-01-31,IBE.MC,921.77634618,22.6451,20873.76
test,2026-01-31,ISRG,52.96984387,504.22,26708.45
test,2026-01-31,JPM,139.65613503,305.89,42719.42
test,2026-01-31,LLY,46.52547503,1037.15,48253.9
test,2026-01-31,MELI,24.8230118,2147.79,53314.62
test,2026-01-31,META,90.89669221,716.5,65127.48
test,2026-01-31,MSFT,82.7095662,430.29,35589.1
test,2026-01-31,NVDA,428.95442359,191.13,81986.06
test,2026-01-31,NVO,589.62262913,59.43,35041.27
test,2026-01-31,RACE,54.11841144,333.17,18030.63
test,2026-01-31,RMS.PA,8.02101809,2427.8467,19473.8
test,2026-01-31,STZ,144.96954934,156.7,22716.73
test,2026-01-31,ULTA,49.58595646,647.36,32099.96
test,2026-01-31,V,114.05434968,321.83,36706.11
test,2026-01-31,VICI,711.23753212,28.08,19971.55
test,2026-01-31,VRSK,134.1141744,217.46,29164.47
test,2026-01-31,WM,136.54362152,222.24,30345.46
test,2026-01-31,ZM,231.77656493,92.1,21346.62
test,2026-02-01,AMZN,259.94280433,239.3,62204.31
test,2026-02-01,BABA,272.88852163,169.56,46270.98
test,2026-02-01,BSX,419.5070859,93.53,39236.5
test,2026-02-01,CASH,55000.0,1.0,55000.0
test,2026-02-01,CRCL,252.20679988,63.93,16123.58
test,2026-02-01,CSU.TO,29.08221003,1862.5555,54167.23
test,2026-02-01,DPZ,47.98234165,410.33,19688.59
test,2026-02-01,EL.PA,94.59392789,308.5962,29191.32
test,2026-02-01,FICO,17.74496935,1463.17,25963.91
test,2026-02-01,IBE.MC,921.77634618,22.6451,20873.76
test,2026-02-01,ISRG,52.96984387,504.22,26708.45
test,2026-02-01,JPM,139.65613503,305.89,42719.42
test,2026-02-01,LLY,46.52547503,1037.15,48253.9
test,2026-02-01,MELI,24.8230118,2147.79,53314.62
test,2026-02-01,META,90.89669221,716.5,65127.48
test,2026-02-01,MSFT,82.7095662,430.29,35589.1
test,2026-02-01,NVDA,428.95442359,191.13,81986.06
test,2026-02-01,NVO,589.62262913,59.43,35041.27
test,2026-02-01,RACE,54.11841144,333.17,18030.63
test,2026-02-01,RMS.PA,8.02101809,2427.8467,19473.8
test,2026-02-01,STZ,144.96954934,156.7,22716.73
test,2026-02-01,ULTA,49.58595646,647.36,32099.96
test,2026-02-01,V,114.05434968,321.83,36706.11
test,2026-02-01,VICI,711.23753212,28.08,19971.55
test,2026-02-01,VRSK,134.1141744,217.46,29164.47
test,2026-02-01,WM,136.54362152,222.24,30345.46
test,2026-02-01,ZM,231.77656493,92.1,21346.62
test,2026-02-02,AMZN,259.94280433,242.96,63155.71
test,2026-02-02,BABA,272.88852163,168.39,45951.7
test,2026-02-02,BSX,419.5070859,91.87,38540.12
test,2026-02-02,CASH,55000.0,1.0,55000.0
test,2026-02-02,CRCL,252.20679988,58.86,14844.89
test,2026-02-02,CSU.TO,29.08221003,1799.8577,52343.84
test,2026-02-02,DPZ,47.98234165,409.22,19635.33
test,2026-02-02,EL.PA,94.59392789,304.1685,28772.49
test,2026-02-02,FICO,17.74496935,1450.91,25746.35
test,2026-02-02,IBE.MC,921.77634618,22.3831,20632.22
test,2026-02-02,ISRG,52.96984387,496.73,26311.71
test,2026-02-02,JPM,139.65613503,308.14,43033.64
test,2026-02-02,LLY,46.52547503,1044.13,48578.64
test,2026-02-02,MELI,24.8230118,2147.22,53300.47
test,2026-02-02,META,90.89669221,706.41,64210.33
test,2026-02-02,MSFT,82.7095662,423.37,35016.75
test,2026-02-02,NVDA,428.95442359,185.61,79618.23
test,2026-02-02,NVO,589.62262913,58.93,34746.46
test,2026-02-02,RACE,54.11841144,336.33,18201.64
test,2026-02-02,RMS.PA,8.02101809,2407.754,19312.63
test,2026-02-02,STZ,144.96954934,155.66,22565.96
test,2026-02-02,ULTA,49.58595646,665.57,33002.93
test,2026-02-02,V,114.05434968,333.84,38075.9
test,2026-02-02,VICI,711.23753212,27.95,19879.09
test,2026-02-02,VRSK,134.1141744,214.15,28720.55
test,2026-02-02,WM,136.54362152,223.16,30471.08
test,2026-02-02,ZM,231.77656493,92.865,21523.93
test,2026-02-03,AMZN,259.94280433,238.62,62027.55
test,2026-02-03,BABA,272.88852163,163.65,44658.2
test,2026-02-03,BSX,419.5070859,91.62,38435.24
test,2026-02-03,CASH,55000.0,1.0,55000.0
test,2026-02-03,CRCL,252.20679988,56.16,14163.93
test,2026-02-03,CSU.TO,29.08221003,1673.9506,48682.19
test,2026-02-03,DPZ,47.98234165,401.11,19246.2
test,2026-02-03,EL.PA,94.59392789,301.9291,28560.66
test,2026-02-03,FICO,17.74496935,1328.0699,23566.56
test,2026-02-03,IBE.MC,921.77634618,22.4117,20658.54
test,2026-02-03,ISRG,52.96984387,478.88,25366.2
test,2026-02-03,JPM,139.65613503,314.85,43970.73
test,2026-02-03,LLY,46.52547503,1003.46,46686.45
test,2026-02-03,MELI,24.8230118,2099.8999,52125.84
test,2026-02-03,META,90.89669221,691.7,62873.24
test,2026-02-03,MSFT,82.7095662,411.21,34011.0
test,2026-02-03,NVDA,428.95442359,180.34,77357.64
test,2026-02-03,NVO,589.62262913,50.3,29658.02
test,2026-02-03,RACE,54.11841144,330.32,17876.39
test,2026-02-03,RMS.PA,8.02101809,2362.1026,18946.47
test,2026-02-03,STZ,144.96954934,160.62,23285.01
test,2026-02-03,ULTA,49.58595646,673.39,33390.69
test,2026-02-03,V,114.05434968,328.93,37515.9
test,2026-02-03,VICI,711.23753212,28.05,19950.21
test,2026-02-03,VRSK,134.1141744,192.49,25815.64
test,2026-02-03,WM,136.54362152,225.09,30734.6
test,2026-02-03,ZM,231.77656493,88.73,20565.54
test,2026-02-04,AMZN,259.94280433,232.99,60564.08
test,2026-02-04,BABA,272.88852163,159.14,43427.48
test,2026-02-04,BSX,419.5070859,75.5,31672.78
test,2026-02-04,CASH,55000.0,1.0,55000.0
test,2026-02-04,CRCL,252.20679988,55.05,13883.98
test,2026-02-04,CSU.TO,29.08221003,1820.476,52943.47
test,2026-02-04,DPZ,47.98234165,401.73,19275.95
test,2026-02-04,EL.PA,94.59392789,307.9286,29128.18
test,2026-02-04,FICO,17.74496935,1386.88,24610.14
test,2026-02-04,IBE.MC,921.77634618,22.6102,20841.54
test,2026-02-04,ISRG,52.96984387,478.49,25345.54
test,2026-02-04,JPM,139.65613503,317.27,44308.7
test,2026-02-04,LLY,46.52547503,1107.12,51509.28
test,2026-02-04,MELI,24.8230118,2052.78,50956.18
test,2026-02-04,META,90.89669221,668.99,60808.98
test,2026-02-04,MSFT,82.7095662,414.19,34257.48
test,2026-02-04,NVDA,428.95442359,174.19,74719.57
test,2026-02-04,NVO,589.62262913,47.19,27824.29
test,2026-02-04,RACE,54.11841144,339.33,18364.0
test,2026-02-04,RMS.PA,8.02101809,2404.5846,19287.22
test,2026-02-04,STZ,144.96954934,166.68,24163.52
test,2026-02-04,ULTA,49.58595646,678.64,33651.01
test,2026-02-04,V,114.05434968,329.95,37632.23
test,2026-02-04,VICI,711.23753212,28.85,20519.2
test,2026-02-04,VRSK,134.1141744,189.51,25415.98
test,2026-02-04,WM,136.54362152,226.43,30917.57
test,2026-02-04,ZM,231.77656493,90.83,21052.27
test,2026-02-05,AMZN,259.94280433,222.69,57886.66
test,2026-02-05,BABA,272.88852163,157.76,43050.89
test,2026-02-05,BSX,419.5070859,77.64,32570.53
test,2026-02-05,CASH,55000.0,1.0,55000.0
test,2026-02-05,CRCL,252.20679988,50.23,12668.35
test,2026-02-05,CSU.TO,29.08221003,1812.2641,52704.65
test,2026-02-05,DPZ,47.98234165,393.43,18877.69
test,2026-02-05,EL.PA,94.59392789,305.1904,28869.16
test,2026-02-05,FICO,17.74496935,1357.34,24085.96
test,2026-02-05,IBE.MC,921.77634618,22.6001,20832.27
test,2026-02-05,ISRG,52.96984387,476.32,25230.6
test,2026-02-05,JPM,139.65613503,310.16,43315.75
test,2026-02-05,LLY,46.52547503,1020.84,47495.07
test,2026-02-05,MELI,24.8230118,2034.76,50508.87
test,2026-02-05,META,90.89669221,670.21,60919.87
test,2026-02-05,MSFT,82.7095662,393.67,32560.28
test,2026-02-05,NVDA,428.95442359,171.88,73728.69
test,2026-02-05,NVO,589.62262913,43.34,25554.24
test,2026-02-05,RACE,54.11841144,334.76,18116.68
test,2026-02-05,RMS.PA,8.02101809,2418.1557,19396.07
test,2026-02-05,STZ,144.96954934,165.57,24002.61
test,2026-02-05,ULTA,49.58595646,677.91,33614.81
test,2026-02-05,V,114.05434968,329.13,37538.71
test,2026-02-05,VICI,711.23753212,28.74,20440.97
test,2026-02-05,VRSK,134.1141744,184.68,24768.2
test,2026-02-05,WM,136.54362152,226.6,30940.79
test,2026-02-05,ZM,231.77656493,89.08,20646.66
test,2026-02-06,AMZN,259.94280433,210.32,54671.17
test,2026-02-06,BABA,272.88852163,162.51,44347.11
test,2026-02-06,BSX,419.5070859,76.27,31995.8
test,2026-02-06,CASH,55000.0,1.0,55000.0
test,2026-02-06,CRCL,252.20679988,57.04,14385.88
test,2026-02-06,CSU.TO,29.08221003,1775.0763,51623.14
test,2026-02-06,DPZ,47.98234165,394.88,18947.27
test,2026-02-06,EL.PA,94.59392789,300.4535,28421.08
test,2026-02-06,FICO,17.74496935,1391.0,24683.25
test,2026-02-06,IBE.MC,921.77634618,22.8078,21023.73
test,2026-02-06,ISRG,52.96984387,488.15,25857.23
test,2026-02-06,JPM,139.65613503,322.4,45025.14
test,2026-02-06,LLY,46.52547503,1058.1801,49232.33
test,2026-02-06,MELI,24.8230118,1970.15,48905.06
test,2026-02-06,META,90.89669221,661.46,60124.53
test,2026-02-06,MSFT,82.7095662,401.14,33178.12
test,2026-02-06,NVDA,428.95442359,185.41,79532.44
test,2026-02-06,NVO,589.62262913,47.64,28089.62
test,2026-02-06,RACE,54.11841144,333.79,18064.19
test,2026-02-06,RMS.PA,8.02101809,2420.3522,19413.69
test,2026-02-06,STZ,144.96954934,164.33,23822.85
test,2026-02-06,ULTA,49.58595646,690.37,34232.66
test,2026-02-06,V,114.05434968,331.58,37818.14
test,2026-02-06,VICI,711.23753212,28.76,20455.19
test,2026-02-06,VRSK,134.1141744,179.1,24019.85
test,2026-02-06,WM,136.54362152,226.79,30966.73
test,2026-02-06,ZM,231.77656493,92.2,21369.8
test,2026-02-07,AMZN,259.94280433,210.32,54671.17
test,2026-02-07,BABA,272.88852163,162.51,44347.11
test,2026-02-07,BSX,419.5070859,76.27,31995.8
test,2026-02-07,CASH,55000.0,1.0,55000.0
test,2026-02-07,CRCL,252.20679988,57.04,14385.88
test,2026-02-07,CSU.TO,29.08221003,1775.0763,51623.14
test,2026-02-07,DPZ,47.98234165,394.88,18947.27
test,2026-02-07,EL.PA,94.59392789,300.4535,28421.08
test,2026-02-07,FICO,17.74496935,1391.0,24683.25
test,2026-02-07,IBE.MC,921.77634618,22.8078,21023.73
test,2026-02-07,ISRG,52.96984387,488.15,25857.23
test,2026-02-07,JPM,139.65613503,322.4,45025.14
test,2026-02-07,LLY,46.52547503,1058.1801,49232.33
test,2026-02-07,MELI,24.8230118,1970.15,48905.06
test,2026-02-07,META,90.89669221,661.46,60124.53
test,2026-02-07,MSFT,82.7095662,401.14,33178.12
test,2026-02-07,NVDA,428.95442359,185.41,79532.44
test,2026-02-07,NVO,589.62262913,47.64,28089.62
test,2026-02-07,RACE,54.11841144,333.79,18064.19
test,2026-02-07,RMS.PA,8.02101809,2420.3522,19413.69
test,2026-02-07,STZ,144.96954934,164.33,23822.85
test,2026-02-07,ULTA,49.58595646,690.37,34232.66
test,2026-02-07,V,114.05434968,331.58,37818.14
test,2026-02-07,VICI,711.23753212,28.76,20455.19
test,2026-02-07,VRSK,134.1141744,179.1,24019.85
test,2026-02-07,WM,136.54362152,226.79,30966.73
test,2026-02-07,ZM,231.77656493,92.2,21369.8
test,2026-02-08,AMZN,259.94280433,210.32,54671.17
test,2026-02-08,BABA,272.88852163,162.51,44347.11
test,2026-02-08,BSX,419.5070859,76.27,31995.8
test,2026-02-08,CASH,55000.0,1.0,55000.0
test,2026-02-08,CRCL,252.20679988,57.04,14385.88
test,2026-02-08,CSU.TO,29.08221003,1775.0763,51623.14
test,2026-02-08,DPZ,47.98234165,394.88,18947.27
test,2026-02-08,EL.PA,94.59392789,300.4535,28421.08
test,2026-02-08,FICO,17.74496935,1391.0,24683.25
test,2026-02-08,IBE.MC,921.77634618,22.8078,21023.73
test,2026-02-08,ISRG,52.96984387,488.15,25857.23
test,2026-02-08,JPM,139.65613503,322.4,45025.14
test,2026-02-08,LLY,46.52547503,1058.1801,49232.33
test,2026-02-08,MELI,24.8230118,1970.15,48905.06
test,2026-02-08,META,90.89669221,661.46,60124.53
test,2026-02-08,MSFT,82.7095662,401.14,33178.12
test,2026-02-08,NVDA,428.95442359,185.41,79532.44
test,2026-02-08,NVO,589.62262913,47.64,28089.62
test,2026-02-08,RACE,54.11841144,333.79,18064.19
test,2026-02-08,RMS.PA,8.02101809,2420.3522,19413.69
test,2026-02-08,STZ,144.96954934,164.33,23822.85
test,2026-02-08,ULTA,49.58595646,690.37,34232.66
test,2026-02-08,V,114.05434968,331.58,37818.14
test,2026-02-08,VICI,711.23753212,28.76,20455.19
test,2026-02-08,VRSK,134.1141744,179.1,24019.85
test,2026-02-08,WM,136.54362152,226.79,30966.73
test,2026-02-08,ZM,231.77656493,92.2,21369.8
test,2026-02-09,AMZN,259.94280433,208.72,54255.26
test,2026-02-09,BABA,272.88852163,163.0,44480.83
test,2026-02-09,BSX,419.5070859,74.12,31093.87
test,2026-02-09,CASH,55000.0,1.0,55000.0
test,2026-02-09,CRCL,252.20679988,60.1,15157.63
test,2026-02-09,CSU.TO,29.08221003,1808.3667,52591.3
test,2026-02-09,DPZ,47.98234165,392.16,18816.76
test,2026-02-09,EL.PA,94.59392789,301.3209,28503.13
test,2026-02-09,FICO,17.74496935,1372.76,24359.58
test,2026-02-09,IBE.MC,921.77634618,23.1312,21321.82
test,2026-02-09,ISRG,52.96984387,492.84,26105.66
test,2026-02-09,JPM,139.65613503,322.1,44983.24
test,2026-02-09,LLY,46.52547503,1044.67,48603.77
test,2026-02-09,MELI,24.8230118,2035.59,50529.47
test,2026-02-09,META,90.89669221,677.22,61557.06
test,2026-02-09,MSFT,82.7095662,413.6,34208.68
test,2026-02-09,NVDA,428.95442359,190.04,81518.5
test,2026-02-09,NVO,589.62262913,49.37,29109.67
test,2026-02-09,RACE,54.11841144,336.13,18190.82
test,2026-02-09,RMS.PA,8.02101809,2450.302,19653.92
test,2026-02-09,STZ,144.96954934,163.61,23718.47
test,2026-02-09,ULTA,49.58595646,696.25,34524.22
test,2026-02-09,V,114.05434968,325.58,37133.81
test,2026-02-09,VICI,711.23753212,29.06,20668.56
test,2026-02-09,VRSK,134.1141744,178.2,23899.15
test,2026-02-09,WM,136.54362152,230.5,31473.3
test,2026-02-09,ZM,231.77656493,95.39,22109.17
test,2026-02-10,AMZN,259.94280433,206.96,53797.76
test,2026-02-10,BABA,272.88852163,166.51,45438.67
test,2026-02-10,BSX,419.5070859,74.25,31148.4
test,2026-02-10,CASH,55000.0,1.0,55000.0
test,2026-02-10,CRCL,252.20679988,59.75,15069.36
test,2026-02-10,CSU.TO,29.08221003,1799.1181,52322.33
test,2026-02-10,DPZ,47.98234165,389.73,18700.16
test,2026-02-10,EL.PA,94.59392789,298.1965,28207.59
test,2026-02-10,FICO,17.74496935,1380.6801,24500.13
test,2026-02-10,IBE.MC,921.77634618,23.32,21495.86
test,2026-02-10,ISRG,52.96984387,495.15,26228.02
test,2026-02-10,JPM,139.65613503,318.28,44449.75
test,2026-02-10,LLY,46.52547503,1025.0,47688.61
test,2026-02-10,MELI,24.8230118,2025.3199,50274.54
test,2026-02-10,META,90.89669221,670.72,60966.23
test,2026-02-10,MSFT,82.7095662,413.27,34181.38
test,2026-02-10,NVDA,428.95442359,188.54,80875.06
test,2026-02-10,NVO,589.62262913,49.12,28962.26
test,2026-02-10,RACE,54.11841144,363.22,19656.89
test,2026-02-10,RMS.PA,8.02101809,2528.421,20280.51
test,2026-02-10,STZ,144.96954934,165.63,24011.31
test,2026-02-10,ULTA,49.58595646,679.28,33682.75
test,2026-02-10,V,114.05434968,328.17,37429.22
test,2026-02-10,VICI,711.23753212,29.25,20803.7
test,2026-02-10,VRSK,134.1141744,169.47,22728.33
test,2026-02-10,WM,136.54362152,231.72,31639.89
test,2026-02-10,ZM,231.77656493,94.99,22016.46
test,2026-02-11,AMZN,259.94280433,204.08,53049.13
test,2026-02-11,BABA,272.88852163,164.32,44841.04
test,2026-02-11,BSX,419.5070859,73.47,30821.19
test,2026-02-11,CASH,55000.0,1.0,55000.0
test,2026-02-11,CRCL,252.20679988,57.86,14592.69
test,2026-02-11,CSU.TO,29.08221003,1715.1121,49879.25
test,2026-02-11,DPZ,47.98234165,384.0,18425.22
test,2026-02-11,EL.PA,94.59392789,298.1916,28207.11
test,2026-02-11,FICO,17.74496935,1363.3101,24191.9
test,2026-02-11,IBE.MC,921.77634618,23.7792,21919.13
test,2026-02-11,ISRG,52.96984387,496.12,26279.4
test,2026-02-11,JPM,139.65613503,310.82,43407.92
test,2026-02-11,LLY,46.52547503,1015.21,47233.13
test,2026-02-11,MELI,24.8230118,2018.1801,50097.31
test,2026-02-11,META,90.89669221,668.69,60781.71
test,2026-02-11,MSFT,82.7095662,404.37,33445.27
test,2026-02-11,NVDA,428.95442359,190.05,81522.79
test,2026-02-11,NVO,589.62262913,48.74,28738.21
test,2026-02-11,RACE,54.11841144,382.96,20725.19
test,2026-02-11,RMS.PA,8.02101809,2520.5989,20217.77
test,2026-02-11,STZ,144.96954934,163.2,23659.03
test,2026-02-11,ULTA,49.58595646,683.05,33869.69
test,2026-02-11,V,114.05434968,329.24,37551.25
test,2026-02-11,VICI,711.23753212,29.17,20746.8
test,2026-02-11,VRSK,134.1141744,173.77,23305.02
test,2026-02-11,WM,136.54362152,234.66,32041.33
test,2026-02-11,ZM,231.77656493,92.15,21358.21
test,2026-02-12,AMZN,259.94280433,199.6,51884.59
test,2026-02-12,BABA,272.88852163,158.73,43315.59
test,2026-02-12,BSX,419.5070859,74.12,31093.87
test,2026-02-12,CASH,55000.0,1.0,55000.0
test,2026-02-12,CRCL,252.20679988,56.63,14282.47
test,2026-02-12,CSU.TO,29.08221003,1694.602,49282.77
test,2026-02-12,DPZ,47.98234165,381.78,18318.7
test,2026-02-12,EL.PA,94.59392789,310.3215,29354.53
test,2026-02-12,FICO,17.74496935,1337.64,23736.38
test,2026-02-12,IBE.MC,921.77634618,23.764,21905.1
test,2026-02-12,ISRG,52.96984387,478.6,25351.37
test,2026-02-12,JPM,139.65613503,302.64,42265.53
test,2026-02-12,LLY,46.52547503,1038.27,48306.01
test,2026-02-12,MELI,24.8230118,2007.0,49819.78
test,2026-02-12,META,90.89669221,649.81,59065.58
test,2026-02-12,MSFT,82.7095662,401.84,33236.01
test,2026-02-12,NVDA,428.95442359,186.94,80188.74
test,2026-02-12,NVO,589.62262913,48.93,28850.24
test,2026-02-12,RACE,54.11841144,391.21,21171.66
test,2026-02-12,RMS.PA,8.02101809,2581.8559,20709.11
test,2026-02-12,STZ,144.96954934,162.36,23537.26
test,2026-02-12,ULTA,49.58595646,667.18,33082.76
test,2026-02-12,V,114.05434968,324.18,36974.14
test,2026-02-12,VICI,711.23753212,29.06,20668.56
test,2026-02-12,VRSK,134.1141744,179.0,24006.44
test,2026-02-12,WM,136.54362152,231.01,31542.94
test,2026-02-12,ZM,231.77656493,92.24,21379.07
test,2026-02-13,AMZN,259.94280433,198.79,51674.03
test,2026-02-13,BABA,272.88852163,155.73,42496.93
test,2026-02-13,BSX,419.5070859,74.73,31349.77
test,2026-02-13,CASH,55000.0,1.0,55000.0
test,2026-02-13,CRCL,252.20679988,60.04,15142.5
test,2026-02-13,CSU.TO,29.08221003,1731.4832,50355.36
test,2026-02-13,DPZ,47.98234165,375.5,18017.37
test,2026-02-13,EL.PA,94.59392789,306.562,28998.9
test,2026-02-13,FICO,17.74496935,1344.74,23862.37
test,2026-02-13,IBE.MC,921.77634618,23.8081,21945.75
test,2026-02-13,ISRG,52.96984387,485.84,25734.87
test,2026-02-13,JPM,139.65613503,302.55,42252.96
test,2026-02-13,LLY,46.52547503,1040.0,48386.49
test,2026-02-13,MELI,24.8230118,1988.26,49354.6
test,2026-02-13,META,90.89669221,639.77,58152.98
test,2026-02-13,MSFT,82.7095662,401.32,33193.0
test,2026-02-13,NVDA,428.95442359,182.81,78417.16
test,2026-02-13,NVO,589.62262913,49.57,29227.59
test,2026-02-13,RACE,54.11841144,379.08,20515.21
test,2026-02-13,RMS.PA,8.02101809,2548.1561,20438.81
test,2026-02-13,STZ,144.96954934,149.3,21643.95
test,2026-02-13,ULTA,49.58595646,683.4,33887.04
test,2026-02-13,V,114.05434968,314.08,35822.19
test,2026-02-13,VICI,711.23753212,29.3,20839.26
test,2026-02-13,VRSK,134.1141744,181.21,24302.83
test,2026-02-13,WM,136.54362152,234.52,32022.21
test,2026-02-13,ZM,231.77656493,92.6,21462.51
test,2026-02-14,AMZN,259.94280433,198.79,51674.03
test,2026-02-14,BABA,272.88852163,155.73,42496.93
test,2026-02-14,BSX,419.5070859,74.73,31349.77
test,2026-02-14,CASH,55000.0,1.0,55000.0
test,2026-02-14,CRCL,252.20679988,60.04,15142.5
test,2026-02-14,CSU.TO,29.08221003,1731.4832,50355.36
test,2026-02-14,DPZ,47.98234165,375.5,18017.37
test,2026-02-14,EL.PA,94.59392789,306.562,28998.9
test,2026-02-14,FICO,17.74496935,1344.74,23862.37
test,2026-02-14,IBE.MC,921.77634618,23.8081,21945.75
test,2026-02-14,ISRG,52.96984387,485.84,25734.87
test,2026-02-14,JPM,139.65613503,302.55,42252.96
test,2026-02-14,LLY,46.52547503,1040.0,48386.49
test,2026-02-14,MELI,24.8230118,1988.26,49354.6
test,2026-02-14,META,90.89669221,639.77,58152.98
test,2026-02-14,MSFT,82.7095662,401.32,33193.0
test,2026-02-14,NVDA,428.95442359,182.81,78417.16
test,2026-02-14,NVO,589.62262913,49.57,29227.59
test,2026-02-14,RACE,54.11841144,379.08,20515.21
test,2026-02-14,RMS.PA,8.02101809,2548.1561,20438.81
test,2026-02-14,STZ,144.96954934,149.3,21643.95
test,2026-02-14,ULTA,49.58595646,683.4,33887.04
test,2026-02-14,V,114.05434968,314.08,35822.19
test,2026-02-14,VICI,711.23753212,29.3,20839.26
test,2026-02-14,VRSK,134.1141744,181.21,24302.83
test,2026-02-14,WM,136.54362152,234.52,32022.21
test,2026-02-14,ZM,231.77656493,92.6,21462.51
test,2026-02-15,AMZN,259.94280433,198.79,51674.03
test,2026-02-15,BABA,272.88852163,155.73,42496.93
test,2026-02-15,BSX,419.5070859,74.73,31349.77
test,2026-02-15,CASH,55000.0,1.0,55000.0
test,2026-02-15,CRCL,252.20679988,60.04,15142.5
test,2026-02-15,CSU.TO,29.08221003,1731.4832,50355.36
test,2026-02-15,DPZ,47.98234165,375.5,18017.37
test,2026-02-15,EL.PA,94.59392789,306.562,28998.9
test,2026-02-15,FICO,17.74496935,1344.74,23862.37
test,2026-02-15,IBE.MC,921.77634618,23.8081,21945.75
test,2026-02-15,ISRG,52.96984387,485.84,25734.87
test,2026-02-15,JPM,139.65613503,302.55,42252.96
test,2026-02-15,LLY,46.52547503,1040.0,48386.49
test,2026-02-15,MELI,24.8230118,1988.26,49354.6
test,2026-02-15,META,90.89669221,639.77,58152.98
test,2026-02-15,MSFT,82.7095662,401.32,33193.0
test,2026-02-15,NVDA,428.95442359,182.81,78417.16
test,2026-02-15,NVO,589.62262913,49.57,29227.59
test,2026-02-15,RACE,54.11841144,379.08,20515.21
test,2026-02-15,RMS.PA,8.02101809,2548.1561,20438.81
test,2026-02-15,STZ,144.96954934,149.3,21643.95
test,2026-02-15,ULTA,49.58595646,683.4,33887.04
test,2026-02-15,V,114.05434968,314.08,35822.19
test,2026-02-15,VICI,711.23753212,29.3,20839.26
test,2026-02-15,VRSK,134.1141744,181.21,24302.83
test,2026-02-15,WM,136.54362152,234.52,32022.21
test,2026-02-15,ZM,231.77656493,92.6,21462.51
test,2026-02-16,AMZN,259.94280433,198.79,51674.03
test,2026-02-16,BABA,272.88852163,155.73,42496.93
test,2026-02-16,BSX,419.5070859,74.73,31349.77
test,2026-02-16,CASH,55000.0,1.0,55000.0
test,2026-02-16,CRCL,252.20679988,60.04,15142.5
test,2026-02-16,CSU.TO,29.08221003,1730.5679,50328.74
test,2026-02-16,DPZ,47.98234165,375.5,18017.37
test,2026-02-16,EL.PA,94.59392789,291.5836,27582.04
test,2026-02-16,FICO,17.74496935,1344.74,23862.37
test,2026-02-16,IBE.MC,921.77634618,23.818,21954.87
test,2026-02-16,ISRG,52.96984387,485.84,25734.87
test,2026-02-16,JPM,139.65613503,302.55,42252.96
test,2026-02-16,LLY,46.52547503,1040.0,48386.49
test,2026-02-16,MELI,24.8230118,1988.26,49354.6
test,2026-02-16,META,90.89669221,639.77,58152.98
test,2026-02-16,MSFT,82.7095662,401.32,33193.0
test,2026-02-16,NVDA,428.95442359,182.81,78417.16
test,2026-02-16,NVO,589.62262913,49.57,29227.59
test,2026-02-16,RACE,54.11841144,379.08,20515.21
test,2026-02-16,RMS.PA,8.02101809,2468.4327,19799.35
test,2026-02-16,STZ,144.96954934,149.3,21643.95
test,2026-02-16,ULTA,49.58595646,683.4,33887.04
test,2026-02-16,V,114.05434968,314.08,35822.19
test,2026-02-16,VICI,711.23753212,29.3,20839.26
test,2026-02-16,VRSK,134.1141744,181.21,24302.83
test,2026-02-16,WM,136.54362152,234.52,32022.21
test,2026-02-16,ZM,231.77656493,92.6,21462.51
test,2026-02-17,AMZN,259.94280433,201.15,52287.49
test,2026-02-17,BABA,272.88852163,155.43,42415.06
test,2026-02-17,BSX,419.5070859,76.29,32004.2
test,2026-02-17,CASH,55000.0,1.0,55000.0
test,2026-02-17,CRCL,252.20679988,61.62,15540.98
test,2026-02-17,CSU.TO,29.08221003,1656.0184,48160.67
test,2026-02-17,DPZ,47.98234165,373.5,17921.4
test,2026-02-17,EL.PA,94.59392789,288.0707,27249.74
test,2026-02-17,FICO,17.74496935,1351.6,23984.1
test,2026-02-17,IBE.MC,921.77634618,23.8064,21944.2
test,2026-02-17,ISRG,52.96984387,493.35,26132.67
test,2026-02-17,JPM,139.65613503,307.13,42892.59
test,2026-02-17,LLY,46.52547503,1036.05,48202.72
test,2026-02-17,MELI,24.8230118,1975.51,49038.11
test,2026-02-17,META,90.89669221,639.29,58109.34
test,2026-02-17,MSFT,82.7095662,396.86,32824.12
test,2026-02-17,NVDA,428.95442359,184.97,79343.7
test,2026-02-17,NVO,589.62262913,49.37,29109.67
test,2026-02-17,RACE,54.11841144,374.99,20293.86
test,2026-02-17,RMS.PA,8.02101809,2455.2962,19693.98
test,2026-02-17,STZ,144.96954934,152.7,22136.85
test,2026-02-17,ULTA,49.58595646,706.82,35048.35
test,2026-02-17,V,114.05434968,319.5,36440.36
test,2026-02-17,VICI,711.23753212,29.86,21237.55
test,2026-02-17,VRSK,134.1141744,177.3,23778.44
test,2026-02-17,WM,136.54362152,235.22,32117.79
test,2026-02-17,ZM,231.77656493,88.65,20546.99
test,2026-02-18,AMZN,259.94280433,204.79,53233.69
test,2026-02-18,BABA,272.88852163,155.77,42507.85
test,2026-02-18,BSX,419.5070859,76.28,32000.0
test,2026-02-18,CASH,55000.0,1.0,55000.0
test,2026-02-18,CRCL,252.20679988,63.15,15926.86
test,2026-02-18,CSU.TO,29.08221003,1742.9478,50688.78
test,2026-02-18,DPZ,47.98234165,382.99,18376.76
test,2026-02-18,EL.PA,94.59392789,279.8222,26469.48
test,2026-02-18,FICO,17.74496935,1366.9301,24256.13
test,2026-02-18,IBE.MC,921.77634618,23.763,21904.14
test,2026-02-18,ISRG,52.96984387,500.76,26525.18
test,2026-02-18,JPM,139.65613503,308.78,43123.02
test,2026-02-18,LLY,46.52547503,1020.56,47482.04
test,2026-02-18,MELI,24.8230118,2009.05,49870.67
test,2026-02-18,META,90.89669221,643.22,58466.57
test,2026-02-18,MSFT,82.7095662,399.6,33050.74
test,2026-02-18,NVDA,428.95442359,187.98,80634.85
test,2026-02-18,NVO,589.62262913,49.23,29027.12
test,2026-02-18,RACE,54.11841144,366.43,19830.61
test,2026-02-18,RMS.PA,8.02101809,2452.1482,19668.72
test,2026-02-18,STZ,144.96954934,156.29,22657.29
test,2026-02-18,ULTA,49.58595646,689.42,34185.55
test,2026-02-18,V,114.05434968,320.3,36531.61
test,2026-02-18,VICI,711.23753212,29.72,21137.98
test,2026-02-18,VRSK,134.1141744,184.07,24686.4
test,2026-02-18,WM,136.54362152,234.06,31959.4
test,2026-02-18,ZM,231.77656493,91.12,21119.48
test,2026-02-19,AMZN,259.94280433,204.86,53251.88
test,2026-02-19,BABA,272.88852163,154.27,42098.51
test,2026-02-19,BSX,419.5070859,75.72,31765.08
test,2026-02-19,CASH,55000.0,1.0,55000.0
test,2026-02-19,CRCL,252.20679988,61.92,15616.64
test,2026-02-19,CSU.TO,29.08221003,1763.5168,51286.97
test,2026-02-19,DPZ,47.98234165,385.13,18479.44
test,2026-02-19,EL.PA,94.59392789,274.68,25983.05
test,2026-02-19,FICO,17.74496935,1352.73,24004.15
test,2026-02-19,IBE.MC,921.77634618,23.0118,21211.74
test,2026-02-19,ISRG,52.96984387,499.53,26460.03
test,2026-02-19,JPM,139.65613503,308.05,43021.07
test,2026-02-19,LLY,46.52547503,1023.22,47605.8
test,2026-02-19,MELI,24.8230118,1996.55,49560.39
test,2026-02-19,META,90.89669221,644.78,58608.37
test,2026-02-19,MSFT,82.7095662,398.46,32956.45
test,2026-02-19,NVDA,428.95442359,187.9,80600.53
test,2026-02-19,NVO,589.62262913,48.45,28567.22
test,2026-02-19,RACE,54.11841144,366.5,19834.4
test,2026-02-19,RMS.PA,8.02101809,2403.7443,19280.48
test,2026-02-19,STZ,144.96954934,154.64,22418.09
test,2026-02-19,ULTA,49.58595646,692.79,34352.65
test,2026-02-19,V,114.05434968,318.93,36375.35
test,2026-02-19,VICI,711.23753212,29.87,21244.67
test,2026-02-19,VRSK,134.1141744,183.89,24662.26
test,2026-02-19,WM,136.54362152,233.42,31872.01
test,2026-02-19,ZM,231.77656493,90.96,21082.4
test,2026-02-20,AMZN,259.94280433,210.11,54616.58
test,2026-02-20,BABA,272.88852163,154.45,42147.63
test,2026-02-20,BSX,419.5070859,74.58,31286.84
test,2026-02-20,CASH,55000.0,1.0,55000.0
test,2026-02-20,CRCL,252.20679988,63.02,15894.07
test,2026-02-20,CSU.TO,29.08221003,1816.7286,52834.48
test,2026-02-20,DPZ,47.98234165,384.61,18454.49
test,2026-02-20,EL.PA,94.59392789,280.3408,26518.54
test,2026-02-20,FICO,17.74496935,1350.45,23963.69
test,2026-02-20,IBE.MC,921.77634618,23.2617,21442.08
test,2026-02-20,ISRG,52.96984387,504.05,26699.45
test,2026-02-20,JPM,139.65613503,310.79,43403.73
test,2026-02-20,LLY,46.52547503,1009.52,46968.4
test,2026-02-20,MELI,24.8230118,1996.87,49568.33
test,2026-02-20,META,90.89669221,655.66,59597.32
test,2026-02-20,MSFT,82.7095662,397.23,32854.72
test,2026-02-20,NVDA,428.95442359,189.82,81424.13
test,2026-02-20,NVO,589.62262913,47.42,27959.9
test,2026-02-20,RACE,54.11841144,366.95,19858.75
test,2026-02-20,RMS.PA,8.02101809,2485.6416,19937.38
test,2026-02-20,STZ,144.96954934,156.41,22674.69
test,2026-02-20,ULTA,49.58595646,682.89,33861.75
test,2026-02-20,V,114.05434968,320.95,36605.74
test,2026-02-20,VICI,711.23753212,30.09,21401.14
test,2026-02-20,VRSK,134.1141744,182.5,24475.84
test,2026-02-20,WM,136.54362152,230.31,31447.36
test,2026-02-20,ZM,231.77656493,90.29,20927.11
test,2026-02-21,AMZN,259.94280433,210.11,54616.58
test,2026-02-21,BABA,272.88852163,154.45,42147.63
test,2026-02-21,BSX,419.5070859,74.58,31286.84
test,2026-02-21,CASH,55000.0,1.0,55000.0
test,2026-02-21,CRCL,252.20679988,63.02,15894.07
test,2026-02-21,CSU.TO,29.08221003,1816.7286,52834.48
test,2026-02-21,DPZ,47.98234165,384.61,18454.49
test,2026-02-21,EL.PA,94.59392789,280.3408,26518.54
test,2026-02-21,FICO,17.74496935,1350.45,23963.69
test,2026-02-21,IBE.MC,921.77634618,23.2617,21442.08
test,2026-02-21,ISRG,52.96984387,504.05,26699.45
test,2026-02-21,JPM,139.65613503,310.79,43403.73
test,2026-02-21,LLY,46.52547503,1009.52,46968.4
test,2026-02-21,MELI,24.8230118,1996.87,49568.33
test,2026-02-21,META,90.89669221,655.66,59597.32
test,2026-02-21,MSFT,82.7095662,397.23,32854.72
test,2026-02-21,NVDA,428.95442359,189.82,81424.13
test,2026-02-21,NVO,589.62262913,47.42,27959.9
test,2026-02-21,RACE,54.11841144,366.95,19858.75
test,2026-02-21,RMS.PA,8.02101809,2485.6416,19937.38
test,2026-02-21,STZ,144.96954934,156.41,22674.69
test,2026-02-21,ULTA,49.58595646,682.89,33861.75
test,2026-02-21,V,114.05434968,320.95,36605.74
test,2026-02-21,VICI,711.23753212,30.09,21401.14
test,2026-02-21,VRSK,134.1141744,182.5,24475.84
test,2026-02-21,WM,136.54362152,230.31,31447.36
test,2026-02-21,ZM,231.77656493,90.29,20927.11
test,2026-02-22,AMZN,259.94280433,210.11,54616.58
test,2026-02-22,BABA,272.88852163,154.45,42147.63
test,2026-02-22,BSX,419.5070859,74.58,31286.84
test,2026-02-22,CASH,55000.0,1.0,55000.0
test,2026-02-22,CRCL,252.20679988,63.02,15894.07
test,2026-02-22,CSU.TO,29.08221003,1816.7286,52834.48
test,2026-02-22,DPZ,47.98234165,384.61,18454.49
test,2026-02-22,EL.PA,94.59392789,280.3408,26518.54
test,2026-02-22,FICO,17.74496935,1350.45,23963.69
test,2026-02-22,IBE.MC,921.77634618,23.2617,21442.08
test,2026-02-22,ISRG,52.96984387,504.05,26699.45
test,2026-02-22,JPM,139.65613503,310.79,43403.73
test,2026-02-22,LLY,46.52547503,1009.52,46968.4
test,2026-02-22,MELI,24.8230118,1996.87,49568.33
test,2026-02-22,META,90.89669221,655.66,59597.32
test,2026-02-22,MSFT,82.7095662,397.23,32854.72
test,2026-02-22,NVDA,428.95442359,189.82,81424.13
test,2026-02-22,NVO,589.62262913,47.42,27959.9
test,2026-02-22,RACE,54.11841144,366.95,19858.75
test,2026-02-22,RMS.PA,8.02101809,2485.6416,19937.38
test,2026-02-22,STZ,144.96954934,156.41,22674.69
test,2026-02-22,ULTA,49.58595646,682.89,33861.75
test,2026-02-22,V,114.05434968,320.95,36605.74
test,2026-02-22,VICI,711.23753212,30.09,21401.14
test,2026-02-22,VRSK,134.1141744,182.5,24475.84
test,2026-02-22,WM,136.54362152,230.31,31447.36
test,2026-02-22,ZM,231.77656493,90.29,20927.11
test,2026-02-23,AMZN,259.94280433,205.27,53358.46
test,2026-02-23,BABA,272.88852163,152.78,41691.91
test,2026-02-23,BSX,419.5070859,74.37,31198.74
test,2026-02-23,CASH,55000.0,1.0,55000.0
test,2026-02-23,CRCL,252.20679988,61.17,15427.49
test,2026-02-23,CSU.TO,29.08221003,1763.5417,51287.69
test,2026-02-23,DPZ,47.98234165,400.36,19210.21
test,2026-02-23,EL.PA,94.59392789,279.2999,26420.07
test,2026-02-23,FICO,17.74496935,1281.64,22742.66
test,2026-02-23,IBE.MC,921.77634618,23.492,21654.34
test,2026-02-23,ISRG,52.96984387,492.1,26066.46
test,2026-02-23,JPM,139.65613503,297.67,41571.44
test,2026-02-23,LLY,46.52547503,1058.5601,49250.01
test,2026-02-23,MELI,24.8230118,1864.46,46281.51
test,2026-02-23,META,90.89669221,637.25,57923.92
test,2026-02-23,MSFT,82.7095662,384.47,31799.35
test,2026-02-23,NVDA,428.95442359,191.55,82166.22
test,2026-02-23,NVO,589.62262913,39.63,23366.75
test,2026-02-23,RACE,54.11841144,358.42,19397.12
test,2026-02-23,RMS.PA,8.02101809,2492.3961,19991.56
test,2026-02-23,STZ,144.96954934,159.42,23111.05
test,2026-02-23,ULTA,49.58595646,669.87,33216.14
test,2026-02-23,V,114.05434968,306.52,34959.94
test,2026-02-23,VICI,711.23753212,30.22,21493.6
test,2026-02-23,VRSK,134.1141744,181.6,24355.13
test,2026-02-23,WM,136.54362152,230.56,31481.5
test,2026-02-23,ZM,231.77656493,86.06,19946.69
test,2026-02-24,AMZN,259.94280433,208.56,54213.67
test,2026-02-24,BABA,272.88852163,153.11,41781.96
test,2026-02-24,BSX,419.5070859,75.15,31525.96
test,2026-02-24,CASH,55000.0,1.0,55000.0
test,2026-02-24,CRCL,252.20679988,61.37,15477.93
test,2026-02-24,CSU.TO,29.08221003,1729.5784,50299.96
test,2026-02-24,DPZ,47.98234165,414.2,19874.29
test,2026-02-24,EL.PA,94.59392789,276.5656,26161.43
test,2026-02-24,FICO,17.74496935,1227.63,21784.26
test,2026-02-24,IBE.MC,921.77634618,23.6467,21796.93
test,2026-02-24,ISRG,52.96984387,494.02,26168.16
test,2026-02-24,JPM,139.65613503,297.3,41519.77
test,2026-02-24,LLY,46.52547503,1042.15,48486.52
test,2026-02-24,MELI,24.8230118,1922.5601,47723.73
test,2026-02-24,META,90.89669221,639.3,58110.25
test,2026-02-24,MSFT,82.7095662,389.0,32174.02
test,2026-02-24,NVDA,428.95442359,192.85,82723.86
test,2026-02-24,NVO,589.62262913,38.59,22753.54
test,2026-02-24,RACE,54.11841144,373.92,20235.96
test,2026-02-24,RMS.PA,8.02101809,2453.1194,19676.52
test,2026-02-24,STZ,144.96954934,160.07,23205.28
test,2026-02-24,ULTA,49.58595646,686.44,34037.78
test,2026-02-24,V,114.05434968,307.22,35039.78
test,2026-02-24,VICI,711.23753212,30.28,21536.27
test,2026-02-24,VRSK,134.1141744,191.17,25638.61
test,2026-02-24,WM,136.54362152,229.58,31347.68
test,2026-02-24,ZM,231.77656493,87.51,20282.77
test,2026-02-25,AMZN,259.94280433,210.64,54754.35
test,2026-02-25,BABA,272.88852163,152.28,41555.46
test,2026-02-25,BSX,419.5070859,73.48,30825.38
test,2026-02-25,CASH,55000.0,1.0,55000.0
test,2026-02-25,CRCL,252.20679988,83.14,20968.47
test,2026-02-25,CSU.TO,29.08221003,1795.2892,52210.98
test,2026-02-25,DPZ,47.98234165,403.94,19381.99
test,2026-02-25,EL.PA,94.59392789,279.1908,26409.76
test,2026-02-25,FICO,17.74496935,1300.9399,23085.14
test,2026-02-25,IBE.MC,921.77634618,23.9626,22088.16
test,2026-02-25,ISRG,52.96984387,506.17,26811.75
test,2026-02-25,JPM,139.65613503,303.3,42357.7
test,2026-02-25,LLY,46.52547503,1028.83,47866.8
test,2026-02-25,MELI,24.8230118,1767.71,43879.89
test,2026-02-25,META,90.89669221,653.69,59418.26
test,2026-02-25,MSFT,82.7095662,400.6,33133.45
test,2026-02-25,NVDA,428.95442359,195.56,83886.33
test,2026-02-25,NVO,589.62262913,38.16,22500.0
test,2026-02-25,RACE,54.11841144,373.34,20204.57
test,2026-02-25,RMS.PA,8.02101809,2428.0532,19475.46
test,2026-02-25,STZ,144.96954934,155.12,22487.68
test,2026-02-25,ULTA,49.58595646,684.27,33930.18
test,2026-02-25,V,114.05434968,312.99,35697.87
test,2026-02-25,VICI,711.23753212,30.24,21507.82
test,2026-02-25,VRSK,134.1141744,195.82,26262.24
test,2026-02-25,WM,136.54362152,228.1,31145.6
test,2026-02-25,ZM,231.77656493,85.43,19800.67
test,2026-02-26,AMZN,259.94280433,207.92,54047.31
test,2026-02-26,BABA,272.88852163,148.05,40401.15
test,2026-02-26,BSX,419.5070859,75.75,31777.66
test,2026-02-26,CASH,55000.0,1.0,55000.0
test,2026-02-26,CRCL,252.20679988,87.21,21994.95
test,2026-02-26,CSU.TO,29.08221003,1906.8135,55454.35
test,2026-02-26,DPZ,47.98234165,399.29,19158.87
test,2026-02-26,EL.PA,94.59392789,282.7369,26745.19
test,2026-02-26,FICO,17.74496935,1388.4399,24637.82
test,2026-02-26,IBE.MC,921.77634618,23.6894,21836.33
test,2026-02-26,ISRG,52.96984387,506.88,26849.35
test,2026-02-26,JPM,139.65613503,306.13,42752.93
test,2026-02-26,LLY,46.52547503,1022.02,47549.97
test,2026-02-26,MELI,24.8230118,1740.88,43213.88
test,2026-02-26,META,90.89669221,657.01,59720.04
test,2026-02-26,MSFT,82.7095662,401.72,33226.09
test,2026-02-26,NVDA,428.95442359,184.89,79309.38
test,2026-02-26,NVO,589.62262913,37.62,22181.6
test,2026-02-26,RACE,54.11841144,376.19,20358.81
test,2026-02-26,RMS.PA,8.02101809,2433.9238,19522.55
test,2026-02-26,STZ,144.96954934,155.76,22580.46
test,2026-02-26,ULTA,49.58595646,695.63,34493.48
test,2026-02-26,V,114.05434968,316.7,36121.01
test,2026-02-26,VICI,711.23753212,29.78,21180.65
test,2026-02-26,VRSK,134.1141744,202.64,27176.9
test,2026-02-26,WM,136.54362152,233.9,31937.55
test,2026-02-26,ZM,231.77656493,75.54,17508.4
test,2026-02-27,AMZN,259.94280433,210.0,54587.99
test,2026-02-27,BABA,272.88852163,144.11,39325.97
test,2026-02-27,BSX,419.5070859,76.85,32239.12
test,2026-02-27,CASH,55000.0,1.0,55000.0
test,2026-02-27,CRCL,252.20679988,83.44,21044.14
test,2026-02-27,CSU.TO,29.08221003,1843.1535,53602.98
test,2026-02-27,DPZ,47.98234165,402.51,19313.37
test,2026-02-27,EL.PA,94.59392789,265.8043,25143.47
test,2026-02-27,FICO,17.74496935,1409.36,25009.05
test,2026-02-27,IBE.MC,921.77634618,23.6651,21813.91
test,2026-02-27,ISRG,52.96984387,503.51,26670.85
test,2026-02-27,JPM,139.65613503,300.3,41938.74
test,2026-02-27,LLY,46.52547503,1051.99,48944.33
test,2026-02-27,MELI,24.8230118,1757.58,43628.43
test,2026-02-27,META,90.89669221,648.18,58917.42
test,2026-02-27,MSFT,82.7095662,392.74,32483.35
test,2026-02-27,NVDA,428.95442359,177.19,76006.44
test,2026-02-27,NVO,589.62262913,37.45,22081.37
test,2026-02-27,RACE,54.11841144,379.92,20560.67
test,2026-02-27,RMS.PA,8.02101809,2418.441,19398.36
test,2026-02-27,STZ,144.96954934,157.86,22884.89
test,2026-02-27,ULTA,49.58595646,684.79,33955.97
test,2026-02-27,V,114.05434968,320.14,36513.36
test,2026-02-27,VICI,711.23753212,30.21,21486.49
test,2026-02-27,VRSK,134.1141744,207.57,27838.08
test,2026-02-27,WM,136.54362152,240.84,32885.17
test,2026-02-27,ZM,231.77656493,73.94,17137.56
test,2026-02-28,AMZN,259.94280433,210.0,54587.99
test,2026-02-28,BABA,272.88852163,144.11,39325.97
test,2026-02-28,BSX,419.5070859,76.85,32239.12
test,2026-02-28,CASH,55000.0,1.0,55000.0
test,2026-02-28,CRCL,252.20679988,83.44,21044.14
test,2026-02-28,CSU.TO,29.08221003,1843.1535,53602.98
test,2026-02-28,DPZ,47.98234165,402.51,19313.37
test,2026-02-28,EL.PA,94.59392789,265.8043,25143.47
test,2026-02-28,FICO,17.74496935,1409.36,25009.05
test,2026-02-28,IBE.MC,921.77634618,23.6651,21813.91
test,2026-02-28,ISRG,52.96984387,503.51,26670.85
test,2026-02-28,JPM,139.65613503,300.3,41938.74
test,2026-02-28,LLY,46.52547503,1051.99,48944.33
test,2026-02-28,MELI,24.8230118,1757.58,43628.43
test,2026-02-28,META,90.89669221,648.18,58917.42
test,2026-02-28,MSFT,82.7095662,392.74,32483.35
test,2026-02-28,NVDA,428.95442359,177.19,76006.44
test,2026-02-28,NVO,589.62262913,37.45,22081.37
test,2026-02-28,RACE,54.11841144,379.92,20560.67
test,2026-02-28,RMS.PA,8.02101809,2418.441,19398.36
test,2026-02-28,STZ,144.96954934,157.86,22884.89
test,2026-02-28,ULTA,49.58595646,684.79,33955.97
test,2026-02-28,V,114.05434968,320.14,36513.36
test,2026-02-28,VICI,711.23753212,30.21,21486.49
test,2026-02-28,VRSK,134.1141744,207.57,27838.08
test,2026-02-28,WM,136.54362152,240.84,32885.17
test,2026-02-28,ZM,231.77656493,73.94,17137.56
test,2026-03-01,AMZN,259.94280433,210.0,54587.99
test,2026-03-01,BABA,272.88852163,144.11,39325.97
test,2026-03-01,BSX,419.5070859,76.85,32239.12
test,2026-03-01,CASH,55000.0,1.0,55000.0
test,2026-03-01,CRCL,252.20679988,83.44,21044.14
test,2026-03-01,CSU.TO,29.08221003,1843.1535,53602.98
test,2026-03-01,DPZ,47.98234165,402.51,19313.37
test,2026-03-01,EL.PA,94.59392789,265.8043,25143.47
test,2026-03-01,FICO,17.74496935,1409.36,25009.05
test,2026-03-01,IBE.MC,921.77634618,23.6651,21813.91
test,2026-03-01,ISRG,52.96984387,503.51,26670.85
test,2026-03-01,JPM,139.65613503,300.3,41938.74
test,2026-03-01,LLY,46.52547503,1051.99,48944.33
test,2026-03-01,MELI,24.8230118,1757.58,43628.43
test,2026-03-01,META,90.89669221,648.18,58917.42
test,2026-03-01,MSFT,82.7095662,392.74,32483.35
test,2026-03-01,NVDA,428.95442359,177.19,76006.44
test,2026-03-01,NVO,589.62262913,37.45,22081.37
test,2026-03-01,RACE,54.11841144,379.92,20560.67
test,2026-03-01,RMS.PA,8.02101809,2418.441,19398.36
test,2026-03-01,STZ,144.96954934,157.86,22884.89
test,2026-03-01,ULTA,49.58595646,684.79,33955.97
test,2026-03-01,V,114.05434968,320.14,36513.36
test,2026-03-01,VICI,711.23753212,30.21,21486.49
test,2026-03-01,VRSK,134.1141744,207.57,27838.08
test,2026-03-01,WM,136.54362152,240.84,32885.17
test,2026-03-01,ZM,231.77656493,73.94,17137.56
test,2026-03-02,AMZN,259.94280433,208.39,54169.48
test,2026-03-02,BABA,272.88852163,142.56,38902.99
test,2026-03-02,BSX,419.5070859,76.22,31974.83
test,2026-03-02,CASH,55000.0,1.0,55000.0
test,2026-03-02,CRCL,252.20679988,96.14,24247.16
test,2026-03-02,CSU.TO,29.08221003,1877.7984,54610.52
test,2026-03-02,DPZ,47.98234165,401.37,19258.67
test,2026-03-02,EL.PA,94.59392789,257.8847,24394.33
test,2026-03-02,FICO,17.74496935,1407.54,24976.75
test,2026-03-02,IBE.MC,921.77634618,23.2778,21456.95
test,2026-03-02,ISRG,52.96984387,496.25,26286.29
test,2026-03-02,JPM,139.65613503,297.56,41556.08
test,2026-03-02,LLY,46.52547503,1017.97,47361.54
test,2026-03-02,MELI,24.8230118,1777.0,44110.49
test,2026-03-02,META,90.89669221,653.56,59406.44
test,2026-03-02,MSFT,82.7095662,398.55,32963.9
test,2026-03-02,NVDA,428.95442359,182.48,78275.6
test,2026-03-02,NVO,589.62262913,37.76,22264.15
test,2026-03-02,RACE,54.11841144,362.75,19631.45
test,2026-03-02,RMS.PA,8.02101809,2313.0837,18553.28
test,2026-03-02,STZ,144.96954934,156.56,22696.43
test,2026-03-02,ULTA,49.58595646,677.0,33569.69
test,2026-03-02,V,114.05434968,320.51,36555.56
test,2026-03-02,VICI,711.23753212,30.36,21593.17
test,2026-03-02,VRSK,134.1141744,214.79,28806.38
test,2026-03-02,WM,136.54362152,243.07,33189.66
test,2026-03-02,ZM,231.77656493,72.72,16854.79
test,2026-03-03,AMZN,259.94280433,208.73,54257.86
test,2026-03-03,BABA,272.88852163,135.59,37000.95
test,2026-03-03,BSX,419.5070859,73.85,30980.6
test,2026-03-03,CASH,55000.0,1.0,55000.0
test,2026-03-03,CRCL,252.20679988,99.63,25127.36
test,2026-03-03,CSU.TO,29.08221003,1969.9583,57290.74
test,2026-03-03,DPZ,47.98234165,408.38,19595.03
test,2026-03-03,EL.PA,94.59392789,250.7896,23723.17
test,2026-03-03,FICO,17.74496935,1448.02,25695.07
test,2026-03-03,IBE.MC,921.77634618,22.3009,20556.4
test,2026-03-03,ISRG,52.96984387,497.42,26348.26
test,2026-03-03,JPM,139.65613503,300.26,41933.15
test,2026-03-03,LLY,46.52547503,1007.73,46885.12
test,2026-03-03,MELI,24.8230118,1714.01,42546.89
test,2026-03-03,META,90.89669221,655.08,59544.61
test,2026-03-03,MSFT,82.7095662,403.93,33408.87
test,2026-03-03,NVDA,428.95442359,180.05,77233.25
test,2026-03-03,NVO,589.62262913,36.66,21615.57
test,2026-03-03,RACE,54.11841144,361.13,19543.78
test,2026-03-03,RMS.PA,8.02101809,2219.5578,17803.11
test,2026-03-03,STZ,144.96954934,156.02,22618.15
test,2026-03-03,ULTA,49.58595646,668.95,33170.53
test,2026-03-03,V,114.05434968,320.83,36592.06
test,2026-03-03,VICI,711.23753212,30.2,21479.37
test,2026-03-03,VRSK,134.1141744,214.75,28801.02
test,2026-03-03,WM,136.54362152,243.44,33240.18
test,2026-03-03,ZM,231.77656493,73.5,17035.58
test,2026-03-04,AMZN,259.94280433,216.82,56360.8
test,2026-03-04,BABA,272.88852163,133.27,36367.85
test,2026-03-04,BSX,419.5070859,72.21,30292.61
test,2026-03-04,CASH,55000.0,1.0,55000.0
test,2026-03-04,CRCL,252.20679988,105.27,26549.81
test,2026-03-04,CSU.TO,29.08221003,1938.453,56374.5
test,2026-03-04,DPZ,47.98234165,406.62,19510.58
test,2026-03-04,EL.PA,94.59392789,254.6565,24088.96
test,2026-03-04,FICO,17.74496935,1464.01,25978.81
test,2026-03-04,IBE.MC,921.77634618,22.4871,20728.09
test,2026-03-04,ISRG,52.96984387,501.18,26547.43
test,2026-03-04,JPM,139.65613503,299.39,41811.65
test,2026-03-04,LLY,46.52547503,1003.57,46691.57
test,2026-03-04,MELI,24.8230118,1769.03,43912.65
test,2026-03-04,META,90.89669221,667.73,60694.45
test,2026-03-04,MSFT,82.7095662,405.2,33513.92
test,2026-03-04,NVDA,428.95442359,183.04,78515.81
test,2026-03-04,NVO,589.62262913,38.5,22700.47
test,2026-03-04,RACE,54.11841144,365.09,19758.09
test,2026-03-04,RMS.PA,8.02101809,2241.163,17976.41
test,2026-03-04,STZ,144.96954934,151.24,21925.2
test,2026-03-04,ULTA,49.58595646,661.34,32793.18
test,2026-03-04,V,114.05434968,320.47,36551.0
test,2026-03-04,VICI,711.23753212,29.89,21258.89
test,2026-03-04,VRSK,134.1141744,215.58,28912.33
test,2026-03-04,WM,136.54362152,243.95,33309.82
test,2026-03-04,ZM,231.77656493,78.02,18083.21
test,2026-03-05,AMZN,259.94280433,218.94,56911.88
test,2026-03-05,BABA,272.88852163,130.35,35571.02
test,2026-03-05,BSX,419.5070859,72.99,30619.82
test,2026-03-05,CASH,55000.0,1.0,55000.0
test,2026-03-05,CRCL,252.20679988,105.74,26668.35
test,2026-03-05,CSU.TO,29.08221003,2049.9779,59617.88
test,2026-03-05,DPZ,47.98234165,402.7,19322.49
test,2026-03-05,EL.PA,94.59392789,251.213,23763.23
test,2026-03-05,FICO,17.74496935,1475.09,26175.43
test,2026-03-05,IBE.MC,921.77634618,22.4567,20700.09
test,2026-03-05,ISRG,52.96984387,496.7,26310.12
test,2026-03-05,JPM,139.65613503,293.55,40996.06
test,2026-03-05,LLY,46.52547503,983.26,45746.64
test,2026-03-05,MELI,24.8230118,1780.36,44193.9
test,2026-03-05,META,90.89669221,660.57,60043.63
test,2026-03-05,MSFT,82.7095662,410.68,33967.16
test,2026-03-05,NVDA,428.95442359,183.34,78644.5
test,2026-03-05,NVO,589.62262913,39.07,23036.56
test,2026-03-05,RACE,54.11841144,358.03,19376.01
test,2026-03-05,RMS.PA,8.02101809,2210.1857,17727.94
test,2026-03-05,STZ,144.96954934,147.3,21354.02
test,2026-03-05,ULTA,49.58595646,653.64,32411.37
test,2026-03-05,V,114.05434968,319.8,36474.58
test,2026-03-05,VICI,711.23753212,29.69,21116.64
test,2026-03-05,VRSK,134.1141744,211.22,28327.6
test,2026-03-05,WM,136.54362152,246.09,33602.02
test,2026-03-05,ZM,231.77656493,77.33,17923.28
test,2026-03-06,AMZN,259.94280433,213.21,55422.41
test,2026-03-06,BABA,272.88852163,130.79,35691.09
test,2026-03-06,BSX,419.5070859,71.35,29931.83
test,2026-03-06,CASH,55000.0,1.0,55000.0
test,2026-03-06,CRCL,252.20679988,101.91,25702.4
test,2026-03-06,CSU.TO,29.08221003,2167.7848,63043.97
test,2026-03-06,DPZ,47.98234165,408.41,19596.47
test,2026-03-06,EL.PA,94.59392789,247.0196,23366.56
test,2026-03-06,FICO,17.74496935,1476.0,26191.57
test,2026-03-06,IBE.MC,921.77634618,22.3049,20560.13
test,2026-03-06,ISRG,52.96984387,490.16,25963.7
test,2026-03-06,JPM,139.65613503,289.48,40427.66
test,2026-03-06,LLY,46.52547503,990.33,46075.57
test,2026-03-06,MELI,24.8230118,1787.86,44380.07
test,2026-03-06,META,90.89669221,644.86,58615.64
test,2026-03-06,MSFT,82.7095662,408.96,33824.9
test,2026-03-06,NVDA,428.95442359,177.82,76276.68
test,2026-03-06,NVO,589.62262913,38.58,22747.64
test,2026-03-06,RACE,54.11841144,350.08,18945.77
test,2026-03-06,RMS.PA,8.02101809,2211.9169,17741.82
test,2026-03-06,STZ,144.96954934,146.47,21233.69
test,2026-03-06,ULTA,49.58595646,646.34,32049.39
test,2026-03-06,V,114.05434968,317.36,36196.29
test,2026-03-06,VICI,711.23753212,29.67,21102.42
test,2026-03-06,VRSK,134.1141744,214.84,28813.09
test,2026-03-06,WM,136.54362152,246.05,33596.56
test,2026-03-06,ZM,231.77656493,77.5,17962.68
test,2026-03-07,AMZN,259.94280433,213.21,55422.41
test,2026-03-07,BABA,272.88852163,130.79,35691.09
test,2026-03-07,BSX,419.5070859,71.35,29931.83
test,2026-03-07,CASH,55000.0,1.0,55000.0
test,2026-03-07,CRCL,252.20679988,101.91,25702.4
test,2026-03-07,CSU.TO,29.08221003,2167.7848,63043.97
test,2026-03-07,DPZ,47.98234165,408.41,19596.47
test,2026-03-07,EL.PA,94.59392789,247.0196,23366.56
test,2026-03-07,FICO,17.74496935,1476.0,26191.57
test,2026-03-07,IBE.MC,921.77634618,22.3049,20560.13
test,2026-03-07,ISRG,52.96984387,490.16,25963.7
test,2026-03-07,JPM,139.65613503,289.48,40427.66
test,2026-03-07,LLY,46.52547503,990.33,46075.57
test,2026-03-07,MELI,24.8230118,1787.86,44380.07
test,2026-03-07,META,90.89669221,644.86,58615.64
test,2026-03-07,MSFT,82.7095662,408.96,33824.9
test,2026-03-07,NVDA,428.95442359,177.82,76276.68
test,2026-03-07,NVO,589.62262913,38.58,22747.64
test,2026-03-07,RACE,54.11841144,350.08,18945.77
test,2026-03-07,RMS.PA,8.02101809,2211.9169,17741.82
test,2026-03-07,STZ,144.96954934,146.47,21233.69
test,2026-03-07,ULTA,49.58595646,646.34,32049.39
test,2026-03-07,V,114.05434968,317.36,36196.29
test,2026-03-07,VICI,711.23753212,29.67,21102.42
test,2026-03-07,VRSK,134.1141744,214.84,28813.09
test,2026-03-07,WM,136.54362152,246.05,33596.56
test,2026-03-07,ZM,231.77656493,77.5,17962.68
test,2026-03-08,AMZN,259.94280433,213.21,55422.41
test,2026-03-08,BABA,272.88852163,130.79,35691.09
test,2026-03-08,BSX,419.5070859,71.35,29931.83
test,2026-03-08,CASH,55000.0,1.0,55000.0
test,2026-03-08,CRCL,252.20679988,101.91,25702.4
test,2026-03-08,CSU.TO,29.08221003,2167.7848,63043.97
test,2026-03-08,DPZ,47.98234165,408.41,19596.47
test,2026-03-08,EL.PA,94.59392789,247.0196,23366.56
test,2026-03-08,FICO,17.74496935,1476.0,26191.57
test,2026-03-08,IBE.MC,921.77634618,22.3049,20560.13
test,2026-03-08,ISRG,52.96984387,490.16,25963.7
test,2026-03-08,JPM,139.65613503,289.48,40427.66
test,2026-03-08,LLY,46.52547503,990.33,46075.57
test,2026-03-08,MELI,24.8230118,1787.86,44380.07
test,2026-03-08,META,90.89669221,644.86,58615.64
test,2026-03-08,MSFT,82.7095662,408.96,33824.9
test,2026-03-08,NVDA,428.95442359,177.82,76276.68
test,2026-03-08,NVO,589.62262913,38.58,22747.64
test,2026-03-08,RACE,54.11841144,350.08,18945.77
test,2026-03-08,RMS.PA,8.02101809,2211.9169,17741.82
test,2026-03-08,STZ,144.96954934,146.47,21233.69
test,2026-03-08,ULTA,49.58595646,646.34,32049.39
test,2026-03-08,V,114.05434968,317.36,36196.29
test,2026-03-08,VICI,711.23753212,29.67,21102.42
test,2026-03-08,VRSK,134.1141744,214.84,28813.09
test,2026-03-08,WM,136.54362152,246.05,33596.56
test,2026-03-08,ZM,231.77656493,77.5,17962.68
test,2026-03-09,AMZN,259.94280433,213.49,55495.19
test,2026-03-09,BABA,272.88852163,132.64,36195.93
test,2026-03-09,BSX,419.5070859,71.9,30162.56
test,2026-03-09,CASH,55000.0,1.0,55000.0
test,2026-03-09,CRCL,252.20679988,111.84,28206.81
test,2026-03-09,CSU.TO,29.08221003,2187.1623,63607.51
test,2026-03-09,DPZ,47.98234165,415.78,19950.1
test,2026-03-09,EL.PA,94.59392789,240.0295,22705.33
test,2026-03-09,FICO,17.74496935,1441.2,25574.05
test,2026-03-09,IBE.MC,921.77634618,22.0325,20309.01
test,2026-03-09,ISRG,52.96984387,493.56,26143.8
test,2026-03-09,JPM,139.65613503,289.92,40489.11
test,2026-03-09,LLY,46.52547503,1008.39,46915.82
test,2026-03-09,MELI,24.8230118,1769.52,43924.82
test,2026-03-09,META,90.89669221,647.39,58845.61
test,2026-03-09,MSFT,82.7095662,409.41,33862.12
test,2026-03-09,NVDA,428.95442359,182.65,78348.52
test,2026-03-09,NVO,589.62262913,39.78,23455.19
test,2026-03-09,RACE,54.11841144,346.58,18756.36
test,2026-03-09,RMS.PA,8.02101809,2194.0287,17598.34
test,2026-03-09,STZ,144.96954934,148.96,21594.67
test,2026-03-09,ULTA,49.58595646,642.22,31845.09
test,2026-03-09,V,114.05434968,315.97,36037.75
test,2026-03-09,VICI,711.23753212,29.5,20981.51
test,2026-03-09,VRSK,134.1141744,210.28,28201.53
test,2026-03-09,WM,136.54362152,246.51,33659.37
test,2026-03-09,ZM,231.77656493,77.06,17860.7
test,2026-03-10,AMZN,259.94280433,214.33,55713.54
test,2026-03-10,BABA,272.88852163,136.85,37344.8
test,2026-03-10,BSX,419.5070859,69.96,29348.72
test,2026-03-10,CASH,55000.0,1.0,55000.0
test,2026-03-10,CRCL,252.20679988,118.09,29783.1
test,2026-03-10,CSU.TO,29.08221003,2162.8715,62901.08
test,2026-03-10,DPZ,47.98234165,400.52,19217.89
test,2026-03-10,EL.PA,94.59392789,247.4471,23407.0
test,2026-03-10,FICO,17.74496935,1285.15,22804.95
test,2026-03-10,IBE.MC,921.77634618,22.5665,20801.24
test,2026-03-10,ISRG,52.96984387,485.85,25735.4
test,2026-03-10,JPM,139.65613503,288.73,40322.92
test,2026-03-10,LLY,46.52547503,1001.35,46588.28
test,2026-03-10,MELI,24.8230118,1742.09,43243.92
test,2026-03-10,META,90.89669221,654.07,59452.8
test,2026-03-10,MSFT,82.7095662,405.76,33560.23
test,2026-03-10,NVDA,428.95442359,184.77,79257.91
test,2026-03-10,NVO,589.62262913,38.72,22830.19
test,2026-03-10,RACE,54.11841144,346.56,18755.28
test,2026-03-10,RMS.PA,8.02101809,2263.0374,18151.87
test,2026-03-10,STZ,144.96954934,150.09,21758.48
test,2026-03-10,ULTA,49.58595646,647.23,32093.52
test,2026-03-10,V,114.05434968,314.43,35862.11
test,2026-03-10,VICI,711.23753212,29.31,20846.37
test,2026-03-10,VRSK,134.1141744,202.66,27179.58
test,2026-03-10,WM,136.54362152,235.54,32161.48
test,2026-03-10,ZM,231.77656493,76.38,17703.09
test,2026-03-11,AMZN,259.94280433,212.65,55276.84
test,2026-03-11,BABA,272.88852163,136.29,37191.97
test,2026-03-11,BSX,419.5070859,69.63,29210.28
test,2026-03-11,CASH,55000.0,1.0,55000.0
test,2026-03-11,CRCL,252.20679988,112.81,28451.45
test,2026-03-11,CSU.TO,29.08221003,1987.8525,57811.14
test,2026-03-11,DPZ,47.98234165,393.29,18870.98
test,2026-03-11,EL.PA,94.59392789,243.8373,23065.53
test,2026-03-11,FICO,17.74496935,1165.23,20676.97
test,2026-03-11,IBE.MC,921.77634618,22.3053,20560.5
test,2026-03-11,ISRG,52.96984387,492.87,26107.25
test,2026-03-11,JPM,139.65613503,287.52,40153.93
test,2026-03-11,LLY,46.52547503,999.84,46518.03
test,2026-03-11,MELI,24.8230118,1766.1,43839.92
test,2026-03-11,META,90.89669221,654.86,59524.61
test,2026-03-11,MSFT,82.7095662,404.88,33487.45
test,2026-03-11,NVDA,428.95442359,186.03,79798.39
test,2026-03-11,NVO,589.62262913,38.83,22895.05
test,2026-03-11,RACE,54.11841144,340.61,18433.27
test,2026-03-11,RMS.PA,8.02101809,2229.9501,17886.47
test,2026-03-11,STZ,144.96954934,149.96,21739.63
test,2026-03-11,ULTA,49.58595646,652.65,32362.28
test,2026-03-11,V,114.05434968,308.96,35238.23
test,2026-03-11,VICI,711.23753212,28.42,20213.37
test,2026-03-11,VRSK,134.1141744,203.13,27242.61
test,2026-03-11,WM,136.54362152,236.5,32292.57
test,2026-03-11,ZM,231.77656493,76.05,17626.61
test,2026-03-12,AMZN,259.94280433,209.53,54465.82
test,2026-03-12,BABA,272.88852163,134.2,36621.64
test,2026-03-12,BSX,419.5070859,68.55,28757.21
test,2026-03-12,CASH,55000.0,1.0,55000.0
test,2026-03-12,CRCL,252.20679988,114.18,28796.97
test,2026-03-12,CSU.TO,29.08221003,1925.5608,55999.56
test,2026-03-12,DPZ,47.98234165,395.98,19000.05
test,2026-03-12,EL.PA,94.59392789,243.3309,23017.63
test,2026-03-12,FICO,17.74496935,1093.62,19406.25
test,2026-03-12,IBE.MC,921.77634618,22.5554,20791.07
test,2026-03-12,ISRG,52.96984387,479.27,25386.86
test,2026-03-12,JPM,139.65613503,282.89,39507.33
test,2026-03-12,LLY,46.52547503,977.25,45467.02
test,2026-03-12,MELI,24.8230118,1680.0,41702.66
test,2026-03-12,META,90.89669221,638.18,58008.45
test,2026-03-12,MSFT,82.7095662,401.86,33237.67
test,2026-03-12,NVDA,428.95442359,183.14,78558.71
test,2026-03-12,NVO,589.62262913,38.02,22417.45
test,2026-03-12,RACE,54.11841144,334.55,18105.31
test,2026-03-12,RMS.PA,8.02101809,2194.3646,17601.04
test,2026-03-12,STZ,144.96954934,148.32,21501.88
test,2026-03-12,ULTA,49.58595646,624.7,30976.35
test,2026-03-12,V,114.05434968,306.5,34957.66
test,2026-03-12,VICI,711.23753212,28.68,20398.29
test,2026-03-12,VRSK,134.1141744,198.04,26559.97
test,2026-03-12,WM,136.54362152,238.61,32580.67
test,2026-03-12,ZM,231.77656493,74.94,17369.34
test,2026-03-13,AMZN,259.94280433,207.67,53982.32
test,2026-03-13,BABA,272.88852163,135.21,36897.26
test,2026-03-13,BSX,419.5070859,69.13,29000.52
test,2026-03-13,CASH,55000.0,1.0,55000.0
test,2026-03-13,CRCL,252.20679988,115.38,29099.62
test,2026-03-13,CSU.TO,29.08221003,1851.503,53845.8
test,2026-03-13,DPZ,47.98234165,401.63,19271.15
test,2026-03-13,EL.PA,94.59392789,235.8485,22309.83
test,2026-03-13,FICO,17.74496935,1131.22,20073.46
test,2026-03-13,IBE.MC,921.77634618,22.8187,21033.7
test,2026-03-13,ISRG,52.96984387,472.16,25010.24
test,2026-03-13,JPM,139.65613503,283.44,39584.14
test,2026-03-13,LLY,46.52547503,985.08,45831.32
test,2026-03-13,MELI,24.8230118,1670.0,41454.43
test,2026-03-13,META,90.89669221,613.71,55784.21
test,2026-03-13,MSFT,82.7095662,395.55,32715.77
test,2026-03-13,NVDA,428.95442359,180.25,77319.03
test,2026-03-13,NVO,589.62262913,37.96,22382.07
test,2026-03-13,RACE,54.11841144,331.86,17959.74
test,2026-03-13,RMS.PA,8.02101809,2158.0081,17309.42
test,2026-03-13,STZ,144.96954934,150.14,21765.73
test,2026-03-13,ULTA,49.58595646,535.72,26564.19
test,2026-03-13,V,114.05434968,307.14,35030.65
test,2026-03-13,VICI,711.23753212,28.42,20213.37
test,2026-03-13,VRSK,134.1141744,201.22,26986.45
test,2026-03-13,WM,136.54362152,238.53,32569.75
test,2026-03-13,ZM,231.77656493,74.1,17174.64
test,2026-03-14,AMZN,259.94280433,207.67,53982.32
test,2026-03-14,BABA,272.88852163,135.21,36897.26
test,2026-03-14,BSX,419.5070859,69.13,29000.52
test,2026-03-14,CASH,55000.0,1.0,55000.0
test,2026-03-14,CRCL,252.20679988,115.38,29099.62
test,2026-03-14,CSU.TO,29.08221003,1851.503,53845.8
test,2026-03-14,DPZ,47.98234165,401.63,19271.15
test,2026-03-14,EL.PA,94.59392789,235.8485,22309.83
test,2026-03-14,FICO,17.74496935,1131.22,20073.46
test,2026-03-14,IBE.MC,921.77634618,22.8187,21033.7
test,2026-03-14,ISRG,52.96984387,472.16,25010.24
test,2026-03-14,JPM,139.65613503,283.44,39584.14
test,2026-03-14,LLY,46.52547503,985.08,45831.32
test,2026-03-14,MELI,24.8230118,1670.0,41454.43
test,2026-03-14,META,90.89669221,613.71,55784.21
test,2026-03-14,MSFT,82.7095662,395.55,32715.77
test,2026-03-14,NVDA,428.95442359,180.25,77319.03
test,2026-03-14,NVO,589.62262913,37.96,22382.07
test,2026-03-14,RACE,54.11841144,331.86,17959.74
test,2026-03-14,RMS.PA,8.02101809,2158.0081,17309.42
test,2026-03-14,STZ,144.96954934,150.14,21765.73
test,2026-03-14,ULTA,49.58595646,535.72,26564.19
test,2026-03-14,V,114.05434968,307.14,35030.65
test,2026-03-14,VICI,711.23753212,28.42,20213.37
test,2026-03-14,VRSK,134.1141744,201.22,26986.45
test,2026-03-14,WM,136.54362152,238.53,32569.75
test,2026-03-14,ZM,231.77656493,74.1,17174.64
test,2026-03-15,AMZN,259.94280433,207.67,53982.32
test,2026-03-15,BABA,272.88852163,135.21,36897.26
test,2026-03-15,BSX,419.5070859,69.13,29000.52
test,2026-03-15,CASH,55000.0,1.0,55000.0
test,2026-03-15,CRCL,252.20679988,115.38,29099.62
test,2026-03-15,CSU.TO,29.08221003,1851.503,53845.8
test,2026-03-15,DPZ,47.98234165,401.63,19271.15
test,2026-03-15,EL.PA,94.59392789,235.8485,22309.83
test,2026-03-15,FICO,17.74496935,1131.22,20073.46
test,2026-03-15,IBE.MC,921.77634618,22.8187,21033.7
test,2026-03-15,ISRG,52.96984387,472.16,25010.24
test,2026-03-15,JPM,139.65613503,283.44,39584.14
test,2026-03-15,LLY,46.52547503,985.08,45831.32
test,2026-03-15,MELI,24.8230118,1670.0,41454.43
test,2026-03-15,META,90.89669221,613.71,55784.21
test,2026-03-15,MSFT,82.7095662,395.55,32715.77
test,2026-03-15,NVDA,428.95442359,180.25,77319.03
test,2026-03-15,NVO,589.62262913,37.96,22382.07
test,2026-03-15,RACE,54.11841144,331.86,17959.74
test,2026-03-15,RMS.PA,8.02101809,2158.0081,17309.42
test,2026-03-15,STZ,144.96954934,150.14,21765.73
test,2026-03-15,ULTA,49.58595646,535.72,26564.19
test,2026-03-15,V,114.05434968,307.14,35030.65
test,2026-03-15,VICI,711.23753212,28.42,20213.37
test,2026-03-15,VRSK,134.1141744,201.22,26986.45
test,2026-03-15,WM,136.54362152,238.53,32569.75
test,2026-03-15,ZM,231.77656493,74.1,17174.64
test,2026-03-16,AMZN,259.94280433,211.74,55040.29
test,2026-03-16,BABA,272.88852163,136.71,37306.59
test,2026-03-16,BSX,419.5070859,69.79,29277.4
test,2026-03-16,CASH,55000.0,1.0,55000.0
test,2026-03-16,CRCL,252.20679988,125.83,31735.18
test,2026-03-16,CSU.TO,29.08221003,1868.8418,54350.05
test,2026-03-16,DPZ,47.98234165,392.27,18822.03
test,2026-03-16,EL.PA,94.59392789,233.1618,22055.69
test,2026-03-16,FICO,17.74496935,1161.53,20611.31
test,2026-03-16,IBE.MC,921.77634618,22.5615,20796.62
test,2026-03-16,ISRG,52.96984387,483.46,25608.8
test,2026-03-16,JPM,139.65613503,286.16,39964.0
test,2026-03-16,LLY,46.52547503,989.12,46019.28
test,2026-03-16,MELI,24.8230118,1732.33,43001.65
test,2026-03-16,META,90.89669221,627.45,57033.13
test,2026-03-16,MSFT,82.7095662,399.95,33079.69
test,2026-03-16,NVDA,428.95442359,183.22,78593.03
test,2026-03-16,NVO,589.62262913,38.58,22747.64
test,2026-03-16,RACE,54.11841144,334.36,18095.03
test,2026-03-16,RMS.PA,8.02101809,2148.6564,17234.41
test,2026-03-16,STZ,144.96954934,151.02,21893.3
test,2026-03-16,ULTA,49.58595646,516.74,25623.05
test,2026-03-16,V,114.05434968,310.11,35369.39
test,2026-03-16,VICI,711.23753212,28.62,20355.62
test,2026-03-16,VRSK,134.1141744,204.74,27458.54
test,2026-03-16,WM,136.54362152,236.96,32355.38
test,2026-03-16,ZM,231.77656493,74.96,17373.97
test,2026-03-17,AMZN,259.94280433,215.2,55939.69
test,2026-03-17,BABA,272.88852163,136.57,37268.39
test,2026-03-17,BSX,419.5070859,71.2,29868.9
test,2026-03-17,CASH,55000.0,1.0,55000.0
test,2026-03-17,CRCL,252.20679988,132.31,33369.48
test,2026-03-17,CSU.TO,29.08221003,1896.4558,55153.13
test,2026-03-17,DPZ,47.98234165,396.18,19009.64
test,2026-03-17,EL.PA,94.59392789,233.4407,22082.07
test,2026-03-17,FICO,17.74496935,1199.9301,21292.72
test,2026-03-17,IBE.MC,921.77634618,23.0106,21210.61
test,2026-03-17,ISRG,52.96984387,482.76,25571.72
test,2026-03-17,JPM,139.65613503,286.89,40065.95
test,2026-03-17,LLY,46.52547503,930.35,43284.97
test,2026-03-17,MELI,24.8230118,1728.14,42897.64
test,2026-03-17,META,90.89669221,622.66,56597.73
test,2026-03-17,MSFT,82.7095662,399.41,33035.03
test,2026-03-17,NVDA,428.95442359,181.93,78039.68
test,2026-03-17,NVO,589.62262913,38.43,22659.2
test,2026-03-17,RACE,54.11841144,336.48,18209.76
test,2026-03-17,RMS.PA,8.02101809,2118.7902,16994.85
test,2026-03-17,STZ,144.96954934,151.66,21986.08
test,2026-03-17,ULTA,49.58595646,523.07,25936.93
test,2026-03-17,V,114.05434968,308.46,35181.2
test,2026-03-17,VICI,711.23753212,28.62,20355.62
test,2026-03-17,VRSK,134.1141744,203.79,27331.13
test,2026-03-17,WM,136.54362152,236.05,32231.12
test,2026-03-17,ZM,231.77656493,75.99,17612.7
test,2026-03-18,AMZN,259.94280433,209.87,54554.2
test,2026-03-18,BABA,272.88852163,134.43,36684.4
test,2026-03-18,BSX,419.5070859,71.28,29902.46
test,2026-03-18,CASH,55000.0,1.0,55000.0
test,2026-03-18,CRCL,252.20679988,132.84,33503.15
test,2026-03-18,CSU.TO,29.08221003,1875.8391,54553.54
test,2026-03-18,DPZ,47.98234165,376.92,18085.5
test,2026-03-18,EL.PA,94.59392789,234.3669,22169.69
test,2026-03-18,FICO,17.74496935,1203.7,21359.62
test,2026-03-18,IBE.MC,921.77634618,22.7155,20938.58
test,2026-03-18,ISRG,52.96984387,477.73,25305.28
test,2026-03-18,JPM,139.65613503,287.74,40184.65
test,2026-03-18,LLY,46.52547503,918.05,42712.71
test,2026-03-18,MELI,24.8230118,1690.26,41957.34
test,2026-03-18,META,90.89669221,615.68,55963.27
test,2026-03-18,MSFT,82.7095662,391.79,32404.78
test,2026-03-18,NVDA,428.95442359,180.4,77383.38
test,2026-03-18,NVO,589.62262913,37.45,22081.37
test,2026-03-18,RACE,54.11841144,330.47,17884.51
test,2026-03-18,RMS.PA,8.02101809,2134.2272,17118.68
test,2026-03-18,STZ,144.96954934,152.09,22048.42
test,2026-03-18,ULTA,49.58595646,520.65,25816.93
test,2026-03-18,V,114.05434968,299.02,34104.53
test,2026-03-18,VICI,711.23753212,28.1,19985.77
test,2026-03-18,VRSK,134.1141744,204.39,27411.6
test,2026-03-18,WM,136.54362152,233.79,31922.53
test,2026-03-18,ZM,231.77656493,76.43,17714.68
test,2026-03-19,AMZN,259.94280433,208.76,54265.66
test,2026-03-19,BABA,272.88852163,124.9,34083.78
test,2026-03-19,BSX,419.5070859,69.89,29319.35
test,2026-03-19,CASH,55000.0,1.0,55000.0
test,2026-03-19,CRCL,252.20679988,128.33,32365.7
test,2026-03-19,CSU.TO,29.08221003,1834.9018,53363.0
test,2026-03-19,DPZ,47.98234165,375.3,18007.77
test,2026-03-19,EL.PA,94.59392789,227.7991,21548.41
test,2026-03-19,FICO,17.74496935,1113.16,19752.99
test,2026-03-19,IBE.MC,921.77634618,22.4245,20670.38
test,2026-03-19,ISRG,52.96984387,479.93,25421.82
test,2026-03-19,JPM,139.65613503,287.97,40216.78
test,2026-03-19,LLY,46.52547503,917.5,42687.12
test,2026-03-19,MELI,24.8230118,1666.9301,41378.22
test,2026-03-19,META,90.89669221,606.7,55147.02
test,2026-03-19,MSFT,82.7095662,389.02,32175.67
test,2026-03-19,NVDA,428.95442359,178.56,76594.1
test,2026-03-19,NVO,589.62262913,37.08,21863.21
test,2026-03-19,RACE,54.11841144,321.01,17372.55
test,2026-03-19,RMS.PA,8.02101809,1997.111,16018.86
test,2026-03-19,STZ,144.96954934,151.91,22022.32
test,2026-03-19,ULTA,49.58595646,534.1,26483.86
test,2026-03-19,V,114.05434968,299.71,34183.23
test,2026-03-19,VICI,711.23753212,27.98,19900.43
test,2026-03-19,VRSK,134.1141744,201.69,27049.49
test,2026-03-19,WM,136.54362152,233.83,31928.0
test,2026-03-19,ZM,231.77656493,76.74,17786.53
test,2026-03-20,AMZN,259.94280433,205.37,53384.45
test,2026-03-20,BABA,272.88852163,122.41,33404.28
test,2026-03-20,BSX,419.5070859,69.48,29147.35
test,2026-03-20,CASH,55000.0,1.0,55000.0
test,2026-03-20,CRCL,252.20679988,126.03,31785.62
test,2026-03-20,CSU.TO,29.08221003,1819.4936,52914.9
test,2026-03-20,DPZ,47.98234165,373.35,17914.21
test,2026-03-20,EL.PA,94.59392789,225.4729,21328.37
test,2026-03-20,FICO,17.74496935,1127.62,20009.58
test,2026-03-20,IBE.MC,921.77634618,22.2,20463.4
test,2026-03-20,ISRG,52.96984387,477.97,25318.0
test,2026-03-20,JPM,139.65613503,286.56,40019.86
test,2026-03-20,LLY,46.52547503,906.7,42184.65
test,2026-03-20,MELI,24.8230118,1635.76,40604.49
test,2026-03-20,META,90.89669221,593.66,53961.73
test,2026-03-20,MSFT,82.7095662,381.87,31584.3
test,2026-03-20,NVDA,428.95442359,172.7,74080.43
test,2026-03-20,NVO,589.62262913,36.53,21538.91
test,2026-03-20,RACE,54.11841144,314.63,17027.28
test,2026-03-20,RMS.PA,8.02101809,1917.2435,15378.25
test,2026-03-20,STZ,144.96954934,149.62,21690.34
test,2026-03-20,ULTA,49.58595646,529.97,26279.07
test,2026-03-20,V,114.05434968,301.62,34401.07
test,2026-03-20,VICI,711.23753212,26.83,19082.5
test,2026-03-20,VRSK,134.1141744,201.75,27057.53
test,2026-03-20,WM,136.54362152,231.24,31574.35
test,2026-03-20,ZM,231.77656493,76.61,17756.4
test,2026-03-21,AMZN,259.94280433,205.37,53384.45
test,2026-03-21,BABA,272.88852163,122.41,33404.28
test,2026-03-21,BSX,419.5070859,69.48,29147.35
test,2026-03-21,CASH,55000.0,1.0,55000.0
test,2026-03-21,CRCL,252.20679988,126.03,31785.62
test,2026-03-21,CSU.TO,29.08221003,1819.4936,52914.9
test,2026-03-21,DPZ,47.98234165,373.35,17914.21
test,2026-03-21,EL.PA,94.59392789,225.4729,21328.37
test,2026-03-21,FICO,17.74496935,1127.62,20009.58
test,2026-03-21,IBE.MC,921.77634618,22.2,20463.4
test,2026-03-21,ISRG,52.96984387,477.97,25318.0
test,2026-03-21,JPM,139.65613503,286.56,40019.86
test,2026-03-21,LLY,46.52547503,906.7,42184.65
test,2026-03-21,MELI,24.8230118,1635.76,40604.49
test,2026-03-21,META,90.89669221,593.66,53961.73
test,2026-03-21,MSFT,82.7095662,381.87,31584.3
test,2026-03-21,NVDA,428.95442359,172.7,74080.43
test,2026-03-21,NVO,589.62262913,36.53,21538.91
test,2026-03-21,RACE,54.11841144,314.63,17027.28
test,2026-03-21,RMS.PA,8.02101809,1917.2435,15378.25
test,2026-03-21,STZ,144.96954934,149.62,21690.34
test,2026-03-21,ULTA,49.58595646,529.97,26279.07
test,2026-03-21,V,114.05434968,301.62,34401.07
test,2026-03-21,VICI,711.23753212,26.83,19082.5
test,2026-03-21,VRSK,134.1141744,201.75,27057.53
test,2026-03-21,WM,136.54362152,231.24,31574.35
test,2026-03-21,ZM,231.77656493,76.61,17756.4
test,2026-03-22,AMZN,259.94280433,205.37,53384.45
test,2026-03-22,BABA,272.88852163,122.41,33404.28
test,2026-03-22,BSX,419.5070859,69.48,29147.35
test,2026-03-22,CASH,55000.0,1.0,55000.0
test,2026-03-22,CRCL,252.20679988,126.03,31785.62
test,2026-03-22,CSU.TO,29.08221003,1819.4936,52914.9
test,2026-03-22,DPZ,47.98234165,373.35,17914.21
test,2026-03-22,EL.PA,94.59392789,225.4729,21328.37
test,2026-03-22,FICO,17.74496935,1127.62,20009.58
test,2026-03-22,IBE.MC,921.77634618,22.2,20463.4
test,2026-03-22,ISRG,52.96984387,477.97,25318.0
test,2026-03-22,JPM,139.65613503,286.56,40019.86
test,2026-03-22,LLY,46.52547503,906.7,42184.65
test,2026-03-22,MELI,24.8230118,1635.76,40604.49
test,2026-03-22,META,90.89669221,593.66,53961.73
test,2026-03-22,MSFT,82.7095662,381.87,31584.3
test,2026-03-22,NVDA,428.95442359,172.7,74080.43
test,2026-03-22,NVO,589.62262913,36.53,21538.91
test,2026-03-22,RACE,54.11841144,314.63,17027.28
test,2026-03-22,RMS.PA,8.02101809,1917.2435,15378.25
test,2026-03-22,STZ,144.96954934,149.62,21690.34
test,2026-03-22,ULTA,49.58595646,529.97,26279.07
test,2026-03-22,V,114.05434968,301.62,34401.07
test,2026-03-22,VICI,711.23753212,26.83,19082.5
test,2026-03-22,VRSK,134.1141744,201.75,27057.53
test,2026-03-22,WM,136.54362152,231.24,31574.35
test,2026-03-22,ZM,231.77656493,76.61,17756.4
test,2026-03-23,AMZN,259.94280433,210.14,54624.38
test,2026-03-23,BABA,272.88852163,126.06,34400.33
test,2026-03-23,BSX,419.5070859,69.54,29172.52
test,2026-03-23,CASH,55000.0,1.0,55000.0
test,2026-03-23,CRCL,252.20679988,126.64,31939.47
test,2026-03-23,CSU.TO,29.08221003,1851.1574,53835.75
test,2026-03-23,DPZ,47.98234165,366.8,17599.92
test,2026-03-23,EL.PA,94.59392789,223.1689,21110.42
test,2026-03-23,FICO,17.74496935,1063.33,18868.76
test,2026-03-23,IBE.MC,921.77634618,22.051,20326.09
test,2026-03-23,ISRG,52.96984387,478.04,25321.7
test,2026-03-23,JPM,139.65613503,289.91,40487.71
test,2026-03-23,LLY,46.52547503,910.55,42363.77
test,2026-03-23,MELI,24.8230118,1666.08,41357.12
test,2026-03-23,META,90.89669221,604.06,54907.06
test,2026-03-23,MSFT,82.7095662,383.0,31677.76
test,2026-03-23,NVDA,428.95442359,175.64,75341.55
test,2026-03-23,NVO,589.62262913,36.82,21709.91
test,2026-03-23,RACE,54.11841144,329.16,17813.62
test,2026-03-23,RMS.PA,8.02101809,1906.8482,15294.86
test,2026-03-23,STZ,144.96954934,152.46,22102.06
test,2026-03-23,ULTA,49.58595646,516.11,25591.81
test,2026-03-23,V,114.05434968,304.44,34722.71
test,2026-03-23,VICI,711.23753212,27.05,19238.97
test,2026-03-23,VRSK,134.1141744,199.85,26802.72
test,2026-03-23,WM,136.54362152,227.53,31067.77
test,2026-03-23,ZM,231.77656493,77.95,18066.98
test,2026-03-24,AMZN,259.94280433,207.24,53870.55
test,2026-03-24,BABA,272.88852163,125.48,34242.05
test,2026-03-24,BSX,419.5070859,68.15,28589.41
test,2026-03-24,CASH,55000.0,1.0,55000.0
test,2026-03-24,CRCL,252.20679988,101.17,25515.76
test,2026-03-24,CSU.TO,29.08221003,1777.8482,51703.76
test,2026-03-24,DPZ,47.98234165,360.09,17277.96
test,2026-03-24,EL.PA,94.59392789,223.7273,21163.24
test,2026-03-24,FICO,17.74496935,995.0,17656.24
test,2026-03-24,IBE.MC,921.77634618,22.4017,20649.4
test,2026-03-24,ISRG,52.96984387,471.91,24997.0
test,2026-03-24,JPM,139.65613503,292.4,40835.45
test,2026-03-24,LLY,46.52547503,903.02,42013.44
test,2026-03-24,MELI,24.8230118,1612.02,40015.19
test,2026-03-24,META,90.89669221,592.92,53894.47
test,2026-03-24,MSFT,82.7095662,372.74,30829.16
test,2026-03-24,NVDA,428.95442359,175.2,75152.81
test,2026-03-24,NVO,589.62262913,36.89,21751.18
test,2026-03-24,RACE,54.11841144,322.02,17427.21
test,2026-03-24,RMS.PA,8.02101809,1914.5948,15357.0
test,2026-03-24,STZ,144.96954934,152.68,22133.95
test,2026-03-24,ULTA,49.58595646,515.22,25547.68
test,2026-03-24,V,114.05434968,303.76,34645.15
test,2026-03-24,VICI,711.23753212,27.3,19416.78
test,2026-03-24,VRSK,134.1141744,194.73,26116.05
test,2026-03-24,WM,136.54362152,224.94,30714.12
test,2026-03-24,ZM,231.77656493,75.98,17610.38
test,2026-03-25,AMZN,259.94280433,211.71,55032.49
test,2026-03-25,BABA,272.88852163,129.87,35440.03
test,2026-03-25,BSX,419.5070859,69.78,29273.2
test,2026-03-25,CASH,55000.0,1.0,55000.0
test,2026-03-25,CRCL,252.20679988,103.86,26194.2
test,2026-03-25,CSU.TO,29.08221003,1749.4476,50877.8
test,2026-03-25,DPZ,47.98234165,362.53,17395.04
test,2026-03-25,EL.PA,94.59392789,226.0796,21385.75
test,2026-03-25,FICO,17.74496935,1043.1,18509.78
test,2026-03-25,IBE.MC,921.77634618,22.5325,20769.9
test,2026-03-25,ISRG,52.96984387,469.98,24894.77
test,2026-03-25,JPM,139.65613503,295.42,41257.22
test,2026-03-25,LLY,46.52547503,916.31,42631.76
test,2026-03-25,MELI,24.8230118,1639.47,40696.58
test,2026-03-25,META,90.89669221,594.89,54073.53
test,2026-03-25,MSFT,82.7095662,371.04,30688.56
test,2026-03-25,NVDA,428.95442359,178.68,76645.57
test,2026-03-25,NVO,589.62262913,36.33,21420.99
test,2026-03-25,RACE,54.11841144,322.17,17435.33
test,2026-03-25,RMS.PA,8.02101809,1937.908,15543.99
test,2026-03-25,STZ,144.96954934,151.56,21971.58
test,2026-03-25,ULTA,49.58595646,526.14,26089.16
test,2026-03-25,V,114.05434968,304.91,34776.31
test,2026-03-25,VICI,711.23753212,27.07,19253.2
test,2026-03-25,VRSK,134.1141744,185.05,24817.83
test,2026-03-25,WM,136.54362152,224.85,30701.83
test,2026-03-25,ZM,231.77656493,78.11,18104.07
test,2026-03-26,AMZN,259.94280433,207.54,53948.53
test,2026-03-26,BABA,272.88852163,125.41,34222.95
test,2026-03-26,BSX,419.5070859,70.17,29436.81
test,2026-03-26,CASH,55000.0,1.0,55000.0
test,2026-03-26,CRCL,252.20679988,98.27,24784.36
test,2026-03-26,CSU.TO,29.08221003,1727.7584,50247.03
test,2026-03-26,DPZ,47.98234165,358.54,17203.59
test,2026-03-26,EL.PA,94.59392789,224.6399,21249.57
test,2026-03-26,FICO,17.74496935,1039.84,18451.93
test,2026-03-26,IBE.MC,921.77634618,22.2096,20472.31
test,2026-03-26,ISRG,52.96984387,468.55,24819.02
test,2026-03-26,JPM,139.65613503,291.66,40732.11
test,2026-03-26,LLY,46.52547503,897.0,41733.35
test,2026-03-26,MELI,24.8230118,1630.99,40486.08
test,2026-03-26,META,90.89669221,547.54,49769.57
test,2026-03-26,MSFT,82.7095662,365.97,30269.22
test,2026-03-26,NVDA,428.95442359,171.24,73454.16
test,2026-03-26,NVO,589.62262913,36.4,21462.26
test,2026-03-26,RACE,54.11841144,323.58,17511.63
test,2026-03-26,RMS.PA,8.02101809,1897.2415,15217.81
test,2026-03-26,STZ,144.96954934,150.41,21804.87
test,2026-03-26,ULTA,49.58595646,521.64,25866.02
test,2026-03-26,V,114.05434968,305.53,34847.03
test,2026-03-26,VICI,711.23753212,27.16,19317.21
test,2026-03-26,VRSK,134.1141744,185.75,24911.71
test,2026-03-26,WM,136.54362152,226.51,30928.49
test,2026-03-26,ZM,231.77656493,79.32,18384.52
test,2026-03-27,AMZN,259.94280433,199.34,51817.0
test,2026-03-27,BABA,272.88852163,122.69,33480.69
test,2026-03-27,BSX,419.5070859,69.17,29017.3
test,2026-03-27,CASH,55000.0,1.0,55000.0
test,2026-03-27,CRCL,252.20679988,93.66,23621.69
test,2026-03-27,CSU.TO,29.08221003,1702.936,49525.14
test,2026-03-27,DPZ,47.98234165,348.14,16704.57
test,2026-03-27,EL.PA,94.59392789,224.7036,21255.59
test,2026-03-27,FICO,17.74496935,1011.06,17941.23
test,2026-03-27,IBE.MC,921.77634618,22.0609,20335.18
test,2026-03-27,ISRG,52.96984387,452.66,23977.33
test,2026-03-27,JPM,139.65613503,282.84,39500.34
test,2026-03-27,LLY,46.52547503,878.24,40860.53
test,2026-03-27,MELI,24.8230118,1599.52,39704.9
test,2026-03-27,META,90.89669221,525.72,47786.21
test,2026-03-27,MSFT,82.7095662,356.77,29508.29
test,2026-03-27,NVDA,428.95442359,167.52,71858.45
test,2026-03-27,NVO,589.62262913,36.04,21250.0
test,2026-03-27,RACE,54.11841144,317.4,17177.18
test,2026-03-27,RMS.PA,8.02101809,1870.4149,15002.63
test,2026-03-27,STZ,144.96954934,151.4,21948.39
test,2026-03-27,ULTA,49.58595646,510.34,25305.7
test,2026-03-27,V,114.05434968,295.52,33705.34
test,2026-03-27,VICI,711.23753212,26.61,18926.03
test,2026-03-27,VRSK,134.1141744,182.75,24509.37
test,2026-03-27,WM,136.54362152,225.06,30730.51
test,2026-03-27,ZM,231.77656493,77.71,18011.36
test,2026-03-28,AMZN,259.94280433,199.34,51817.0
test,2026-03-28,BABA,272.88852163,122.69,33480.69
test,2026-03-28,BSX,419.5070859,69.17,29017.3
test,2026-03-28,CASH,55000.0,1.0,55000.0
test,2026-03-28,CRCL,252.20679988,93.66,23621.69
test,2026-03-28,CSU.TO,29.08221003,1702.936,49525.14
test,2026-03-28,DPZ,47.98234165,348.14,16704.57
test,2026-03-28,EL.PA,94.59392789,224.7036,21255.59
test,2026-03-28,FICO,17.74496935,1011.06,17941.23
test,2026-03-28,IBE.MC,921.77634618,22.0609,20335.18
test,2026-03-28,ISRG,52.96984387,452.66,23977.33
test,2026-03-28,JPM,139.65613503,282.84,39500.34
test,2026-03-28,LLY,46.52547503,878.24,40860.53
test,2026-03-28,MELI,24.8230118,1599.52,39704.9
test,2026-03-28,META,90.89669221,525.72,47786.21
test,2026-03-28,MSFT,82.7095662,356.77,29508.29
test,2026-03-28,NVDA,428.95442359,167.52,71858.45
test,2026-03-28,NVO,589.62262913,36.04,21250.0
test,2026-03-28,RACE,54.11841144,317.4,17177.18
test,2026-03-28,RMS.PA,8.02101809,1870.4149,15002.63
test,2026-03-28,STZ,144.96954934,151.4,21948.39
test,2026-03-28,ULTA,49.58595646,510.34,25305.7
test,2026-03-28,V,114.05434968,295.52,33705.34
test,2026-03-28,VICI,711.23753212,26.61,18926.03
test,2026-03-28,VRSK,134.1141744,182.75,24509.37
test,2026-03-28,WM,136.54362152,225.06,30730.51
test,2026-03-28,ZM,231.77656493,77.71,18011.36
test,2026-03-29,AMZN,259.94280433,199.34,51817.0
test,2026-03-29,BABA,272.88852163,122.69,33480.69
test,2026-03-29,BSX,419.5070859,69.17,29017.3
test,2026-03-29,CASH,55000.0,1.0,55000.0
test,2026-03-29,CRCL,252.20679988,93.66,23621.69
test,2026-03-29,CSU.TO,29.08221003,1702.936,49525.14
test,2026-03-29,DPZ,47.98234165,348.14,16704.57
test,2026-03-29,EL.PA,94.59392789,224.7036,21255.59
test,2026-03-29,FICO,17.74496935,1011.06,17941.23
test,2026-03-29,IBE.MC,921.77634618,22.0609,20335.18
test,2026-03-29,ISRG,52.96984387,452.66,23977.33
test,2026-03-29,JPM,139.65613503,282.84,39500.34
test,2026-03-29,LLY,46.52547503,878.24,40860.53
test,2026-03-29,MELI,24.8230118,1599.52,39704.9
test,2026-03-29,META,90.89669221,525.72,47786.21
test,2026-03-29,MSFT,82.7095662,356.77,29508.29
test,2026-03-29,NVDA,428.95442359,167.52,71858.45
test,2026-03-29,NVO,589.62262913,36.04,21250.0
test,2026-03-29,RACE,54.11841144,317.4,17177.18
test,2026-03-29,RMS.PA,8.02101809,1870.4149,15002.63
test,2026-03-29,STZ,144.96954934,151.4,21948.39
test,2026-03-29,ULTA,49.58595646,510.34,25305.7
test,2026-03-29,V,114.05434968,295.52,33705.34
test,2026-03-29,VICI,711.23753212,26.61,18926.03
test,2026-03-29,VRSK,134.1141744,182.75,24509.37
test,2026-03-29,WM,136.54362152,225.06,30730.51
test,2026-03-29,ZM,231.77656493,77.71,18011.36
test,2026-03-30,AMZN,259.94280433,200.95,52235.51
test,2026-03-30,BABA,272.88852163,121.98,33286.94
test,2026-03-30,BSX,419.5070859,62.93,26399.58
test,2026-03-30,CASH,55000.0,1.0,55000.0
test,2026-03-30,CRCL,252.20679988,89.91,22675.91
test,2026-03-30,CSU.TO,29.08221003,1717.1624,49938.88
test,2026-03-30,DPZ,47.98234165,352.94,16934.89
test,2026-03-30,EL.PA,94.59392789,227.197,21491.46
test,2026-03-30,FICO,17.74496935,1047.9399,18595.66
test,2026-03-30,IBE.MC,921.77634618,22.6622,20889.52
test,2026-03-30,ISRG,52.96984387,452.78,23983.69
test,2026-03-30,JPM,139.65613503,283.77,39630.22
test,2026-03-30,LLY,46.52547503,886.63,41250.88
test,2026-03-30,MELI,24.8230118,1619.2,40193.42
test,2026-03-30,META,90.89669221,536.38,48755.17
test,2026-03-30,MSFT,82.7095662,358.96,29689.43
test,2026-03-30,NVDA,428.95442359,165.17,70850.4
test,2026-03-30,NVO,589.62262913,35.29,20807.78
test,2026-03-30,RACE,54.11841144,327.2,17707.54
test,2026-03-30,RMS.PA,8.02101809,1864.0035,14951.2
test,2026-03-30,STZ,144.96954934,151.0,21890.4
test,2026-03-30,ULTA,49.58595646,510.09,25293.3
test,2026-03-30,V,114.05434968,299.54,34163.84
test,2026-03-30,VICI,711.23753212,27.11,19281.65
test,2026-03-30,VRSK,134.1141744,187.36,25127.63
test,2026-03-30,WM,136.54362152,229.96,31399.57
test,2026-03-30,ZM,231.77656493,78.68,18236.18
test,2026-03-31,AMZN,259.94280433,208.27,54138.29
test,2026-03-31,BABA,272.88852163,125.46,34236.59
test,2026-03-31,BSX,419.5070859,62.75,26324.07
test,2026-03-31,CASH,55000.0,1.0,55000.0
test,2026-03-31,CRCL,252.20679988,95.41,24063.05
test,2026-03-31,CSU.TO,29.08221003,1753.2577,50988.61
test,2026-03-31,DPZ,47.98234165,358.79,17215.58
test,2026-03-31,EL.PA,94.59392789,227.3665,21507.49
test,2026-03-31,FICO,17.74496935,1067.54,18943.47
test,2026-03-31,IBE.MC,921.77634618,22.6278,20857.75
test,2026-03-31,ISRG,52.96984387,460.99,24418.57
test,2026-03-31,JPM,139.65613503,294.16,41081.25
test,2026-03-31,LLY,46.52547503,919.77,42792.74
test,2026-03-31,MELI,24.8230118,1729.02,42919.48
test,2026-03-31,META,90.89669221,572.13,52004.72
test,2026-03-31,MSFT,82.7095662,370.17,30616.6
test,2026-03-31,NVDA,428.95442359,174.4,74809.65
test,2026-03-31,NVO,589.62262913,36.75,21668.63
test,2026-03-31,RACE,54.11841144,338.45,18316.38
test,2026-03-31,RMS.PA,8.02101809,1843.9146,14790.07
test,2026-03-31,STZ,144.96954934,150.0,21745.43
test,2026-03-31,ULTA,49.58595646,522.71,25919.08
test,2026-03-31,V,114.05434968,302.24,34471.79
test,2026-03-31,VICI,711.23753212,27.32,19431.01
test,2026-03-31,VRSK,134.1141744,189.75,25448.16
test,2026-03-31,WM,136.54362152,229.79,31376.36
test,2026-03-31,ZM,231.77656493,80.39,18632.52
test,2026-04-01,AMZN,259.94280433,210.57,54736.16
test,2026-04-01,BABA,272.88852163,123.73,33764.5
test,2026-04-01,BSX,419.5070859,62.0,26009.44
test,2026-04-01,CASH,55000.0,1.0,55000.0
test,2026-04-01,CRCL,252.20679988,90.74,22885.24
test,2026-04-01,CSU.TO,29.08221003,1758.3167,51135.74
test,2026-04-01,DPZ,47.98234165,361.54,17347.54
test,2026-04-01,EL.PA,94.59392789,224.4818,21234.61
test,2026-04-01,FICO,17.74496935,1061.99,18844.98
test,2026-04-01,IBE.MC,921.77634618,23.2294,21412.34
test,2026-04-01,ISRG,52.96984387,464.45,24601.84
test,2026-04-01,JPM,139.65613503,295.38,41251.63
test,2026-04-01,LLY,46.52547503,954.52,44409.5
test,2026-04-01,MELI,24.8230118,1718.97,42670.01
test,2026-04-01,META,90.89669221,579.23,52650.09
test,2026-04-01,MSFT,82.7095662,369.37,30550.43
test,2026-04-01,NVDA,428.95442359,175.75,75388.74
test,2026-04-01,NVO,589.62262913,36.48,21509.43
test,2026-04-01,RACE,54.11841144,342.43,18531.77
test,2026-04-01,RMS.PA,8.02101809,1932.3139,15499.13
test,2026-04-01,STZ,144.96954934,151.09,21903.45
test,2026-04-01,ULTA,49.58595646,536.61,26608.32
test,2026-04-01,V,114.05434968,298.51,34046.37
test,2026-04-01,VICI,711.23753212,27.46,19530.58
test,2026-04-01,VRSK,134.1141744,183.5,24609.95
test,2026-04-01,WM,136.54362152,231.0,31541.58
test,2026-04-01,ZM,231.77656493,80.7,18704.37
test,2026-04-02,AMZN,259.94280433,209.77,54528.2
test,2026-04-02,BABA,272.88852163,122.05,33306.04
test,2026-04-02,BSX,419.5070859,62.82,26353.44
test,2026-04-02,CASH,55000.0,1.0,55000.0
test,2026-04-02,CRCL,252.20679988,90.26,22764.19
test,2026-04-02,CSU.TO,29.08221003,1759.2963,51164.23
test,2026-04-02,DPZ,47.98234165,370.82,17792.81
test,2026-04-02,EL.PA,94.59392789,221.6697,20968.61
test,2026-04-02,FICO,17.74496935,1089.76,19337.76
test,2026-04-02,IBE.MC,921.77634618,23.5984,21752.45
test,2026-04-02,ISRG,52.96984387,452.07,23946.08
test,2026-04-02,JPM,139.65613503,294.6,41142.7
test,2026-04-02,LLY,46.52547503,935.58,43528.3
test,2026-04-02,MELI,24.8230118,1715.52,42584.37
test,2026-04-02,META,90.89669221,574.46,52216.52
test,2026-04-02,MSFT,82.7095662,373.46,30888.71
test,2026-04-02,NVDA,428.95442359,177.39,76092.22
test,2026-04-02,NVO,589.62262913,36.98,21804.24
test,2026-04-02,RACE,54.11841144,340.0,18400.26
test,2026-04-02,RMS.PA,8.02101809,1932.7282,15502.45
test,2026-04-02,STZ,144.96954934,151.2,21919.4
test,2026-04-02,ULTA,49.58595646,537.39,26647.0
test,2026-04-02,V,114.05434968,300.8,34307.55
test,2026-04-02,VICI,711.23753212,27.66,19672.83
test,2026-04-02,VRSK,134.1141744,185.08,24821.85
test,2026-04-02,WM,136.54362152,235.42,32145.1
test,2026-04-02,ZM,231.77656493,82.36,19089.12
test,2026-04-03,AMZN,259.94280433,209.77,54528.2
test,2026-04-03,BABA,272.88852163,122.05,33306.04
test,2026-04-03,BSX,419.5070859,62.82,26353.44
test,2026-04-03,CASH,55000.0,1.0,55000.0
test,2026-04-03,CRCL,252.20679988,90.26,22764.19
test,2026-04-03,CSU.TO,29.08221003,1754.164,51014.97
test,2026-04-03,DPZ,47.98234165,370.82,17792.81
test,2026-04-03,EL.PA,94.59392789,220.7359,20880.27
test,2026-04-03,FICO,17.74496935,1089.76,19337.76
test,2026-04-03,IBE.MC,921.77634618,23.499,21660.82
test,2026-04-03,ISRG,52.96984387,452.07,23946.08
test,2026-04-03,JPM,139.65613503,294.6,41142.7
test,2026-04-03,LLY,46.52547503,935.58,43528.3
test,2026-04-03,MELI,24.8230118,1715.52,42584.37
test,2026-04-03,META,90.89669221,574.46,52216.52
test,2026-04-03,MSFT,82.7095662,373.46,30888.71
test,2026-04-03,NVDA,428.95442359,177.39,76092.22
test,2026-04-03,NVO,589.62262913,36.98,21804.24
test,2026-04-03,RACE,54.11841144,340.0,18400.26
test,2026-04-03,RMS.PA,8.02101809,1924.5863,15437.15
test,2026-04-03,STZ,144.96954934,151.2,21919.4
test,2026-04-03,ULTA,49.58595646,537.39,26647.0
test,2026-04-03,V,114.05434968,300.8,34307.55
test,2026-04-03,VICI,711.23753212,27.66,19672.83
test,2026-04-03,VRSK,134.1141744,185.08,24821.85
test,2026-04-03,WM,136.54362152,235.42,32145.1
test,2026-04-03,ZM,231.77656493,82.36,19089.12
test,2026-04-04,AMZN,259.94280433,209.77,54528.2
test,2026-04-04,BABA,272.88852163,122.05,33306.04
test,2026-04-04,BSX,419.5070859,62.82,26353.44
test,2026-04-04,CASH,55000.0,1.0,55000.0
test,2026-04-04,CRCL,252.20679988,90.26,22764.19
test,2026-04-04,CSU.TO,29.08221003,1754.164,51014.97
test,2026-04-04,DPZ,47.98234165,370.82,17792.81
test,2026-04-04,EL.PA,94.59392789,220.7359,20880.27
test,2026-04-04,FICO,17.74496935,1089.76,19337.76
test,2026-04-04,IBE.MC,921.77634618,23.499,21660.82
test,2026-04-04,ISRG,52.96984387,452.07,23946.08
test,2026-04-04,JPM,139.65613503,294.6,41142.7
test,2026-04-04,LLY,46.52547503,935.58,43528.3
test,2026-04-04,MELI,24.8230118,1715.52,42584.37
test,2026-04-04,META,90.89669221,574.46,52216.52
test,2026-04-04,MSFT,82.7095662,373.46,30888.71
test,2026-04-04,NVDA,428.95442359,177.39,76092.22
test,2026-04-04,NVO,589.62262913,36.98,21804.24
test,2026-04-04,RACE,54.11841144,340.0,18400.26
test,2026-04-04,RMS.PA,8.02101809,1924.5863,15437.15
test,2026-04-04,STZ,144.96954934,151.2,21919.4
test,2026-04-04,ULTA,49.58595646,537.39,26647.0
test,2026-04-04,V,114.05434968,300.8,34307.55
test,2026-04-04,VICI,711.23753212,27.66,19672.83
test,2026-04-04,VRSK,134.1141744,185.08,24821.85
test,2026-04-04,WM,136.54362152,235.42,32145.1
test,2026-04-04,ZM,231.77656493,82.36,19089.12
test,2026-04-05,AMZN,259.94280433,209.77,54528.2
test,2026-04-05,BABA,272.88852163,122.05,33306.04
test,2026-04-05,BSX,419.5070859,62.82,26353.44
test,2026-04-05,CASH,55000.0,1.0,55000.0
test,2026-04-05,CRCL,252.20679988,90.26,22764.19
test,2026-04-05,CSU.TO,29.08221003,1754.164,51014.97
test,2026-04-05,DPZ,47.98234165,370.82,17792.81
test,2026-04-05,EL.PA,94.59392789,220.7359,20880.27
test,2026-04-05,FICO,17.74496935,1089.76,19337.76
test,2026-04-05,IBE.MC,921.77634618,23.499,21660.82
test,2026-04-05,ISRG,52.96984387,452.07,23946.08
test,2026-04-05,JPM,139.65613503,294.6,41142.7
test,2026-04-05,LLY,46.52547503,935.58,43528.3
test,2026-04-05,MELI,24.8230118,1715.52,42584.37
test,2026-04-05,META,90.89669221,574.46,52216.52
test,2026-04-05,MSFT,82.7095662,373.46,30888.71
test,2026-04-05,NVDA,428.95442359,177.39,76092.22
test,2026-04-05,NVO,589.62262913,36.98,21804.24
test,2026-04-05,RACE,54.11841144,340.0,18400.26
test,2026-04-05,RMS.PA,8.02101809,1924.5863,15437.15
test,2026-04-05,STZ,144.96954934,151.2,21919.4
test,2026-04-05,ULTA,49.58595646,537.39,26647.0
test,2026-04-05,V,114.05434968,300.8,34307.55
test,2026-04-05,VICI,711.23753212,27.66,19672.83
test,2026-04-05,VRSK,134.1141744,185.08,24821.85
test,2026-04-05,WM,136.54362152,235.42,32145.1
test,2026-04-05,ZM,231.77656493,82.36,19089.12
test,2026-04-06,AMZN,259.94280433,212.79,55313.23
test,2026-04-06,BABA,272.88852163,122.31,33376.99
test,2026-04-06,BSX,419.5070859,62.59,26256.95
test,2026-04-06,CASH,55000.0,1.0,55000.0
test,2026-04-06,CRCL,252.20679988,92.15,23240.86
test,2026-04-06,CSU.TO,29.08221003,1751.443,50935.84
test,2026-04-06,DPZ,47.98234165,380.77,18270.24
test,2026-04-06,EL.PA,94.59392789,220.1287,20822.83
test,2026-04-06,FICO,17.74496935,1094.3199,19418.67
test,2026-04-06,IBE.MC,921.77634618,23.4344,21601.23
test,2026-04-06,ISRG,52.96984387,452.58,23973.09
test,2026-04-06,JPM,139.65613503,295.45,41261.41
test,2026-04-06,LLY,46.52547503,927.06,43131.91
test,2026-04-06,MELI,24.8230118,1710.37,42456.53
test,2026-04-06,META,90.89669221,573.02,52085.62
test,2026-04-06,MSFT,82.7095662,372.88,30840.74
test,2026-04-06,NVDA,428.95442359,177.64,76199.46
test,2026-04-06,NVO,589.62262913,36.67,21621.46
test,2026-04-06,RACE,54.11841144,338.28,18307.18
test,2026-04-06,RMS.PA,8.02101809,1919.2919,15394.68
test,2026-04-06,STZ,144.96954934,155.25,22506.52
test,2026-04-06,ULTA,49.58595646,542.65,26907.82
test,2026-04-06,V,114.05434968,303.33,34596.1
test,2026-04-06,VICI,711.23753212,27.66,19672.83
test,2026-04-06,VRSK,134.1141744,184.71,24772.23
test,2026-04-06,WM,136.54362152,233.8,31923.9
test,2026-04-06,ZM,231.77656493,82.68,19163.29
test,2026-04-07,AMZN,259.94280433,213.77,55567.97
test,2026-04-07,BABA,272.88852163,119.72,32670.21
test,2026-04-07,BSX,419.5070859,61.86,25950.71
test,2026-04-07,CASH,55000.0,1.0,55000.0
test,2026-04-07,CRCL,252.20679988,94.12,23737.7
test,2026-04-07,CSU.TO,29.08221003,1709.6093,49719.22
test,2026-04-07,DPZ,47.98234165,368.15,17664.7
test,2026-04-07,EL.PA,94.59392789,219.5139,20764.68
test,2026-04-07,FICO,17.74496935,1082.08,19201.48
test,2026-04-07,IBE.MC,921.77634618,23.3825,21553.43
test,2026-04-07,ISRG,52.96984387,452.95,23992.69
test,2026-04-07,JPM,139.65613503,297.4,41533.73
test,2026-04-07,LLY,46.52547503,931.09,43319.41
test,2026-04-07,MELI,24.8230118,1742.3,43249.13
test,2026-04-07,META,90.89669221,575.05,52270.14
test,2026-04-07,MSFT,82.7095662,372.29,30791.95
test,2026-04-07,NVDA,428.95442359,178.1,76396.79
test,2026-04-07,NVO,589.62262913,36.91,21762.97
test,2026-04-07,RACE,54.11841144,334.57,18106.4
test,2026-04-07,RMS.PA,8.02101809,1902.5689,15260.54
test,2026-04-07,STZ,144.96954934,153.83,22300.67
test,2026-04-07,ULTA,49.58595646,532.23,26391.13
test,2026-04-07,V,114.05434968,302.55,34507.14
test,2026-04-07,VICI,711.23753212,27.83,19793.74
test,2026-04-07,VRSK,134.1141744,181.0,24274.67
test,2026-04-07,WM,136.54362152,233.31,31856.99
test,2026-04-07,ZM,231.77656493,84.02,19473.87
test,2026-04-08,AMZN,259.94280433,221.25,57512.35
test,2026-04-08,BABA,272.88852163,125.32,34198.39
test,2026-04-08,BSX,419.5070859,62.56,26244.36
test,2026-04-08,CASH,55000.0,1.0,55000.0
test,2026-04-08,CRCL,252.20679988,94.44,23818.41
test,2026-04-08,CSU.TO,29.08221003,1744.4951,50733.78
test,2026-04-08,DPZ,47.98234165,376.24,18052.88
test,2026-04-08,EL.PA,94.59392789,234.5503,22187.03
test,2026-04-08,FICO,17.74496935,1092.04,19378.22
test,2026-04-08,IBE.MC,921.77634618,23.7004,21846.51
test,2026-04-08,ISRG,52.96984387,462.28,24486.9
test,2026-04-08,JPM,139.65613503,307.97,43009.9
test,2026-04-08,LLY,46.52547503,953.3,44352.73
test,2026-04-08,MELI,24.8230118,1775.74,44079.21
test,2026-04-08,META,90.89669221,612.42,55666.95
test,2026-04-08,MSFT,82.7095662,374.33,30960.67
test,2026-04-08,NVDA,428.95442359,182.08,78104.02
test,2026-04-08,NVO,589.62262913,37.61,22175.71
test,2026-04-08,RACE,54.11841144,351.3,19011.8
test,2026-04-08,RMS.PA,8.02101809,2066.1931,16572.97
test,2026-04-08,STZ,144.96954934,150.26,21783.12
test,2026-04-08,ULTA,49.58595646,532.82,26420.39
test,2026-04-08,V,114.05434968,308.96,35238.23
test,2026-04-08,VICI,711.23753212,27.73,19722.62
test,2026-04-08,VRSK,134.1141744,175.43,23527.65
test,2026-04-08,WM,136.54362152,231.43,31600.29
test,2026-04-08,ZM,231.77656493,83.23,19290.76
test,2026-04-09,AMZN,259.94280433,233.65,60735.63
test,2026-04-09,BABA,272.88852163,127.68,34842.41
test,2026-04-09,BSX,419.5070859,61.28,25707.39
test,2026-04-09,CASH,55000.0,1.0,55000.0
test,2026-04-09,CRCL,252.20679988,85.1,21462.8
test,2026-04-09,CSU.TO,29.08221003,1703.7002,49547.37
test,2026-04-09,DPZ,47.98234165,373.3,17911.81
test,2026-04-09,EL.PA,94.59392789,230.0392,21760.31
test,2026-04-09,FICO,17.74496935,1072.35,19028.82
test,2026-04-09,IBE.MC,921.77634618,23.8784,22010.52
test,2026-04-09,ISRG,52.96984387,454.94,24098.1
test,2026-04-09,JPM,139.65613503,310.33,43339.49
test,2026-04-09,LLY,46.52547503,955.19,44440.67
test,2026-04-09,MELI,24.8230118,1793.21,44512.87
test,2026-04-09,META,90.89669221,628.39,57118.57
test,2026-04-09,MSFT,82.7095662,373.07,30856.46
test,2026-04-09,NVDA,428.95442359,183.91,78889.01
test,2026-04-09,NVO,589.62262913,37.44,22075.47
test,2026-04-09,RACE,54.11841144,352.22,19061.59
test,2026-04-09,RMS.PA,8.02101809,2042.1369,16380.02
test,2026-04-09,STZ,144.96954934,163.07,23640.19
test,2026-04-09,ULTA,49.58595646,532.79,26418.9
test,2026-04-09,V,114.05434968,308.29,35161.82
test,2026-04-09,VICI,711.23753212,28.06,19957.32
test,2026-04-09,VRSK,134.1141744,169.41,22720.28
test,2026-04-09,WM,136.54362152,233.1,31828.32
test,2026-04-09,ZM,231.77656493,84.03,19476.18
test,2026-04-10,AMZN,259.94280433,238.38,61965.17
test,2026-04-10,BABA,272.88852163,127.33,34746.9
test,2026-04-10,BSX,419.5070859,61.79,25921.34
test,2026-04-10,CASH,55000.0,1.0,55000.0
test,2026-04-10,CRCL,252.20679988,88.04,22204.29
test,2026-04-10,CSU.TO,29.08221003,1660.4426,48289.34
test,2026-04-10,DPZ,47.98234165,365.95,17559.14
test,2026-04-10,EL.PA,94.59392789,232.9483,22035.49
test,2026-04-10,FICO,17.74496935,922.37,16367.43
test,2026-04-10,IBE.MC,921.77634618,23.7566,21898.31
test,2026-04-10,ISRG,52.96984387,450.62,23869.27
test,2026-04-10,JPM,139.65613503,309.87,43275.25
test,2026-04-10,LLY,46.52547503,939.47,43709.29
test,2026-04-10,MELI,24.8230118,1773.96,44035.03
test,2026-04-10,META,90.89669221,629.86,57252.19
test,2026-04-10,MSFT,82.7095662,370.87,30674.5
test,2026-04-10,NVDA,428.95442359,188.63,80913.68
test,2026-04-10,NVO,589.62262913,37.52,22122.64
test,2026-04-10,RACE,54.11841144,351.89,19043.73
test,2026-04-10,RMS.PA,8.02101809,2054.7384,16481.09
test,2026-04-10,STZ,144.96954934,166.15,24086.69
test,2026-04-10,ULTA,49.58595646,520.38,25803.54
test,2026-04-10,V,114.05434968,304.36,34713.58
test,2026-04-10,VICI,711.23753212,28.11,19992.89
test,2026-04-10,VRSK,134.1141744,164.28,22032.28
test,2026-04-10,WM,136.54362152,229.45,31329.93
test,2026-04-10,ZM,231.77656493,79.24,18365.97
test,2026-04-11,AMZN,259.94280433,238.38,61965.17
test,2026-04-11,BABA,272.88852163,127.33,34746.9
test,2026-04-11,BSX,419.5070859,61.79,25921.34
test,2026-04-11,CASH,55000.0,1.0,55000.0
test,2026-04-11,CRCL,252.20679988,88.04,22204.29
test,2026-04-11,CSU.TO,29.08221003,1660.4426,48289.34
test,2026-04-11,DPZ,47.98234165,365.95,17559.14
test,2026-04-11,EL.PA,94.59392789,232.9483,22035.49
test,2026-04-11,FICO,17.74496935,922.37,16367.43
test,2026-04-11,IBE.MC,921.77634618,23.7566,21898.31
test,2026-04-11,ISRG,52.96984387,450.62,23869.27
test,2026-04-11,JPM,139.65613503,309.87,43275.25
test,2026-04-11,LLY,46.52547503,939.47,43709.29
test,2026-04-11,MELI,24.8230118,1773.96,44035.03
test,2026-04-11,META,90.89669221,629.86,57252.19
test,2026-04-11,MSFT,82.7095662,370.87,30674.5
test,2026-04-11,NVDA,428.95442359,188.63,80913.68
test,2026-04-11,NVO,589.62262913,37.52,22122.64
test,2026-04-11,RACE,54.11841144,351.89,19043.73
test,2026-04-11,RMS.PA,8.02101809,2054.7384,16481.09
test,2026-04-11,STZ,144.96954934,166.15,24086.69
test,2026-04-11,ULTA,49.58595646,520.38,25803.54
test,2026-04-11,V,114.05434968,304.36,34713.58
test,2026-04-11,VICI,711.23753212,28.11,19992.89
test,2026-04-11,VRSK,134.1141744,164.28,22032.28
test,2026-04-11,WM,136.54362152,229.45,31329.93
test,2026-04-11,ZM,231.77656493,79.24,18365.97
test,2026-04-12,AMZN,259.94280433,238.38,61965.17
test,2026-04-12,BABA,272.88852163,127.33,34746.9
test,2026-04-12,BSX,419.5070859,61.79,25921.34
test,2026-04-12,CASH,55000.0,1.0,55000.0
test,2026-04-12,CRCL,252.20679988,88.04,22204.29
test,2026-04-12,CSU.TO,29.08221003,1660.4426,48289.34
test,2026-04-12,DPZ,47.98234165,365.95,17559.14
test,2026-04-12,EL.PA,94.59392789,232.9483,22035.49
test,2026-04-12,FICO,17.74496935,922.37,16367.43
test,2026-04-12,IBE.MC,921.77634618,23.7566,21898.31
test,2026-04-12,ISRG,52.96984387,450.62,23869.27
test,2026-04-12,JPM,139.65613503,309.87,43275.25
test,2026-04-12,LLY,46.52547503,939.47,43709.29
test,2026-04-12,MELI,24.8230118,1773.96,44035.03
test,2026-04-12,META,90.89669221,629.86,57252.19
test,2026-04-12,MSFT,82.7095662,370.87,30674.5
test,2026-04-12,NVDA,428.95442359,188.63,80913.68
test,2026-04-12,NVO,589.62262913,37.52,22122.64
test,2026-04-12,RACE,54.11841144,351.89,19043.73
test,2026-04-12,RMS.PA,8.02101809,2054.7384,16481.09
test,2026-04-12,STZ,144.96954934,166.15,24086.69
test,2026-04-12,ULTA,49.58595646,520.38,25803.54
test,2026-04-12,V,114.05434968,304.36,34713.58
test,2026-04-12,VICI,711.23753212,28.11,19992.89
test,2026-04-12,VRSK,134.1141744,164.28,22032.28
test,2026-04-12,WM,136.54362152,229.45,31329.93
test,2026-04-12,ZM,231.77656493,79.24,18365.97
test,2026-04-13,AMZN,259.94280433,239.89,62357.68
test,2026-04-13,BABA,272.88852163,128.01,34932.46
test,2026-04-13,BSX,419.5070859,63.18,26504.46
test,2026-04-13,CASH,55000.0,1.0,55000.0
test,2026-04-13,CRCL,252.20679988,98.68,24887.77
test,2026-04-13,CSU.TO,29.08221003,1759.8736,51181.02
test,2026-04-13,DPZ,47.98234165,368.83,17697.33
test,2026-04-13,EL.PA,94.59392789,230.0588,21762.17
test,2026-04-13,FICO,17.74496935,1000.91,17761.12
test,2026-04-13,IBE.MC,921.77634618,23.3853,21556.04
test,2026-04-13,ISRG,52.96984387,458.96,24311.04
test,2026-04-13,JPM,139.65613503,313.68,43807.34
test,2026-04-13,LLY,46.52547503,929.55,43247.75
test,2026-04-13,MELI,24.8230118,1831.9301,45474.02
test,2026-04-13,META,90.89669221,634.53,57676.68
test,2026-04-13,MSFT,82.7095662,384.37,31791.08
test,2026-04-13,NVDA,428.95442359,189.31,81205.36
test,2026-04-13,NVO,589.62262913,37.98,22393.87
test,2026-04-13,RACE,54.11841144,355.14,19219.61
test,2026-04-13,RMS.PA,8.02101809,2057.1615,16500.53
test,2026-04-13,STZ,144.96954934,164.6,23861.99
test,2026-04-13,ULTA,49.58595646,526.76,26119.9
test,2026-04-13,V,114.05434968,309.39,35287.28
test,2026-04-13,VICI,711.23753212,28.33,20149.36
test,2026-04-13,VRSK,134.1141744,167.87,22513.75
test,2026-04-13,WM,136.54362152,231.0,31541.58
test,2026-04-13,ZM,231.77656493,82.8,19191.1
test,2026-04-14,AMZN,259.94280433,249.02,64730.96
test,2026-04-14,BABA,272.88852163,131.35,35843.91
test,2026-04-14,BSX,419.5070859,63.82,26772.94
test,2026-04-14,CASH,55000.0,1.0,55000.0
test,2026-04-14,CRCL,252.20679988,105.49,26605.29
test,2026-04-14,CSU.TO,29.08221003,1824.991,53074.77
test,2026-04-14,DPZ,47.98234165,369.17,17713.64
test,2026-04-14,EL.PA,94.59392789,240.9086,22788.48
test,2026-04-14,FICO,17.74496935,1007.28,17874.15
test,2026-04-14,IBE.MC,921.77634618,23.526,21685.66
test,2026-04-14,ISRG,52.96984387,467.22,24748.57
test,2026-04-14,JPM,139.65613503,311.12,43449.82
test,2026-04-14,LLY,46.52547503,922.5,42919.75
test,2026-04-14,MELI,24.8230118,1840.66,45690.73
test,2026-04-14,META,90.89669221,662.49,60218.15
test,2026-04-14,MSFT,82.7095662,393.11,32513.96
test,2026-04-14,NVDA,428.95442359,196.51,84293.83
test,2026-04-14,NVO,589.62262913,39.32,23183.96
test,2026-04-14,RACE,54.11841144,358.13,19381.43
test,2026-04-14,RMS.PA,8.02101809,2098.3877,16831.2
test,2026-04-14,STZ,144.96954934,164.5,23847.49
test,2026-04-14,ULTA,49.58595646,533.09,26433.78
test,2026-04-14,V,114.05434968,311.37,35513.1
test,2026-04-14,VICI,711.23753212,28.36,20170.7
test,2026-04-14,VRSK,134.1141744,170.63,22883.9
test,2026-04-14,WM,136.54362152,227.09,31007.69
test,2026-04-14,ZM,231.77656493,82.4,19098.39
test,2026-04-15,AMZN,259.94280433,248.5,64595.79
test,2026-04-15,BABA,272.88852163,133.28,36370.58
test,2026-04-15,BSX,419.5070859,64.61,27104.35
test,2026-04-15,CASH,55000.0,1.0,55000.0
test,2026-04-15,CRCL,252.20679988,105.52,26612.86
test,2026-04-15,CSU.TO,29.08221003,1911.6235,55594.23
test,2026-04-15,DPZ,47.98234165,368.07,17660.86
test,2026-04-15,EL.PA,94.59392789,241.4159,22836.48
test,2026-04-15,FICO,17.74496935,1030.8101,18291.69
test,2026-04-15,IBE.MC,921.77634618,23.469,21633.19
test,2026-04-15,ISRG,52.96984387,468.36,24808.96
test,2026-04-15,JPM,139.65613503,305.93,42725.0
test,2026-04-15,LLY,46.52547503,905.03,42106.95
test,2026-04-15,MELI,24.8230118,1872.12,46471.66
test,2026-04-15,META,90.89669221,671.58,61044.4
test,2026-04-15,MSFT,82.7095662,411.22,34011.83
test,2026-04-15,NVDA,428.95442359,198.87,85306.16
test,2026-04-15,NVO,589.62262913,40.81,24062.5
test,2026-04-15,RACE,54.11841144,357.06,19323.52
test,2026-04-15,RMS.PA,8.02101809,1930.9733,15488.37
test,2026-04-15,STZ,144.96954934,163.95,23767.76
test,2026-04-15,ULTA,49.58595646,539.14,26733.77
test,2026-04-15,V,114.05434968,315.91,36030.91
test,2026-04-15,VICI,711.23753212,28.13,20007.11
test,2026-04-15,VRSK,134.1141744,176.84,23716.75
test,2026-04-15,WM,136.54362152,224.93,30712.76
test,2026-04-15,ZM,231.77656493,89.03,20635.07
test,2026-04-16,AMZN,259.94280433,249.7,64907.72
test,2026-04-16,BABA,272.88852163,138.59,37819.62
test,2026-04-16,BSX,419.5070859,63.42,26605.14
test,2026-04-16,CASH,55000.0,1.0,55000.0
test,2026-04-16,CRCL,252.20679988,107.46,27102.14
test,2026-04-16,CSU.TO,29.08221003,1916.4173,55733.66
test,2026-04-16,DPZ,47.98234165,369.0,17705.48
test,2026-04-16,EL.PA,94.59392789,244.3316,23112.29
test,2026-04-16,FICO,17.74496935,1069.9301,18985.88
test,2026-04-16,IBE.MC,921.77634618,23.453,21618.42
test,2026-04-16,ISRG,52.96984387,458.08,24264.43
test,2026-04-16,JPM,139.65613503,309.95,43286.42
test,2026-04-16,LLY,46.52547503,903.99,42058.56
test,2026-04-16,MELI,24.8230118,1822.13,45230.75
test,2026-04-16,META,90.89669221,676.87,61525.24
test,2026-04-16,MSFT,82.7095662,420.26,34759.52
test,2026-04-16,NVDA,428.95442359,198.35,85083.11
test,2026-04-16,NVO,589.62262913,40.93,24133.25
test,2026-04-16,RACE,54.11841144,356.52,19294.3
test,2026-04-16,RMS.PA,8.02101809,1953.826,15671.67
test,2026-04-16,STZ,144.96954934,164.25,23811.25
test,2026-04-16,ULTA,49.58595646,539.44,26748.65
test,2026-04-16,V,114.05434968,315.1,35938.53
test,2026-04-16,VICI,711.23753212,28.4,20199.15
test,2026-04-16,VRSK,134.1141744,178.31,23913.9
test,2026-04-16,WM,136.54362152,224.08,30596.69
test,2026-04-16,ZM,231.77656493,86.68,20090.39
test,2026-04-17,AMZN,259.94280433,250.56,65131.27
test,2026-04-17,BABA,272.88852163,141.01,38480.01
test,2026-04-17,BSX,419.5070859,64.23,26944.94
test,2026-04-17,CASH,55000.0,1.0,55000.0
test,2026-04-17,CRCL,252.20679988,105.91,26711.22
test,2026-04-17,CSU.TO,29.08221003,1917.0607,55752.36
test,2026-04-17,DPZ,47.98234165,372.06,17852.31
test,2026-04-17,EL.PA,94.59392789,254.1534,24041.37
test,2026-04-17,FICO,17.74496935,1073.52,19049.58
test,2026-04-17,IBE.MC,921.77634618,23.3298,21504.86
test,2026-04-17,ISRG,52.96984387,469.21,24853.98
test,2026-04-17,JPM,139.65613503,310.29,43333.9
test,2026-04-17,LLY,46.52547503,927.03,43130.51
test,2026-04-17,MELI,24.8230118,1855.83,46067.29
test,2026-04-17,META,90.89669221,688.55,62586.92
test,2026-04-17,MSFT,82.7095662,422.79,34968.78
test,2026-04-17,NVDA,428.95442359,201.68,86511.53
test,2026-04-17,NVO,589.62262913,40.52,23891.51
test,2026-04-17,RACE,54.11841144,372.85,20178.05
test,2026-04-17,RMS.PA,8.02101809,2051.3728,16454.1
test,2026-04-17,STZ,144.96954934,162.28,23525.66
test,2026-04-17,ULTA,49.58595646,553.36,27438.88
test,2026-04-17,V,114.05434968,317.02,36157.51
test,2026-04-17,VICI,711.23753212,29.01,20633.0
test,2026-04-17,VRSK,134.1141744,178.07,23881.71
test,2026-04-17,WM,136.54362152,223.95,30578.94
test,2026-04-17,ZM,231.77656493,88.02,20400.97
test,2026-04-18,AMZN,259.94280433,250.56,65131.27
test,2026-04-18,BABA,272.88852163,141.01,38480.01
test,2026-04-18,BSX,419.5070859,64.23,26944.94
test,2026-04-18,CASH,55000.0,1.0,55000.0
test,2026-04-18,CRCL,252.20679988,105.91,26711.22
test,2026-04-18,CSU.TO,29.08221003,1917.0607,55752.36
test,2026-04-18,DPZ,47.98234165,372.06,17852.31
test,2026-04-18,EL.PA,94.59392789,254.1534,24041.37
test,2026-04-18,FICO,17.74496935,1073.52,19049.58
test,2026-04-18,IBE.MC,921.77634618,23.3298,21504.86
test,2026-04-18,ISRG,52.96984387,469.21,24853.98
test,2026-04-18,JPM,139.65613503,310.29,43333.9
test,2026-04-18,LLY,46.52547503,927.03,43130.51
test,2026-04-18,MELI,24.8230118,1855.83,46067.29
test,2026-04-18,META,90.89669221,688.55,62586.92
test,2026-04-18,MSFT,82.7095662,422.79,34968.78
test,2026-04-18,NVDA,428.95442359,201.68,86511.53
test,2026-04-18,NVO,589.62262913,40.52,23891.51
test,2026-04-18,RACE,54.11841144,372.85,20178.05
test,2026-04-18,RMS.PA,8.02101809,2051.3728,16454.1
test,2026-04-18,STZ,144.96954934,162.28,23525.66
test,2026-04-18,ULTA,49.58595646,553.36,27438.88
test,2026-04-18,V,114.05434968,317.02,36157.51
test,2026-04-18,VICI,711.23753212,29.01,20633.0
test,2026-04-18,VRSK,134.1141744,178.07,23881.71
test,2026-04-18,WM,136.54362152,223.95,30578.94
test,2026-04-18,ZM,231.77656493,88.02,20400.97
test,2026-04-19,AMZN,259.94280433,250.56,65131.27
test,2026-04-19,BABA,272.88852163,141.01,38480.01
test,2026-04-19,BSX,419.5070859,64.23,26944.94
test,2026-04-19,CASH,55000.0,1.0,55000.0
test,2026-04-19,CRCL,252.20679988,105.91,26711.22
test,2026-04-19,CSU.TO,29.08221003,1917.0607,55752.36
test,2026-04-19,DPZ,47.98234165,372.06,17852.31
test,2026-04-19,EL.PA,94.59392789,254.1534,24041.37
test,2026-04-19,FICO,17.74496935,1073.52,19049.58
test,2026-04-19,IBE.MC,921.77634618,23.3298,21504.86
test,2026-04-19,ISRG,52.96984387,469.21,24853.98
test,2026-04-19,JPM,139.65613503,310.29,43333.9
test,2026-04-19,LLY,46.52547503,927.03,43130.51
test,2026-04-19,MELI,24.8230118,1855.83,46067.29
test,2026-04-19,META,90.89669221,688.55,62586.92
test,2026-04-19,MSFT,82.7095662,422.79,34968.78
test,2026-04-19,NVDA,428.95442359,201.68,86511.53
test,2026-04-19,NVO,589.62262913,40.52,23891.51
test,2026-04-19,RACE,54.11841144,372.85,20178.05
test,2026-04-19,RMS.PA,8.02101809,2051.3728,16454.1
test,2026-04-19,STZ,144.96954934,162.28,23525.66
test,2026-04-19,ULTA,49.58595646,553.36,27438.88
test,2026-04-19,V,114.05434968,317.02,36157.51
test,2026-04-19,VICI,711.23753212,29.01,20633.0
test,2026-04-19,VRSK,134.1141744,178.07,23881.71
test,2026-04-19,WM,136.54362152,223.95,30578.94
test,2026-04-19,ZM,231.77656493,88.02,20400.97
test,2026-04-20,AMZN,259.94280433,248.28,64538.6
test,2026-04-20,BABA,272.88852163,140.17,38250.78
test,2026-04-20,BSX,419.5070859,60.99,25585.74
test,2026-04-20,CASH,55000.0,1.0,55000.0
test,2026-04-20,CRCL,252.20679988,106.36,26824.72
test,2026-04-20,CSU.TO,29.08221003,1943.4003,56518.37
test,2026-04-20,DPZ,47.98234165,369.46,17727.56
test,2026-04-20,EL.PA,94.59392789,242.4563,22934.89
test,2026-04-20,FICO,17.74496935,1063.41,18870.18
test,2026-04-20,IBE.MC,921.77634618,23.3298,21504.87
test,2026-04-20,ISRG,52.96984387,465.6,24662.76
test,2026-04-20,JPM,139.65613503,316.99,44269.6
test,2026-04-20,LLY,46.52547503,919.9,42798.79
test,2026-04-20,MELI,24.8230118,1870.08,46421.02
test,2026-04-20,META,90.89669221,670.91,60983.5
test,2026-04-20,MSFT,82.7095662,418.07,34578.39
test,2026-04-20,NVDA,428.95442359,202.06,86674.53
test,2026-04-20,NVO,589.62262913,40.46,23856.13
test,2026-04-20,RACE,54.11841144,372.84,20177.51
test,2026-04-20,RMS.PA,8.02101809,1991.3115,15972.35
test,2026-04-20,STZ,144.96954934,159.82,23169.03
test,2026-04-20,ULTA,49.58595646,572.24,28375.07
test,2026-04-20,V,114.05434968,313.94,35806.22
test,2026-04-20,VICI,711.23753212,28.78,20469.42
test,2026-04-20,VRSK,134.1141744,179.75,24107.02
test,2026-04-20,WM,136.54362152,224.18,30610.35
test,2026-04-20,ZM,231.77656493,90.56,20989.69
test,2026-04-21,AMZN,259.94280433,249.91,64962.31
test,2026-04-21,BABA,272.88852163,135.38,36943.65
test,2026-04-21,BSX,419.5070859,59.52,24969.06
test,2026-04-21,CASH,55000.0,1.0,55000.0
test,2026-04-21,CRCL,252.20679988,96.02,24216.9
test,2026-04-21,CSU.TO,29.08221003,1906.4057,55442.49
test,2026-04-21,DPZ,47.98234165,369.2,17715.08
test,2026-04-21,EL.PA,94.59392789,243.5834,23041.51
test,2026-04-21,FICO,17.74496935,1036.7,18396.21
test,2026-04-21,IBE.MC,921.77634618,23.4863,21649.12
test,2026-04-21,ISRG,52.96984387,451.29,23904.76
test,2026-04-21,JPM,139.65613503,313.0,43712.37
test,2026-04-21,LLY,46.52547503,903.02,42013.44
test,2026-04-21,MELI,24.8230118,1854.1801,46026.33
test,2026-04-21,META,90.89669221,668.84,60795.35
test,2026-04-21,MSFT,82.7095662,424.16,35082.09
test,2026-04-21,NVDA,428.95442359,199.88,85739.41
test,2026-04-21,NVO,589.62262913,39.42,23242.92
test,2026-04-21,RACE,54.11841144,358.5,19401.45
test,2026-04-21,RMS.PA,8.02101809,1975.0642,15842.03
test,2026-04-21,STZ,144.96954934,156.95,22752.97
test,2026-04-21,ULTA,49.58595646,570.16,28271.93
test,2026-04-21,V,114.05434968,309.94,35350.01
test,2026-04-21,VICI,711.23753212,28.42,20213.37
test,2026-04-21,VRSK,134.1141744,182.09,24420.85
test,2026-04-21,WM,136.54362152,223.42,30506.58
test,2026-04-21,ZM,231.77656493,90.96,21082.4
test,2026-04-22,AMZN,259.94280433,255.36,66378.99
test,2026-04-22,BABA,272.88852163,136.42,37227.45
test,2026-04-22,BSX,419.5070859,64.87,27213.43
test,2026-04-22,CASH,55000.0,1.0,55000.0
test,2026-04-22,CRCL,252.20679988,104.36,26320.3
test,2026-04-22,CSU.TO,29.08221003,1941.4099,56460.49
test,2026-04-22,DPZ,47.98234165,365.93,17558.18
test,2026-04-22,EL.PA,94.59392789,236.6468,22385.34
test,2026-04-22,FICO,17.74496935,970.17,17215.64
test,2026-04-22,IBE.MC,921.77634618,23.418,21586.21
test,2026-04-22,ISRG,52.96984387,483.62,25617.28
test,2026-04-22,JPM,139.65613503,313.02,43715.16
test,2026-04-22,LLY,46.52547503,921.48,42872.29
test,2026-04-22,MELI,24.8230118,1860.98,46195.13
test,2026-04-22,META,90.89669221,674.72,61329.81
test,2026-04-22,MSFT,82.7095662,432.92,35806.63
test,2026-04-22,NVDA,428.95442359,202.5,86863.27
test,2026-04-22,NVO,589.62262913,39.15,23083.73
test,2026-04-22,RACE,54.11841144,358.58,19405.78
test,2026-04-22,RMS.PA,8.02101809,1932.5175,15500.75
test,2026-04-22,STZ,144.96954934,156.88,22742.82
test,2026-04-22,ULTA,49.58595646,563.91,27962.02
test,2026-04-22,V,114.05434968,311.29,35503.98
test,2026-04-22,VICI,711.23753212,28.2,20056.9
test,2026-04-22,VRSK,134.1141744,178.89,23991.68
test,2026-04-22,WM,136.54362152,223.93,30576.21
test,2026-04-22,ZM,231.77656493,91.92,21304.9
test,2026-04-23,AMZN,259.94280433,255.08,66306.21
test,2026-04-23,BABA,272.88852163,131.7,35939.42
test,2026-04-23,BSX,419.5070859,65.69,27557.42
test,2026-04-23,CASH,55000.0,1.0,55000.0
test,2026-04-23,CRCL,252.20679988,100.01,25223.2
test,2026-04-23,CSU.TO,29.08221003,1829.6159,53209.28
test,2026-04-23,DPZ,47.98234165,372.39,17868.14
test,2026-04-23,EL.PA,94.59392789,224.5218,21238.4
test,2026-04-23,FICO,17.74496935,979.76,17385.81
test,2026-04-23,IBE.MC,921.77634618,23.4355,21602.28
test,2026-04-23,ISRG,52.96984387,478.82,25363.02
test,2026-04-23,JPM,139.65613503,311.69,43529.42
test,2026-04-23,LLY,46.52547503,917.65,42694.1
test,2026-04-23,MELI,24.8230118,1809.2,44909.79
test,2026-04-23,META,90.89669221,659.15,59914.56
test,2026-04-23,MSFT,82.7095662,415.75,34386.5
test,2026-04-23,NVDA,428.95442359,199.64,85636.46
test,2026-04-23,NVO,589.62262913,38.52,22712.26
test,2026-04-23,RACE,54.11841144,354.19,19168.2
test,2026-04-23,RMS.PA,8.02101809,1959.5907,15717.91
test,2026-04-23,STZ,144.96954934,159.31,23095.1
test,2026-04-23,ULTA,49.58595646,564.44,27988.3
test,2026-04-23,V,114.05434968,308.88,35229.11
test,2026-04-23,VICI,711.23753212,28.51,20277.38
test,2026-04-23,VRSK,134.1141744,177.14,23756.98
test,2026-04-23,WM,136.54362152,232.8,31787.36
test,2026-04-23,ZM,231.77656493,90.01,20862.21
test,2026-04-24,AMZN,259.94280433,263.99,68622.3
test,2026-04-24,BABA,272.88852163,135.82,37063.72
test,2026-04-24,BSX,419.5070859,62.07,26038.8
test,2026-04-24,CASH,55000.0,1.0,55000.0
test,2026-04-24,CRCL,252.20679988,99.66,25134.93
test,2026-04-24,CSU.TO,29.08221003,1759.9135,51182.18
test,2026-04-24,DPZ,47.98234165,367.83,17649.34
test,2026-04-24,EL.PA,94.59392789,216.9697,20524.01
test,2026-04-24,FICO,17.74496935,1004.72,17828.73
test,2026-04-24,IBE.MC,921.77634618,23.2801,21459.07
test,2026-04-24,ISRG,52.96984387,482.22,25543.12
test,2026-04-24,JPM,139.65613503,308.28,43053.19
test,2026-04-24,LLY,46.52547503,883.96,41126.66
test,2026-04-24,MELI,24.8230118,1835.22,45555.69
test,2026-04-24,META,90.89669221,675.03,61358.0
test,2026-04-24,MSFT,82.7095662,424.62,35120.14
test,2026-04-24,NVDA,428.95442359,208.27,89338.34
test,2026-04-24,NVO,589.62262913,41.17,24274.76
test,2026-04-24,RACE,54.11841144,351.95,19046.98
test,2026-04-24,RMS.PA,8.02101809,1925.5034,15444.5
test,2026-04-24,STZ,144.96954934,156.0,22615.25
test,2026-04-24,ULTA,49.58595646,558.55,27696.24
test,2026-04-24,V,114.05434968,309.42,35290.7
test,2026-04-24,VICI,711.23753212,28.42,20213.37
test,2026-04-24,VRSK,134.1141744,177.59,23817.34
test,2026-04-24,WM,136.54362152,229.53,31340.86
test,2026-04-24,ZM,231.77656493,92.03,21330.4
test,2026-04-25,AMZN,259.94280433,263.99,68622.3
test,2026-04-25,BABA,272.88852163,135.82,37063.72
test,2026-04-25,BSX,419.5070859,62.07,26038.8
test,2026-04-25,CASH,55000.0,1.0,55000.0
test,2026-04-25,CRCL,252.20679988,99.66,25134.93
test,2026-04-25,CSU.TO,29.08221003,1759.9135,51182.18
test,2026-04-25,DPZ,47.98234165,367.83,17649.34
test,2026-04-25,EL.PA,94.59392789,216.9697,20524.01
test,2026-04-25,FICO,17.74496935,1004.72,17828.73
test,2026-04-25,IBE.MC,921.77634618,23.2801,21459.07
test,2026-04-25,ISRG,52.96984387,482.22,25543.12
test,2026-04-25,JPM,139.65613503,308.28,43053.19
test,2026-04-25,LLY,46.52547503,883.96,41126.66
test,2026-04-25,MELI,24.8230118,1835.22,45555.69
test,2026-04-25,META,90.89669221,675.03,61358.0
test,2026-04-25,MSFT,82.7095662,424.62,35120.14
test,2026-04-25,NVDA,428.95442359,208.27,89338.34
test,2026-04-25,NVO,589.62262913,41.17,24274.76
test,2026-04-25,RACE,54.11841144,351.95,19046.98
test,2026-04-25,RMS.PA,8.02101809,1925.5034,15444.5
test,2026-04-25,STZ,144.96954934,156.0,22615.25
test,2026-04-25,ULTA,49.58595646,558.55,27696.24
test,2026-04-25,V,114.05434968,309.42,35290.7
test,2026-04-25,VICI,711.23753212,28.42,20213.37
test,2026-04-25,VRSK,134.1141744,177.59,23817.34
test,2026-04-25,WM,136.54362152,229.53,31340.86
test,2026-04-25,ZM,231.77656493,92.03,21330.4
test,2026-04-26,AMZN,259.94280433,263.99,68622.3
test,2026-04-26,BABA,272.88852163,135.82,37063.72
test,2026-04-26,BSX,419.5070859,62.07,26038.8
test,2026-04-26,CASH,55000.0,1.0,55000.0
test,2026-04-26,CRCL,252.20679988,99.66,25134.93
test,2026-04-26,CSU.TO,29.08221003,1759.9135,51182.18
test,2026-04-26,DPZ,47.98234165,367.83,17649.34
test,2026-04-26,EL.PA,94.59392789,216.9697,20524.01
test,2026-04-26,FICO,17.74496935,1004.72,17828.73
test,2026-04-26,IBE.MC,921.77634618,23.2801,21459.07
test,2026-04-26,ISRG,52.96984387,482.22,25543.12
test,2026-04-26,JPM,139.65613503,308.28,43053.19
test,2026-04-26,LLY,46.52547503,883.96,41126.66
test,2026-04-26,MELI,24.8230118,1835.22,45555.69
test,2026-04-26,META,90.89669221,675.03,61358.0
test,2026-04-26,MSFT,82.7095662,424.62,35120.14
test,2026-04-26,NVDA,428.95442359,208.27,89338.34
test,2026-04-26,NVO,589.62262913,41.17,24274.76
test,2026-04-26,RACE,54.11841144,351.95,19046.98
test,2026-04-26,RMS.PA,8.02101809,1925.5034,15444.5
test,2026-04-26,STZ,144.96954934,156.0,22615.25
test,2026-04-26,ULTA,49.58595646,558.55,27696.24
test,2026-04-26,V,114.05434968,309.42,35290.7
test,2026-04-26,VICI,711.23753212,28.42,20213.37
test,2026-04-26,VRSK,134.1141744,177.59,23817.34
test,2026-04-26,WM,136.54362152,229.53,31340.86
test,2026-04-26,ZM,231.77656493,92.03,21330.4
test,2026-04-27,AMZN,259.94280433,261.12,67876.26
test,2026-04-27,BABA,272.88852163,132.52,36163.19
test,2026-04-27,BSX,419.5070859,59.95,25149.45
test,2026-04-27,CASH,55000.0,1.0,55000.0
test,2026-04-27,CRCL,252.20679988,95.44,24070.62
test,2026-04-27,CSU.TO,29.08221003,1785.0249,51912.47
test,2026-04-27,DPZ,47.98234165,335.3,16088.48
test,2026-04-27,EL.PA,94.59392789,218.2667,20646.71
test,2026-04-27,FICO,17.74496935,1013.83,17990.38
test,2026-04-27,IBE.MC,921.77634618,23.4012,21570.66
test,2026-04-27,ISRG,52.96984387,470.99,24948.27
test,2026-04-27,JPM,139.65613503,311.63,43521.04
test,2026-04-27,LLY,46.52547503,868.27,40396.68
test,2026-04-27,MELI,24.8230118,1839.28,45656.47
test,2026-04-27,META,90.89669221,678.62,61684.31
test,2026-04-27,MSFT,82.7095662,424.82,35136.68
test,2026-04-27,NVDA,428.95442359,216.61,92915.82
test,2026-04-27,NVO,589.62262913,41.2,24292.45
test,2026-04-27,RACE,54.11841144,347.81,18822.92
test,2026-04-27,RMS.PA,8.02101809,1940.9292,15568.23
test,2026-04-27,STZ,144.96954934,155.08,22481.88
test,2026-04-27,ULTA,49.58595646,539.66,26759.56
test,2026-04-27,V,114.05434968,309.65,35316.93
test,2026-04-27,VICI,711.23753212,28.44,20227.6
test,2026-04-27,VRSK,134.1141744,174.9,23456.57
test,2026-04-27,WM,136.54362152,226.2,30886.17
test,2026-04-27,ZM,231.77656493,90.83,21052.27
test,2026-04-28,AMZN,259.94280433,259.7,67507.15
test,2026-04-28,BABA,272.88852163,130.85,35707.46
test,2026-04-28,BSX,419.5070859,58.45,24520.19
test,2026-04-28,CASH,55000.0,1.0,55000.0
test,2026-04-28,CRCL,252.20679988,94.35,23795.71
test,2026-04-28,CSU.TO,29.08221003,1787.6078,51987.59
test,2026-04-28,DPZ,47.98234165,340.46,16336.07
test,2026-04-28,EL.PA,94.59392789,214.1877,20260.86
test,2026-04-28,FICO,17.74496935,1010.5,17931.29
test,2026-04-28,IBE.MC,921.77634618,23.6345,21785.74
test,2026-04-28,ISRG,52.96984387,466.64,24717.85
test,2026-04-28,JPM,139.65613503,311.45,43495.9
test,2026-04-28,LLY,46.52547503,874.0,40663.27
test,2026-04-28,MELI,24.8230118,1791.99,44482.59
test,2026-04-28,META,90.89669221,671.34,61022.59
test,2026-04-28,MSFT,82.7095662,429.25,35503.08
test,2026-04-28,NVDA,428.95442359,213.17,91440.21
test,2026-04-28,NVO,589.62262913,41.17,24274.76
test,2026-04-28,RACE,54.11841144,342.71,18546.92
test,2026-04-28,RMS.PA,8.02101809,1902.1325,15257.04
test,2026-04-28,STZ,144.96954934,155.39,22526.82
test,2026-04-28,ULTA,49.58595646,538.15,26684.68
test,2026-04-28,V,114.05434968,309.3,35277.01
test,2026-04-28,VICI,711.23753212,28.65,20376.96
test,2026-04-28,VRSK,134.1141744,176.66,23692.61
test,2026-04-28,WM,136.54362152,227.35,31043.19
test,2026-04-28,ZM,231.77656493,91.14,21124.12
test,2026-04-29,AMZN,259.94280433,263.04,68375.36
test,2026-04-29,BABA,272.88852163,130.43,35592.85
test,2026-04-29,BSX,419.5070859,57.15,23974.83
test,2026-04-29,CASH,55000.0,1.0,55000.0
test,2026-04-29,CRCL,252.20679988,95.56,24100.88
test,2026-04-29,CSU.TO,29.08221003,1786.9435,51968.27
test,2026-04-29,DPZ,47.98234165,332.31,15945.01
test,2026-04-29,EL.PA,94.59392789,211.6241,20018.35
test,2026-04-29,FICO,17.74496935,1043.5699,18518.12
test,2026-04-29,IBE.MC,921.77634618,23.3361,21510.64
test,2026-04-29,ISRG,52.96984387,453.83,24039.3
test,2026-04-29,JPM,139.65613503,309.25,43188.66
test,2026-04-29,LLY,46.52547503,851.21,39602.95
test,2026-04-29,MELI,24.8230118,1767.02,43862.76
test,2026-04-29,META,90.89669221,669.12,60820.79
test,2026-04-29,MSFT,82.7095662,424.46,35106.9
test,2026-04-29,NVDA,428.95442359,209.25,89758.71
test,2026-04-29,NVO,589.62262913,40.29,23755.9
test,2026-04-29,RACE,54.11841144,337.54,18267.13
test,2026-04-29,RMS.PA,8.02101809,1883.6419,15108.72
test,2026-04-29,STZ,144.96954934,150.4,21803.42
test,2026-04-29,ULTA,49.58595646,530.23,26291.96
test,2026-04-29,V,114.05434968,334.86,38192.24
test,2026-04-29,VICI,711.23753212,28.6,20341.39
test,2026-04-29,VRSK,134.1141744,188.19,25238.95
test,2026-04-29,WM,136.54362152,230.31,31447.36
test,2026-04-29,ZM,231.77656493,95.76,22194.92
test,2026-04-30,AMZN,259.94280433,265.06,68900.44
test,2026-04-30,BABA,272.88852163,131.88,35988.54
test,2026-04-30,BSX,419.5070859,57.61,24167.8
test,2026-04-30,CASH,55000.0,1.0,55000.0
test,2026-04-30,CRCL,252.20679988,90.88,22920.55
test,2026-04-30,CSU.TO,29.08221003,1809.5498,52625.71
test,2026-04-30,DPZ,47.98234165,339.42,16286.17
test,2026-04-30,EL.PA,94.59392789,211.7852,20033.59
test,2026-04-30,FICO,17.74496935,1025.0,18188.59
test,2026-04-30,IBE.MC,921.77634618,23.311,21487.51
test,2026-04-30,ISRG,52.96984387,457.61,24239.53
test,2026-04-30,JPM,139.65613503,313.23,43744.49
test,2026-04-30,LLY,46.52547503,934.6,43482.71
test,2026-04-30,MELI,24.8230118,1792.63,44498.48
test,2026-04-30,META,90.89669221,611.91,55620.59
test,2026-04-30,MSFT,82.7095662,407.78,33727.31
test,2026-04-30,NVDA,428.95442359,199.57,85606.44
test,2026-04-30,NVO,589.62262913,42.22,24893.87
test,2026-04-30,RACE,54.11841144,347.3,18795.32
test,2026-04-30,RMS.PA,8.02101809,1897.0111,15215.96
test,2026-04-30,STZ,144.96954934,156.58,22699.33
test,2026-04-30,ULTA,49.58595646,537.48,26651.46
test,2026-04-30,V,114.05434968,329.84,37619.69
test,2026-04-30,VICI,711.23753212,29.2,20768.14
test,2026-04-30,VRSK,134.1141744,184.49,24742.72
test,2026-04-30,WM,136.54362152,232.55,31753.22
test,2026-04-30,ZM,231.77656493,97.15,22517.09
test,2026-05-01,AMZN,259.94280433,268.26,69732.26
test,2026-05-01,BABA,272.88852163,131.5,35884.84
test,2026-05-01,BSX,419.5070859,56.5,23702.15
test,2026-05-01,CASH,55000.0,1.0,55000.0
test,2026-05-01,CRCL,252.20679988,99.7,25145.02
test,2026-05-01,CSU.TO,29.08221003,1798.2488,52297.04
test,2026-05-01,DPZ,47.98234165,337.77,16207.0
test,2026-05-01,EL.PA,94.59392789,212.59,20109.72
test,2026-05-01,FICO,17.74496935,1035.5,18374.92
test,2026-05-01,IBE.MC,921.77634618,23.3996,21569.17
test,2026-05-01,ISRG,52.96984387,457.78,24248.54
test,2026-05-01,JPM,139.65613503,312.47,43638.35
test,2026-05-01,LLY,46.52547503,963.33,44819.39
test,2026-05-01,MELI,24.8230118,1850.05,45923.81
test,2026-05-01,META,90.89669221,608.75,55333.36
test,2026-05-01,MSFT,82.7095662,414.44,34278.15
test,2026-05-01,NVDA,428.95442359,198.45,85126.0
test,2026-05-01,NVO,589.62262913,43.88,25872.64
test,2026-05-01,RACE,54.11841144,341.26,18468.45
test,2026-05-01,RMS.PA,8.02101809,1904.2201,15273.78
test,2026-05-01,STZ,144.96954934,152.82,22154.25
test,2026-05-01,ULTA,49.58595646,531.95,26377.25
test,2026-05-01,V,114.05434968,328.03,37413.25
test,2026-05-01,VICI,711.23753212,28.58,20327.17
test,2026-05-01,VRSK,134.1141744,181.11,24289.42
test,2026-05-01,WM,136.54362152,228.77,31237.08
test,2026-05-01,ZM,231.77656493,103.44,23974.97
test,2026-05-02,AMZN,259.94280433,268.26,69732.26
test,2026-05-02,BABA,272.88852163,131.5,35884.84
test,2026-05-02,BSX,419.5070859,56.5,23702.15
test,2026-05-02,CASH,55000.0,1.0,55000.0
test,2026-05-02,CRCL,252.20679988,99.7,25145.02
test,2026-05-02,CSU.TO,29.08221003,1798.2488,52297.04
test,2026-05-02,DPZ,47.98234165,337.77,16207.0
test,2026-05-02,EL.PA,94.59392789,212.59,20109.72
test,2026-05-02,FICO,17.74496935,1035.5,18374.92
test,2026-05-02,IBE.MC,921.77634618,23.3996,21569.17
test,2026-05-02,ISRG,52.96984387,457.78,24248.54
test,2026-05-02,JPM,139.65613503,312.47,43638.35
test,2026-05-02,LLY,46.52547503,963.33,44819.39
test,2026-05-02,MELI,24.8230118,1850.05,45923.81
test,2026-05-02,META,90.89669221,608.75,55333.36
test,2026-05-02,MSFT,82.7095662,414.44,34278.15
test,2026-05-02,NVDA,428.95442359,198.45,85126.0
test,2026-05-02,NVO,589.62262913,43.88,25872.64
test,2026-05-02,RACE,54.11841144,341.26,18468.45
test,2026-05-02,RMS.PA,8.02101809,1904.2201,15273.78
test,2026-05-02,STZ,144.96954934,152.82,22154.25
test,2026-05-02,ULTA,49.58595646,531.95,26377.25
test,2026-05-02,V,114.05434968,328.03,37413.25
test,2026-05-02,VICI,711.23753212,28.58,20327.17
test,2026-05-02,VRSK,134.1141744,181.11,24289.42
test,2026-05-02,WM,136.54362152,228.77,31237.08
test,2026-05-02,ZM,231.77656493,103.44,23974.97
test,2026-05-03,AMZN,259.94280433,268.26,69732.26
test,2026-05-03,BABA,272.88852163,131.5,35884.84
test,2026-05-03,BSX,419.5070859,56.5,23702.15
test,2026-05-03,CASH,55000.0,1.0,55000.0
test,2026-05-03,CRCL,252.20679988,99.7,25145.02
test,2026-05-03,CSU.TO,29.08221003,1798.2488,52297.04
test,2026-05-03,DPZ,47.98234165,337.77,16207.0
test,2026-05-03,EL.PA,94.59392789,212.59,20109.72
test,2026-05-03,FICO,17.74496935,1035.5,18374.92
test,2026-05-03,IBE.MC,921.77634618,23.3996,21569.17
test,2026-05-03,ISRG,52.96984387,457.78,24248.54
test,2026-05-03,JPM,139.65613503,312.47,43638.35
test,2026-05-03,LLY,46.52547503,963.33,44819.39
test,2026-05-03,MELI,24.8230118,1850.05,45923.81
test,2026-05-03,META,90.89669221,608.75,55333.36
test,2026-05-03,MSFT,82.7095662,414.44,34278.15
test,2026-05-03,NVDA,428.95442359,198.45,85126.0
test,2026-05-03,NVO,589.62262913,43.88,25872.64
test,2026-05-03,RACE,54.11841144,341.26,18468.45
test,2026-05-03,RMS.PA,8.02101809,1904.2201,15273.78
test,2026-05-03,STZ,144.96954934,152.82,22154.25
test,2026-05-03,ULTA,49.58595646,531.95,26377.25
test,2026-05-03,V,114.05434968,328.03,37413.25
test,2026-05-03,VICI,711.23753212,28.58,20327.17
test,2026-05-03,VRSK,134.1141744,181.11,24289.42
test,2026-05-03,WM,136.54362152,228.77,31237.08
test,2026-05-03,ZM,231.77656493,103.44,23974.97
test,2026-05-04,AMZN,259.94280433,272.05,70717.44
test,2026-05-04,BABA,272.88852163,133.27,36367.85
test,2026-05-04,BSX,419.5070859,56.85,23848.98
test,2026-05-04,CASH,55000.0,1.0,55000.0
test,2026-05-04,CRCL,252.20679988,119.53,30146.28
test,2026-05-04,CSU.TO,29.08221003,1818.4662,52885.01
test,2026-05-04,DPZ,47.98234165,330.42,15854.33
test,2026-05-04,EL.PA,94.59392789,203.1638,19218.06
test,2026-05-04,FICO,17.74496935,1060.0,18809.67
test,2026-05-04,IBE.MC,921.77634618,22.9373,21143.05
test,2026-05-04,ISRG,52.96984387,452.35,23960.91
test,2026-05-04,JPM,139.65613503,307.65,42965.21
test,2026-05-04,LLY,46.52547503,967.93,45033.4
test,2026-05-04,MELI,24.8230118,1813.53,45017.28
test,2026-05-04,META,90.89669221,610.41,55484.25
test,2026-05-04,MSFT,82.7095662,413.62,34210.33
test,2026-05-04,NVDA,428.95442359,198.48,85138.87
test,2026-05-04,NVO,589.62262913,44.39,26173.35
test,2026-05-04,RACE,54.11841144,338.91,18341.27
test,2026-05-04,RMS.PA,8.02101809,1862.7749,14941.35
test,2026-05-04,STZ,144.96954934,148.14,21475.79
test,2026-05-04,ULTA,49.58595646,518.0,25685.53
test,2026-05-04,V,114.05434968,326.85,37278.66
test,2026-05-04,VICI,711.23753212,28.09,19978.66
test,2026-05-04,VRSK,134.1141744,178.68,23963.52
test,2026-05-04,WM,136.54362152,227.85,31111.46
test,2026-05-04,ZM,231.77656493,106.63,24714.33
test,2026-05-05,AMZN,259.94280433,273.55,71107.35
test,2026-05-05,BABA,272.88852163,132.26,36092.23
test,2026-05-05,BSX,419.5070859,55.98,23484.01
test,2026-05-05,CASH,55000.0,1.0,55000.0
test,2026-05-05,CRCL,252.20679988,114.19,28799.5
test,2026-05-05,CSU.TO,29.08221003,1809.3545,52620.02
test,2026-05-05,DPZ,47.98234165,331.73,15917.18
test,2026-05-05,EL.PA,94.59392789,200.5168,18967.67
test,2026-05-05,FICO,17.74496935,1066.27,18920.93
test,2026-05-05,IBE.MC,921.77634618,23.0799,21274.5
test,2026-05-05,ISRG,52.96984387,451.38,23909.53
test,2026-05-05,JPM,139.65613503,309.4,43209.61
test,2026-05-05,LLY,46.52547503,988.87,46007.65
test,2026-05-05,MELI,24.8230118,1817.3101,45111.11
test,2026-05-05,META,90.89669221,604.96,54988.86
test,2026-05-05,MSFT,82.7095662,411.38,34025.06
test,2026-05-05,NVDA,428.95442359,196.5,84289.54
test,2026-05-05,NVO,589.62262913,44.87,26456.37
test,2026-05-05,RACE,54.11841144,325.44,17612.3
test,2026-05-05,RMS.PA,8.02101809,1856.6802,14892.46
test,2026-05-05,STZ,144.96954934,149.8,21716.44
test,2026-05-05,ULTA,49.58595646,532.53,26406.01
test,2026-05-05,V,114.05434968,322.03,36728.92
test,2026-05-05,VICI,711.23753212,28.27,20106.69
test,2026-05-05,VRSK,134.1141744,180.45,24200.9
test,2026-05-05,WM,136.54362152,224.49,30652.68
test,2026-05-05,ZM,231.77656493,109.1,25286.82
test,2026-05-06,AMZN,259.94280433,274.99,71481.67
test,2026-05-06,BABA,272.88852163,141.44,38597.35
test,2026-05-06,BSX,419.5070859,56.0,23492.4
test,2026-05-06,CASH,55000.0,1.0,55000.0
test,2026-05-06,CRCL,252.20679988,121.8,30718.79
test,2026-05-06,CSU.TO,29.08221003,1764.5458,51316.89
test,2026-05-06,DPZ,47.98234165,324.66,15577.95
test,2026-05-06,EL.PA,94.59392789,207.0177,19582.62
test,2026-05-06,FICO,17.74496935,1067.0,18933.88
test,2026-05-06,IBE.MC,921.77634618,23.1504,21339.46
test,2026-05-06,ISRG,52.96984387,451.73,23928.07
test,2026-05-06,JPM,139.65613503,314.9,43977.72
test,2026-05-06,LLY,46.52547503,987.05,45922.97
test,2026-05-06,MELI,24.8230118,1841.14,45702.64
test,2026-05-06,META,90.89669221,612.88,55708.77
test,2026-05-06,MSFT,82.7095662,413.96,34238.45
test,2026-05-06,NVDA,428.95442359,207.83,89149.6
test,2026-05-06,NVO,589.62262913,45.76,26981.13
test,2026-05-06,RACE,54.11841144,336.25,18197.32
test,2026-05-06,RMS.PA,8.02101809,1958.2917,15707.5
test,2026-05-06,STZ,144.96954934,152.29,22077.41
test,2026-05-06,ULTA,49.58595646,535.1,26533.44
test,2026-05-06,V,114.05434968,318.8,36360.53
test,2026-05-06,VICI,711.23753212,28.65,20376.96
test,2026-05-06,VRSK,134.1141744,170.94,22925.48
test,2026-05-06,WM,136.54362152,220.52,30110.6
test,2026-05-06,ZM,231.77656493,105.13,24366.67
test,2026-05-07,AMZN,259.94280433,271.17,70488.69
test,2026-05-07,BABA,272.88852163,141.0,38477.28
test,2026-05-07,BSX,419.5070859,56.57,23731.52
test,2026-05-07,CASH,55000.0,1.0,55000.0
test,2026-05-07,CRCL,252.20679988,113.25,28562.42
test,2026-05-07,CSU.TO,29.08221003,1881.4614,54717.06
test,2026-05-07,DPZ,47.98234165,332.53,15955.57
test,2026-05-07,EL.PA,94.59392789,207.1072,19591.09
test,2026-05-07,FICO,17.74496935,1128.39,20023.25
test,2026-05-07,IBE.MC,921.77634618,23.0543,21250.94
test,2026-05-07,ISRG,52.96984387,453.49,24021.29
test,2026-05-07,JPM,139.65613503,306.27,42772.48
test,2026-05-07,LLY,46.52547503,974.96,45360.48
test,2026-05-07,MELI,24.8230118,1870.01,46419.28
test,2026-05-07,META,90.89669221,616.81,56065.99
test,2026-05-07,MSFT,82.7095662,420.77,34801.7
test,2026-05-07,NVDA,428.95442359,211.5,90723.86
test,2026-05-07,NVO,589.62262913,45.8,27004.72
test,2026-05-07,RACE,54.11841144,337.46,18262.8
test,2026-05-07,RMS.PA,8.02101809,1999.4127,16037.32
test,2026-05-07,STZ,144.96954934,150.25,21781.67
test,2026-05-07,ULTA,49.58595646,526.53,26108.5
test,2026-05-07,V,114.05434968,321.28,36643.38
test,2026-05-07,VICI,711.23753212,28.79,20476.53
test,2026-05-07,VRSK,134.1141744,174.69,23428.41
test,2026-05-07,WM,136.54362152,221.45,30237.58
test,2026-05-07,ZM,231.77656493,108.36,25115.31
test,2026-05-08,AMZN,259.94280433,272.68,70881.2
test,2026-05-08,BABA,272.88852163,140.06,38220.77
test,2026-05-08,BSX,419.5070859,53.93,22624.02
test,2026-05-08,CASH,55000.0,1.0,55000.0
test,2026-05-08,CRCL,252.20679988,113.67,28668.35
test,2026-05-08,CSU.TO,29.08221003,1882.4877,54746.9
test,2026-05-08,DPZ,47.98234165,323.48,15521.33
test,2026-05-08,EL.PA,94.59392789,201.0793,19020.88
test,2026-05-08,FICO,17.74496935,1126.0,19980.84
test,2026-05-08,IBE.MC,921.77634618,22.8238,21038.43
test,2026-05-08,ISRG,52.96984387,450.06,23839.61
test,2026-05-08,JPM,139.65613503,302.1,42190.12
test,2026-05-08,LLY,46.52547503,948.45,44127.09
test,2026-05-08,MELI,24.8230118,1632.52,40524.06
test,2026-05-08,META,90.89669221,609.63,55413.35
test,2026-05-08,MSFT,82.7095662,415.12,34334.39
test,2026-05-08,NVDA,428.95442359,215.2,92310.99
test,2026-05-08,NVO,589.62262913,46.07,27163.91
test,2026-05-08,RACE,54.11841144,339.69,18383.48
test,2026-05-08,RMS.PA,8.02101809,1948.6157,15629.88
test,2026-05-08,STZ,144.96954934,148.21,21485.94
test,2026-05-08,ULTA,49.58595646,521.58,25863.04
test,2026-05-08,V,114.05434968,318.79,36359.39
test,2026-05-08,VICI,711.23753212,28.84,20512.09
test,2026-05-08,VRSK,134.1141744,171.87,23050.2
test,2026-05-08,WM,136.54362152,215.37,29407.4
test,2026-05-08,ZM,231.77656493,109.21,25312.32
test,2026-05-09,AMZN,259.94280433,272.68,70881.2
test,2026-05-09,BABA,272.88852163,140.06,38220.77
test,2026-05-09,BSX,419.5070859,53.93,22624.02
test,2026-05-09,CASH,55000.0,1.0,55000.0
test,2026-05-09,CRCL,252.20679988,113.67,28668.35
test,2026-05-09,CSU.TO,29.08221003,1882.4877,54746.9
test,2026-05-09,DPZ,47.98234165,323.48,15521.33
test,2026-05-09,EL.PA,94.59392789,201.0793,19020.88
test,2026-05-09,FICO,17.74496935,1126.0,19980.84
test,2026-05-09,IBE.MC,921.77634618,22.8238,21038.43
test,2026-05-09,ISRG,52.96984387,450.06,23839.61
test,2026-05-09,JPM,139.65613503,302.1,42190.12
test,2026-05-09,LLY,46.52547503,948.45,44127.09
test,2026-05-09,MELI,24.8230118,1632.52,40524.06
test,2026-05-09,META,90.89669221,609.63,55413.35
test,2026-05-09,MSFT,82.7095662,415.12,34334.39
test,2026-05-09,NVDA,428.95442359,215.2,92310.99
test,2026-05-09,NVO,589.62262913,46.07,27163.91
test,2026-05-09,RACE,54.11841144,339.69,18383.48
test,2026-05-09,RMS.PA,8.02101809,1948.6157,15629.88
test,2026-05-09,STZ,144.96954934,148.21,21485.94
test,2026-05-09,ULTA,49.58595646,521.58,25863.04
test,2026-05-09,V,114.05434968,318.79,36359.39
test,2026-05-09,VICI,711.23753212,28.84,20512.09
test,2026-05-09,VRSK,134.1141744,171.87,23050.2
test,2026-05-09,WM,136.54362152,215.37,29407.4
test,2026-05-09,ZM,231.77656493,109.21,25312.32
test,2026-05-10,AMZN,259.94280433,272.68,70881.2
test,2026-05-10,BABA,272.88852163,140.06,38220.77
test,2026-05-10,BSX,419.5070859,53.93,22624.02
test,2026-05-10,CASH,55000.0,1.0,55000.0
test,2026-05-10,CRCL,252.20679988,113.67,28668.35
test,2026-05-10,CSU.TO,29.08221003,1882.4877,54746.9
test,2026-05-10,DPZ,47.98234165,323.48,15521.33
test,2026-05-10,EL.PA,94.59392789,201.0793,19020.88
test,2026-05-10,FICO,17.74496935,1126.0,19980.84
test,2026-05-10,IBE.MC,921.77634618,22.8238,21038.43
test,2026-05-10,ISRG,52.96984387,450.06,23839.61
test,2026-05-10,JPM,139.65613503,302.1,42190.12
test,2026-05-10,LLY,46.52547503,948.45,44127.09
test,2026-05-10,MELI,24.8230118,1632.52,40524.06
test,2026-05-10,META,90.89669221,609.63,55413.35
test,2026-05-10,MSFT,82.7095662,415.12,34334.39
test,2026-05-10,NVDA,428.95442359,215.2,92310.99
test,2026-05-10,NVO,589.62262913,46.07,27163.91
test,2026-05-10,RACE,54.11841144,339.69,18383.48
test,2026-05-10,RMS.PA,8.02101809,1948.6157,15629.88
test,2026-05-10,STZ,144.96954934,148.21,21485.94
test,2026-05-10,ULTA,49.58595646,521.58,25863.04
test,2026-05-10,V,114.05434968,318.79,36359.39
test,2026-05-10,VICI,711.23753212,28.84,20512.09
test,2026-05-10,VRSK,134.1141744,171.87,23050.2
test,2026-05-10,WM,136.54362152,215.37,29407.4
test,2026-05-10,ZM,231.77656493,109.21,25312.32
test,2026-05-11,AMZN,259.94280433,268.99,69922.01
test,2026-05-11,BABA,272.88852163,137.3,37467.59
test,2026-05-11,BSX,419.5070859,53.37,22389.09
test,2026-05-11,CASH,55000.0,1.0,55000.0
test,2026-05-11,CRCL,252.20679988,131.76,33230.77
test,2026-05-11,CSU.TO,29.08221003,1764.4596,51314.38
test,2026-05-11,DPZ,47.98234165,313.22,15029.03
test,2026-05-11,EL.PA,94.59392789,196.54,18591.49
test,2026-05-11,FICO,17.74496935,1092.0,19377.51
test,2026-05-11,IBE.MC,921.77634618,23.0787,21273.43
test,2026-05-11,ISRG,52.96984387,420.06,22250.51
test,2026-05-11,JPM,139.65613503,300.0,41896.84
test,2026-05-11,LLY,46.52547503,966.99,44989.67
test,2026-05-11,MELI,24.8230118,1557.3,38656.88
test,2026-05-11,META,90.89669221,598.86,54434.39
test,2026-05-11,MSFT,82.7095662,412.66,34130.93
test,2026-05-11,NVDA,428.95442359,219.44,94129.76
test,2026-05-11,NVO,589.62262913,46.4,27358.49
test,2026-05-11,RACE,54.11841144,329.26,17819.03
test,2026-05-11,RMS.PA,8.02101809,1890.6673,15165.08
test,2026-05-11,STZ,144.96954934,142.41,20645.11
test,2026-05-11,ULTA,49.58595646,511.98,25387.02
test,2026-05-11,V,114.05434968,323.86,36937.64
test,2026-05-11,VICI,711.23753212,28.92,20568.99
test,2026-05-11,VRSK,134.1141744,168.57,22607.63
test,2026-05-11,WM,136.54362152,214.11,29235.35
test,2026-05-11,ZM,231.77656493,107.12,24827.91
test,2026-05-12,AMZN,259.94280433,265.82,69098.0
test,2026-05-12,BABA,272.88852163,134.78,36779.91
test,2026-05-12,BSX,419.5070859,54.1,22695.33
test,2026-05-12,CASH,55000.0,1.0,55000.0
test,2026-05-12,CRCL,252.20679988,123.65,31185.37
test,2026-05-12,CSU.TO,29.08221003,1758.2465,51133.7
test,2026-05-12,DPZ,47.98234165,310.16,14882.2
test,2026-05-12,EL.PA,94.59392789,195.4294,18486.43
test,2026-05-12,FICO,17.74496935,1086.0,19271.04
test,2026-05-12,IBE.MC,921.77634618,22.8943,21103.46
test,2026-05-12,ISRG,52.96984387,431.87,22876.09
test,2026-05-12,JPM,139.65613503,304.88,42578.36
test,2026-05-12,LLY,46.52547503,989.87,46054.17
test,2026-05-12,MELI,24.8230118,1578.78,39190.08
test,2026-05-12,META,90.89669221,603.0,54810.71
test,2026-05-12,MSFT,82.7095662,407.77,33726.48
test,2026-05-12,NVDA,428.95442359,220.78,94704.56
test,2026-05-12,NVO,589.62262913,47.0,27712.26
test,2026-05-12,RACE,54.11841144,329.26,17819.03
test,2026-05-12,RMS.PA,8.02101809,1860.0541,14919.53
test,2026-05-12,STZ,144.96954934,142.53,20662.51
test,2026-05-12,ULTA,49.58595646,505.2,25050.83
test,2026-05-12,V,114.05434968,326.42,37229.62
test,2026-05-12,VICI,711.23753212,28.55,20305.83
test,2026-05-12,VRSK,134.1141744,166.32,22305.87
test,2026-05-12,WM,136.54362152,217.65,29718.72
test,2026-05-12,ZM,231.77656493,102.96,23863.71
test,2026-05-13,AMZN,259.94280433,270.13,70218.35
test,2026-05-13,BABA,272.88852163,145.81,39789.87
test,2026-05-13,BSX,419.5070859,53.06,22259.05
test,2026-05-13,CASH,55000.0,1.0,55000.0
test,2026-05-13,CRCL,252.20679988,126.57,31921.81
test,2026-05-13,CSU.TO,29.08221003,1801.4718,52390.78
test,2026-05-13,DPZ,47.98234165,308.48,14801.59
test,2026-05-13,EL.PA,94.59392789,200.0305,18921.68
test,2026-05-13,FICO,17.74496935,1064.64,18892.0
test,2026-05-13,IBE.MC,921.77634618,22.9663,21169.75
test,2026-05-13,ISRG,52.96984387,432.27,22897.27
test,2026-05-13,JPM,139.65613503,300.25,41931.75
test,2026-05-13,LLY,46.52547503,1015.75,47258.25
test,2026-05-13,MELI,24.8230118,1562.0,38773.54
test,2026-05-13,META,90.89669221,616.63,56049.63
test,2026-05-13,MSFT,82.7095662,405.21,33514.74
test,2026-05-13,NVDA,428.95442359,225.83,96870.78
test,2026-05-13,NVO,589.62262913,47.08,27759.43
test,2026-05-13,RACE,54.11841144,333.09,18026.3
test,2026-05-13,RMS.PA,8.02101809,1857.1329,14896.09
test,2026-05-13,STZ,144.96954934,140.52,20371.12
test,2026-05-13,ULTA,49.58595646,492.15,24403.73
test,2026-05-13,V,114.05434968,320.31,36532.75
test,2026-05-13,VICI,711.23753212,28.21,20064.01
test,2026-05-13,VRSK,134.1141744,161.47,21655.42
test,2026-05-13,WM,136.54362152,216.44,29553.5
test,2026-05-13,ZM,231.77656493,102.43,23740.87
test,2026-05-14,AMZN,259.94280433,267.22,69461.92
test,2026-05-14,BABA,272.88852163,141.12,38510.03
test,2026-05-14,BSX,419.5070859,53.55,22464.6
test,2026-05-14,CASH,55000.0,1.0,55000.0
test,2026-05-14,CRCL,252.20679988,123.88,31243.38
test,2026-05-14,CSU.TO,29.08221003,1848.3804,53754.99
test,2026-05-14,DPZ,47.98234165,304.01,14587.11
test,2026-05-14,EL.PA,94.59392789,202.922,19195.18
test,2026-05-14,FICO,17.74496935,1076.9301,19110.09
test,2026-05-14,IBE.MC,921.77634618,22.9283,21134.77
test,2026-05-14,ISRG,52.96984387,428.06,22674.27
test,2026-05-14,JPM,139.65613503,299.91,41884.27
test,2026-05-14,LLY,46.52547503,1006.7,46837.2
test,2026-05-14,MELI,24.8230118,1607.37,39899.76
test,2026-05-14,META,90.89669221,618.43,56213.24
test,2026-05-14,MSFT,82.7095662,409.43,33863.78
test,2026-05-14,NVDA,428.95442359,235.74,101121.72
test,2026-05-14,NVO,589.62262913,45.8,27004.72
test,2026-05-14,RACE,54.11841144,332.21,17978.68
test,2026-05-14,RMS.PA,8.02101809,1866.9526,14974.86
test,2026-05-14,STZ,144.96954934,140.61,20384.17
test,2026-05-14,ULTA,49.58595646,498.28,24707.69
test,2026-05-14,V,114.05434968,322.52,36784.81
test,2026-05-14,VICI,711.23753212,27.88,19829.3
test,2026-05-14,VRSK,134.1141744,156.84,21034.47
test,2026-05-14,WM,136.54362152,218.82,29878.48
test,2026-05-14,ZM,231.77656493,98.23,22767.41
test,2026-05-15,AMZN,259.94280433,264.14,68661.3
test,2026-05-15,BABA,272.88852163,132.59,36182.29
test,2026-05-15,BSX,419.5070859,52.68,22099.63
test,2026-05-15,CASH,55000.0,1.0,55000.0
test,2026-05-15,CRCL,252.20679988,114.0,28751.58
test,2026-05-15,CSU.TO,29.08221003,1903.5247,55358.71
test,2026-05-15,DPZ,47.98234165,302.29,14504.58
test,2026-05-15,EL.PA,94.59392789,202.0455,19112.28
test,2026-05-15,FICO,17.74496935,1098.59,19494.45
test,2026-05-15,IBE.MC,921.77634618,22.3912,20639.67
test,2026-05-15,ISRG,52.96984387,421.12,22306.66
test,2026-05-15,JPM,139.65613503,297.81,41590.99
test,2026-05-15,LLY,46.52547503,1004.92,46754.38
test,2026-05-15,MELI,24.8230118,1546.8101,38396.48
test,2026-05-15,META,90.89669221,614.23,55831.47
test,2026-05-15,MSFT,82.7095662,421.92,34896.82
test,2026-05-15,NVDA,428.95442359,225.32,96652.01
test,2026-05-15,NVO,589.62262913,44.74,26379.72
test,2026-05-15,RACE,54.11841144,321.2,17382.83
test,2026-05-15,RMS.PA,8.02101809,1837.3607,14737.5
test,2026-05-15,STZ,144.96954934,142.35,20636.42
test,2026-05-15,ULTA,49.58595646,494.28,24509.35
test,2026-05-15,V,114.05434968,325.75,37153.2
test,2026-05-15,VICI,711.23753212,27.9,19843.53
test,2026-05-15,VRSK,134.1141744,162.55,21800.26
test,2026-05-15,WM,136.54362152,219.82,30015.02
test,2026-05-15,ZM,231.77656493,100.16,23214.74
test,2026-05-16,AMZN,259.94280433,264.14,68661.3
test,2026-05-16,BABA,272.88852163,132.59,36182.29
test,2026-05-16,BSX,419.5070859,52.68,22099.63
test,2026-05-16,CASH,55000.0,1.0,55000.0
test,2026-05-16,CRCL,252.20679988,114.0,28751.58
test,2026-05-16,CSU.TO,29.08221003,1903.5247,55358.71
test,2026-05-16,DPZ,47.98234165,302.29,14504.58
test,2026-05-16,EL.PA,94.59392789,202.0455,19112.28
test,2026-05-16,FICO,17.74496935,1098.59,19494.45
test,2026-05-16,IBE.MC,921.77634618,22.3912,20639.67
test,2026-05-16,ISRG,52.96984387,421.12,22306.66
test,2026-05-16,JPM,139.65613503,297.81,41590.99
test,2026-05-16,LLY,46.52547503,1004.92,46754.38
test,2026-05-16,MELI,24.8230118,1546.8101,38396.48
test,2026-05-16,META,90.89669221,614.23,55831.47
test,2026-05-16,MSFT,82.7095662,421.92,34896.82
test,2026-05-16,NVDA,428.95442359,225.32,96652.01
test,2026-05-16,NVO,589.62262913,44.74,26379.72
test,2026-05-16,RACE,54.11841144,321.2,17382.83
test,2026-05-16,RMS.PA,8.02101809,1837.3607,14737.5
test,2026-05-16,STZ,144.96954934,142.35,20636.42
test,2026-05-16,ULTA,49.58595646,494.28,24509.35
test,2026-05-16,V,114.05434968,325.75,37153.2
test,2026-05-16,VICI,711.23753212,27.9,19843.53
test,2026-05-16,VRSK,134.1141744,162.55,21800.26
test,2026-05-16,WM,136.54362152,219.82,30015.02
test,2026-05-16,ZM,231.77656493,100.16,23214.74
test,2026-05-17,AMZN,259.94280433,264.14,68661.3
test,2026-05-17,BABA,272.88852163,132.59,36182.29
test,2026-05-17,BMNR,2991.15850789,19.87,59434.32
test,2026-05-17,BSX,419.5070859,52.68,22099.63
test,2026-05-17,CASH,31259.7,1.0,31259.7
test,2026-05-17,CRCL,252.20679988,114.0,28751.58
test,2026-05-17,CSU.TO,29.08221003,1903.5247,55358.71
test,2026-05-17,DPZ,47.98234165,302.29,14504.58
test,2026-05-17,EL.PA,94.59392789,202.0455,19112.28
test,2026-05-17,FICO,17.74496935,1098.59,19494.45
test,2026-05-17,IBE.MC,408.89037952,22.3912,9155.54
test,2026-05-17,ISRG,52.96984387,421.12,22306.66
test,2026-05-17,JPM,139.65613503,297.81,41590.99
test,2026-05-17,LLY,46.52547503,1004.92,46754.38
test,2026-05-17,MELI,42.5339946,1546.8101,65792.01
test,2026-05-17,META,90.89669221,614.23,55831.47
test,2026-05-17,MSFT,82.7095662,421.92,34896.82
test,2026-05-17,MSTR,207.97956539,177.42,36899.73
test,2026-05-17,NVDA,219.8144844,225.32,49528.6
test,2026-05-17,NVO,589.62262913,44.74,26379.72
test,2026-05-17,RACE,54.11841144,321.2,17382.83
test,2026-05-17,RMS.PA,8.02101809,1837.3607,14737.5
test,2026-05-17,STZ,144.96954934,142.35,20636.42
test,2026-05-17,ULTA,49.58595646,494.28,24509.35
test,2026-05-17,V,114.05434968,325.75,37153.2
test,2026-05-17,VICI,711.23753212,27.9,19843.53
test,2026-05-17,VRSK,134.1141744,162.55,21800.26
test,2026-05-17,WM,136.54362152,219.82,30015.02
test,2026-05-17,ZM,231.77656493,100.16,23214.74
test,2026-05-18,AMZN,259.94280433,264.86,68848.45
test,2026-05-18,BABA,272.88852163,133.26,36365.12
test,2026-05-18,BMNR,2991.15850789,18.73,56024.4
test,2026-05-18,BSX,419.5070859,55.92,23458.84
test,2026-05-18,CASH,31259.7,1.0,31259.7
test,2026-05-18,CRCL,252.20679988,111.39,28093.32
test,2026-05-18,CSU.TO,29.08221003,1898.3236,55207.45
test,2026-05-18,DPZ,47.98234165,308.0,14778.56
test,2026-05-18,EL.PA,94.59392789,202.3229,19138.52
test,2026-05-18,IBE.MC,408.89037952,22.561,9224.97
test,2026-05-18,ISRG,52.96984387,439.92,23302.49
test,2026-05-18,JPM,139.65613503,300.73,41998.79
test,2026-05-18,LLY,46.52547503,988.09,45971.36
test,2026-05-18,MELI,42.5339946,1585.91,67455.09
test,2026-05-18,META,90.89669221,611.21,55556.97
test,2026-05-18,MSFT,82.7095662,423.54,35030.81
test,2026-05-18,MSTR,207.97956539,166.63,34655.64
test,2026-05-18,NVDA,219.8144844,222.32,48869.16
test,2026-05-18,NVO,589.62262913,44.28,26108.49
test,2026-05-18,RACE,54.11841144,324.77,17576.04
test,2026-05-18,RMS.PA,8.02101809,1835.0754,14719.17
test,2026-05-18,STZ,144.96954934,147.58,21394.61
test,2026-05-18,ULTA,49.58595646,479.87,23794.81
test,2026-05-18,V,114.05434968,332.64,37939.04
test,2026-05-18,VICI,711.23753212,28.5,20270.27
test,2026-05-18,WM,136.54362152,222.73,30412.36
test,2026-05-18,ZM,231.77656493,98.87,22915.75
test,2026-05-19,AMZN,259.94280433,259.34,67413.57
test,2026-05-19,BABA,272.88852163,135.64,37014.6
test,2026-05-19,BMNR,2991.15850789,18.63,55725.28
test,2026-05-19,BSX,419.5070859,56.81,23832.2
test,2026-05-19,CASH,31259.7,1.0,31259.7
test,2026-05-19,CRCL,252.20679988,111.03,28002.52
test,2026-05-19,CSU.TO,29.08221003,1986.8764,57782.76
test,2026-05-19,DPZ,47.98234165,312.75,15006.48
test,2026-05-19,EL.PA,94.59392789,205.1306,19404.11
test,2026-05-19,IBE.MC,408.89037952,22.8091,9326.44
test,2026-05-19,ISRG,52.96984387,441.58,23390.42
test,2026-05-19,JPM,139.65613503,295.7,41296.32
test,2026-05-19,LLY,46.52547503,1021.41,47521.58
test,2026-05-19,MELI,42.5339946,1594.86,67835.77
test,2026-05-19,META,90.89669221,602.61,54775.25
test,2026-05-19,MSFT,82.7095662,417.42,34524.63
test,2026-05-19,MSTR,207.97956539,164.63,34239.68
test,2026-05-19,NVDA,219.8144844,220.61,48493.27
test,2026-05-19,NVO,589.62262913,44.28,26108.49
test,2026-05-19,RACE,54.11841144,329.66,17840.68
test,2026-05-19,RMS.PA,8.02101809,1872.9821,15023.22
test,2026-05-19,STZ,144.96954934,146.47,21233.69
test,2026-05-19,ULTA,49.58595646,481.56,23878.61
test,2026-05-19,V,114.05434968,329.91,37627.67
test,2026-05-19,VICI,711.23753212,28.37,20177.81
test,2026-05-19,WM,136.54362152,222.34,30359.11
test,2026-05-19,ZM,231.77656493,97.39,22572.72
test,2026-05-20,AMZN,259.94280433,265.01,68887.45
test,2026-05-20,BABA,272.88852163,134.47,36695.32
test,2026-05-20,BMNR,2991.15850789,19.39,57998.56
test,2026-05-20,BSX,419.5070859,56.67,23773.47
test,2026-05-20,CASH,31259.7,1.0,31259.7
test,2026-05-20,CRCL,252.20679988,111.62,28151.32
test,2026-05-20,CSU.TO,29.08221003,1974.9621,57436.26
test,2026-05-20,DPZ,47.98234165,315.97,15160.98
test,2026-05-20,EL.PA,94.59392789,205.0979,19401.01
test,2026-05-20,IBE.MC,408.89037952,22.7558,9304.61
test,2026-05-20,ISRG,52.96984387,449.03,23785.05
test,2026-05-20,JPM,139.65613503,301.98,42173.36
test,2026-05-20,LLY,46.52547503,1018.87,47403.41
test,2026-05-20,MELI,42.5339946,1651.2,70232.13
test,2026-05-20,META,90.89669221,605.06,54997.95
test,2026-05-20,MSFT,82.7095662,421.06,34825.69
test,2026-05-20,MSTR,207.97956539,165.81,34485.09
test,2026-05-20,NVDA,219.8144844,223.47,49121.94
test,2026-05-20,NVO,589.62262913,45.07,26574.29
test,2026-05-20,RACE,54.11841144,341.81,18498.21
test,2026-05-20,RMS.PA,8.02101809,1882.6753,15100.97
test,2026-05-20,STZ,144.96954934,151.18,21916.5
test,2026-05-20,ULTA,49.58595646,493.12,24451.83
test,2026-05-20,V,114.05434968,330.75,37723.48
test,2026-05-20,VICI,711.23753212,28.4,20199.15
test,2026-05-20,WM,136.54362152,219.59,29983.61
test,2026-05-20,ZM,231.77656493,99.42,23043.23
test,2026-05-21,AMZN,259.94280433,268.46,69784.24
test,2026-05-21,BABA,272.88852163,131.47,35876.65
test,2026-05-21,BMNR,2991.15850789,19.61,58656.62
test,2026-05-21,BSX,419.5070859,57.15,23974.83
test,2026-05-21,CASH,31259.7,1.0,31259.7
test,2026-05-21,CRCL,252.20679988,114.88,28973.52
test,2026-05-21,CSU.TO,29.08221003,1971.1152,57324.39
test,2026-05-21,DPZ,47.98234165,316.47,15184.97
test,2026-05-21,EL.PA,94.59392789,203.9084,19288.5
test,2026-05-21,IBE.MC,408.89037952,22.8903,9359.62
test,2026-05-21,ISRG,52.96984387,439.8,23296.14
test,2026-05-21,JPM,139.65613503,303.0,42315.81
test,2026-05-21,LLY,46.52547503,1041.65,48463.26
test,2026-05-21,MELI,42.5339946,1677.9,71367.79
test,2026-05-21,META,90.89669221,607.38,55208.83
test,2026-05-21,MSFT,82.7095662,419.09,34662.75
test,2026-05-21,MSTR,207.97956539,164.85,34285.43
test,2026-05-21,NVDA,219.8144844,219.51,48251.48
test,2026-05-21,NVO,589.62262913,44.39,26173.35
test,2026-05-21,RACE,54.11841144,349.39,18908.43
test,2026-05-21,RMS.PA,8.02101809,1868.7732,14989.46
test,2026-05-21,STZ,144.96954934,150.83,21865.76
test,2026-05-21,ULTA,49.58595646,504.05,24993.8
test,2026-05-21,V,114.05434968,331.12,37765.68
test,2026-05-21,VICI,711.23753212,28.52,20284.49
test,2026-05-21,WM,136.54362152,217.75,29732.37
test,2026-05-21,ZM,231.77656493,96.75,22424.38
test,2026-05-22,AMZN,259.94280433,266.32,69227.97
test,2026-05-22,BABA,272.88852163,130.0,35475.51
test,2026-05-22,BMNR,2991.15850789,18.88,56473.07
test,2026-05-22,BSX,419.5070859,57.78,24239.12
test,2026-05-22,CASH,31259.7,1.0,31259.7
test,2026-05-22,CRCL,252.20679988,113.12,28529.63
test,2026-05-22,CSU.TO,29.08221003,1975.5371,57452.98
test,2026-05-22,DPZ,47.98234165,316.52,15187.37
test,2026-05-22,EL.PA,94.59392789,201.3364,19045.2
test,2026-05-22,IBE.MC,408.89037952,22.7484,9301.61
test,2026-05-22,ISRG,52.96984387,438.1,23206.09
test,2026-05-22,JPM,139.65613503,306.38,42787.85
test,2026-05-22,LLY,46.52547503,1065.0,49549.63
test,2026-05-22,MELI,42.5339946,1664.42,70794.43
test,2026-05-22,META,90.89669221,610.26,55470.62
test,2026-05-22,MSFT,82.7095662,418.57,34619.74
test,2026-05-22,MSTR,207.97956539,159.89,33253.85
test,2026-05-22,NVDA,219.8144844,215.33,47332.65
test,2026-05-22,NVO,589.62262913,44.96,26509.43
test,2026-05-22,RACE,54.11841144,348.24,18846.2
test,2026-05-22,RMS.PA,8.02101809,1865.1947,14960.76
test,2026-05-22,STZ,144.96954934,149.5,21672.95
test,2026-05-22,ULTA,49.58595646,515.04,25538.75
test,2026-05-22,V,114.05434968,328.88,37510.2
test,2026-05-22,VICI,711.23753212,28.5,20270.27
test,2026-05-22,WM,136.54362152,217.9,29752.85
test,2026-05-22,ZM,231.77656493,105.64,24484.88
test,2026-05-23,AMZN,259.94280433,266.32,69227.97
test,2026-05-23,BABA,272.88852163,130.0,35475.51
test,2026-05-23,BMNR,2991.15850789,18.88,56473.07
test,2026-05-23,BSX,419.5070859,57.78,24239.12
test,2026-05-23,CASH,31259.7,1.0,31259.7
test,2026-05-23,CRCL,252.20679988,113.12,28529.63
test,2026-05-23,CSU.TO,29.08221003,1975.5371,57452.98
test,2026-05-23,DPZ,47.98234165,316.52,15187.37
test,2026-05-23,EL.PA,94.59392789,201.3364,19045.2
test,2026-05-23,IBE.MC,408.89037952,22.7484,9301.61
test,2026-05-23,ISRG,52.96984387,438.1,23206.09
test,2026-05-23,JPM,139.65613503,306.38,42787.85
test,2026-05-23,LLY,46.52547503,1065.0,49549.63
test,2026-05-23,MELI,42.5339946,1664.42,70794.43
test,2026-05-23,META,90.89669221,610.26,55470.62
test,2026-05-23,MSFT,82.7095662,418.57,34619.74
test,2026-05-23,MSTR,207.97956539,159.89,33253.85
test,2026-05-23,NVDA,219.8144844,215.33,47332.65
test,2026-05-23,NVO,589.62262913,44.96,26509.43
test,2026-05-23,RACE,54.11841144,348.24,18846.2
test,2026-05-23,RMS.PA,8.02101809,1865.1947,14960.76
test,2026-05-23,STZ,144.96954934,149.5,21672.95
test,2026-05-23,ULTA,49.58595646,515.04,25538.75
test,2026-05-23,V,114.05434968,328.88,37510.2
test,2026-05-23,VICI,711.23753212,28.5,20270.27
test,2026-05-23,WM,136.54362152,217.9,29752.85
test,2026-05-23,ZM,231.77656493,105.64,24484.88
test,2026-05-24,AMZN,259.94280433,266.32,69227.97
test,2026-05-24,BABA,272.88852163,130.0,35475.51
test,2026-05-24,BMNR,2991.15850789,18.88,56473.07
test,2026-05-24,BSX,419.5070859,57.78,24239.12
test,2026-05-24,CASH,31259.7,1.0,31259.7
test,2026-05-24,CRCL,252.20679988,113.12,28529.63
test,2026-05-24,CSU.TO,29.08221003,1975.5371,57452.98
test,2026-05-24,DPZ,47.98234165,316.52,15187.37
test,2026-05-24,EL.PA,94.59392789,201.3364,19045.2
test,2026-05-24,IBE.MC,408.89037952,22.7484,9301.61
test,2026-05-24,ISRG,52.96984387,438.1,23206.09
test,2026-05-24,JPM,139.65613503,306.38,42787.85
test,2026-05-24,LLY,46.52547503,1065.0,49549.63
test,2026-05-24,MELI,42.5339946,1664.42,70794.43
test,2026-05-24,META,90.89669221,610.26,55470.62
test,2026-05-24,MSFT,82.7095662,418.57,34619.74
test,2026-05-24,MSTR,207.97956539,159.89,33253.85
test,2026-05-24,NVDA,219.8144844,215.33,47332.65
test,2026-05-24,NVO,589.62262913,44.96,26509.43
test,2026-05-24,RACE,54.11841144,348.24,18846.2
test,2026-05-24,RMS.PA,8.02101809,1865.1947,14960.76
test,2026-05-24,STZ,144.96954934,149.5,21672.95
test,2026-05-24,ULTA,49.58595646,515.04,25538.75
test,2026-05-24,V,114.05434968,328.88,37510.2
test,2026-05-24,VICI,711.23753212,28.5,20270.27
test,2026-05-24,WM,136.54362152,217.9,29752.85
test,2026-05-24,ZM,231.77656493,105.64,24484.88
test,2026-05-25,AMZN,259.94280433,266.32,69227.97
test,2026-05-25,BABA,272.88852163,130.0,35475.51
test,2026-05-25,BMNR,2991.15850789,18.88,56473.07
test,2026-05-25,BSX,419.5070859,57.78,24239.12
test,2026-05-25,CASH,31259.7,1.0,31259.7
test,2026-05-25,CRCL,252.20679988,113.12,28529.63
test,2026-05-25,CSU.TO,29.08221003,2009.1,58429.07
test,2026-05-25,DPZ,47.98234165,316.52,15187.37
test,2026-05-25,EL.PA,94.59392789,203.8559,19283.54
test,2026-05-25,IBE.MC,408.89037952,22.9702,9392.28
test,2026-05-25,ISRG,52.96984387,438.1,23206.09
test,2026-05-25,JPM,139.65613503,306.38,42787.85
test,2026-05-25,LLY,46.52547503,1065.0,49549.63
test,2026-05-25,MELI,42.5339946,1664.42,70794.43
test,2026-05-25,META,90.89669221,610.26,55470.62
test,2026-05-25,MSFT,82.7095662,418.57,34619.74
test,2026-05-25,MSTR,207.97956539,159.89,33253.85
test,2026-05-25,NVDA,219.8144844,215.33,47332.65
test,2026-05-25,NVO,589.62262913,44.96,26509.43
test,2026-05-25,RACE,54.11841144,348.24,18846.2
test,2026-05-25,RMS.PA,8.02101809,1921.5545,15412.82
test,2026-05-25,STZ,144.96954934,149.5,21672.95
test,2026-05-25,ULTA,49.58595646,515.04,25538.75
test,2026-05-25,V,114.05434968,328.88,37510.2
test,2026-05-25,VICI,711.23753212,28.5,20270.27
test,2026-05-25,WM,136.54362152,217.9,29752.85
test,2026-05-25,ZM,231.77656493,105.64,24484.88
test,2026-05-26,0700.HK,495.83307745,56.0359,27784.43
test,2026-05-26,AMZN,259.94280433,265.29,68960.23
test,2026-05-26,BABA,272.88852163,129.47,35330.88
test,2026-05-26,BMNR,2991.15850789,19.2,57430.25
test,2026-05-26,BSX,419.5070859,57.64,24180.39
test,2026-05-26,CASH,31259.7,1.0,31259.7
test,2026-05-26,CRCL,252.20679988,104.17,26272.38
test,2026-05-26,CSU.TO,29.08221003,1944.5527,56551.89
test,2026-05-26,DPZ,47.98234165,310.42,14894.68
test,2026-05-26,EL.PA,94.59392789,200.2793,18945.21
test,2026-05-26,IBE.MC,408.89037952,23.1758,9476.38
test,2026-05-26,ISRG,52.96984387,436.64,23128.75
test,2026-05-26,JPM,139.65613503,306.74,42838.12
test,2026-05-26,LLY,46.52547503,1064.74,49537.53
test,2026-05-26,MELI,42.5339946,1648.04,70097.73
test,2026-05-26,META,90.89669221,612.34,55659.68
test,2026-05-26,MSFT,82.7095662,416.03,34409.66
test,2026-05-26,MSTR,207.97956539,159.93,33262.17
test,2026-05-26,NVDA,219.8144844,214.86,47229.34
test,2026-05-26,NVO,589.62262913,44.19,26055.42
test,2026-05-26,RACE,54.11841144,329.91,17854.21
test,2026-05-26,RMS.PA,8.02101809,1857.9075,14902.31
test,2026-05-26,STZ,144.96954934,147.64,21403.3
test,2026-05-26,ULTA,49.58595646,516.04,25588.34
test,2026-05-26,V,114.05434968,326.48,37236.47
test,2026-05-26,WM,136.54362152,215.48,29422.42
test,2026-05-26,ZM,231.77656493,100.09,23198.52
test,2026-05-27,0700.HK,495.83307745,55.4378,27487.89
test,2026-05-27,AMZN,259.94280433,271.85,70665.45
test,2026-05-27,BABA,272.88852163,127.76,34864.24
test,2026-05-27,BMNR,2991.15850789,18.82,56293.6
test,2026-05-27,BSX,419.5070859,50.46,21168.33
test,2026-05-27,CASH,24127.43,1.0,24127.43
test,2026-05-27,CRCL,252.20679988,102.64,25886.51
test,2026-05-27,CSU.TO,29.08221003,1917.0324,55751.54
test,2026-05-27,DPZ,47.98234165,311.72,14957.06
test,2026-05-27,EL.PA,94.59392789,203.2374,19225.03
test,2026-05-27,IBE.MC,408.89037952,22.9071,9366.5
test,2026-05-27,ISRG,52.96984387,418.55,22170.53
test,2026-05-27,JPM,139.65613503,299.28,41796.29
test,2026-05-27,LLY,46.52547503,1082.92,50383.37
test,2026-05-27,MELI,42.5339946,1696.17,72144.89
test,2026-05-27,META,90.89669221,635.255,57742.58
test,2026-05-27,MSFT,82.7095662,412.67,34131.76
test,2026-05-27,MSTR,207.97956539,154.2,32070.45
test,2026-05-27,NVDA,219.8144844,212.6,46732.56
test,2026-05-27,NVO,589.62262913,44.55,26267.69
test,2026-05-27,RACE,54.11841144,333.22,18033.34
test,2026-05-27,RMS.PA,8.02101809,1901.4593,15251.64
test,2026-05-27,STZ,144.96954934,143.72,20835.02
test,2026-05-27,ULTA,49.58595646,507.35,25157.44
test,2026-05-27,V,114.05434968,327.61,37365.34
test,2026-05-27,WM,136.54362152,215.59,29437.44
test,2026-05-27,ZM,231.77656493,99.96,23168.39
test,2026-05-28,0700.HK,495.83307745,54.2375,26892.77
test,2026-05-28,AMZN,259.94280433,274.0,71224.33
test,2026-05-28,BABA,272.88852163,126.16,34427.62
test,2026-05-28,BMNR,2991.15850789,19.25,57579.8
test,2026-05-28,BSX,419.5070859,49.11,20601.99
test,2026-05-28,CASH,24127.43,1.0,24127.43
test,2026-05-28,CRCL,252.20679988,108.24,27298.86
test,2026-05-28,CSU.TO,29.08221003,1995.4977,58033.48
test,2026-05-28,DPZ,47.98234165,310.35,14891.32
test,2026-05-28,EL.PA,94.59392789,203.8009,19278.32
test,2026-05-28,IBE.MC,408.89037952,22.7877,9317.67
test,2026-05-28,ISRG,52.96984387,423.63,22439.62
test,2026-05-28,JPM,139.65613503,296.73,41440.17
test,2026-05-28,LLY,46.52547503,1126.8,52424.91
test,2026-05-28,MELI,42.5339946,1695.53,72117.67
test,2026-05-28,META,90.89669221,635.29,57745.76
test,2026-05-28,MSFT,82.7095662,426.99,35316.16
test,2026-05-28,MSTR,207.97956539,151.64,31538.02
test,2026-05-28,NVDA,219.8144844,214.25,47095.25
test,2026-05-28,NVO,589.62262913,45.51,26833.72
test,2026-05-28,RACE,54.11841144,346.35,18743.91
test,2026-05-28,RMS.PA,8.02101809,1905.095,15280.8
test,2026-05-28,STZ,144.96954934,142.13,20604.52
test,2026-05-28,ULTA,49.58595646,520.15,25792.14
test,2026-05-28,V,114.05434968,324.95,37061.96
test,2026-05-28,WM,136.54362152,214.4,29274.95
test,2026-05-28,ZM,231.77656493,100.46,23284.27
test,2026-05-29,0700.HK,495.83307745,54.5162,27030.95
test,2026-05-29,AMZN,259.94280433,270.64,70350.92
test,2026-05-29,BABA,272.88852163,124.22,33898.21
test,2026-05-29,BMNR,2991.15850789,19.27,57639.63
test,2026-05-29,BSX,419.5070859,48.31,20266.39
test,2026-05-29,CASH,24127.43,1.0,24127.43
test,2026-05-29,CRCL,252.20679988,113.0,28499.37
test,2026-05-29,CSU.TO,29.08221003,2046.2704,59510.07
test,2026-05-29,DPZ,47.98234165,310.58,14902.36
test,2026-05-29,EL.PA,94.59392789,204.2089,19316.92
test,2026-05-29,IBE.MC,408.89037952,22.7352,9296.21
test,2026-05-29,ISRG,52.96984387,424.64,22493.12
test,2026-05-29,JPM,139.65613503,299.31,41800.48
test,2026-05-29,LLY,46.52547503,1105.0,51410.65
test,2026-05-29,MELI,42.5339946,1695.65,72122.77
test,2026-05-29,META,90.89669221,632.51,57493.07
test,2026-05-29,MSFT,82.7095662,450.24,37239.15
test,2026-05-29,MSTR,207.97956539,159.09,33087.47
test,2026-05-29,NVDA,219.8144844,211.14,46411.63
test,2026-05-29,NVO,589.62262913,45.58,26875.0
test,2026-05-29,RACE,54.11841144,340.23,18412.71
test,2026-05-29,RMS.PA,8.02101809,1888.7723,15149.88
test,2026-05-29,STZ,144.96954934,138.82,20124.67
test,2026-05-29,ULTA,49.58595646,508.85,25231.81
test,2026-05-29,V,114.05434968,326.36,37222.78
test,2026-05-29,WM,136.54362152,211.46,28873.52
test,2026-05-29,ZM,231.77656493,101.59,23546.18
test,2026-05-30,0700.HK,495.83307745,54.5162,27030.95
test,2026-05-30,AMZN,259.94280433,270.64,70350.92
test,2026-05-30,BABA,272.88852163,124.22,33898.21
test,2026-05-30,BMNR,2991.15850789,19.27,57639.63
test,2026-05-30,BSX,419.5070859,48.31,20266.39
test,2026-05-30,CASH,24127.43,1.0,24127.43
test,2026-05-30,CRCL,252.20679988,113.0,28499.37
test,2026-05-30,CSU.TO,29.08221003,2046.2704,59510.07
test,2026-05-30,DPZ,47.98234165,310.58,14902.36
test,2026-05-30,EL.PA,94.59392789,204.2089,19316.92
test,2026-05-30,IBE.MC,408.89037952,22.7352,9296.21
test,2026-05-30,ISRG,52.96984387,424.64,22493.12
test,2026-05-30,JPM,139.65613503,299.31,41800.48
test,2026-05-30,LLY,46.52547503,1105.0,51410.65
test,2026-05-30,MELI,42.5339946,1695.65,72122.77
test,2026-05-30,META,90.89669221,632.51,57493.07
test,2026-05-30,MSFT,82.7095662,450.24,37239.15
test,2026-05-30,MSTR,207.97956539,159.09,33087.47
test,2026-05-30,NVDA,219.8144844,211.14,46411.63
test,2026-05-30,NVO,589.62262913,45.58,26875.0
test,2026-05-30,RACE,54.11841144,340.23,18412.71
test,2026-05-30,RMS.PA,8.02101809,1888.7723,15149.88
test,2026-05-30,STZ,144.96954934,138.82,20124.67
test,2026-05-30,ULTA,49.58595646,508.85,25231.81
test,2026-05-30,V,114.05434968,326.36,37222.78
test,2026-05-30,WM,136.54362152,211.46,28873.52
test,2026-05-30,ZM,231.77656493,101.59,23546.18
test,2026-05-31,0700.HK,495.83307745,54.5134,27029.57
test,2026-05-31,AMZN,259.94280433,270.64,70350.92
test,2026-05-31,BABA,272.88852163,124.22,33898.21
test,2026-05-31,BMNR,2991.15850789,19.27,57639.63
test,2026-05-31,BSX,419.5070859,48.31,20266.39
test,2026-05-31,CASH,24127.43,1.0,24127.43
test,2026-05-31,CRCL,252.20679988,113.0,28499.37
test,2026-05-31,CSU.TO,29.08221003,2046.3596,59512.66
test,2026-05-31,DPZ,47.98234165,310.58,14902.36
test,2026-05-31,EL.PA,94.59392789,204.1851,19314.67
test,2026-05-31,IBE.MC,408.89037952,22.7326,9295.13
test,2026-05-31,ISRG,52.96984387,424.64,22493.12
test,2026-05-31,JPM,139.65613503,299.31,41800.48
test,2026-05-31,LLY,46.52547503,1105.0,51410.65
test,2026-05-31,MELI,42.5339946,1695.65,72122.77
test,2026-05-31,META,90.89669221,632.51,57493.07
test,2026-05-31,MSFT,82.7095662,450.24,37239.15
test,2026-05-31,MSTR,207.97956539,159.09,33087.47
test,2026-05-31,NVDA,219.8144844,211.14,46411.63
test,2026-05-31,NVO,589.62262913,45.58,26875.0
test,2026-05-31,RACE,54.11841144,340.23,18412.71
test,2026-05-31,RMS.PA,8.02101809,1888.5521,15148.11
test,2026-05-31,STZ,144.96954934,138.82,20124.67
test,2026-05-31,ULTA,49.58595646,508.85,25231.81
test,2026-05-31,V,114.05434968,326.36,37222.78
test,2026-05-31,WM,136.54362152,211.46,28873.52
test,2026-05-31,ZM,231.77656493,101.59,23546.18
test,2026-06-01,0700.HK,495.83307745,55.6392,27587.76
test,2026-06-01,AMZN,259.94280433,261.26,67912.66
test,2026-06-01,BABA,272.88852163,125.4,34220.22
test,2026-06-01,BMNR,2991.15850789,18.85,56383.34
test,2026-06-01,BSX,419.5070859,47.98,20127.95
test,2026-06-01,CASH,24127.43,1.0,24127.43
test,2026-06-01,CRCL,252.20679988,104.97,26474.15
test,2026-06-01,CSU.TO,29.08221003,2117.6267,61585.27
test,2026-06-01,DPZ,47.98234165,313.71,15052.54
test,2026-06-01,EL.PA,94.59392789,200.8835,19002.36
test,2026-06-01,IBE.MC,408.89037952,22.5122,9205.03
test,2026-06-01,ISRG,52.96984387,412.26,21837.35
test,2026-06-01,JPM,139.65613503,296.58,41419.21
test,2026-06-01,LLY,46.52547503,1082.2,50349.87
test,2026-06-01,MELI,42.5339946,1730.98,73625.49
test,2026-06-01,META,90.89669221,600.47,54580.73
test,2026-06-01,MSFT,82.7095662,460.52,38089.41
test,2026-06-01,MSTR,207.97956539,149.78,31151.18
test,2026-06-01,NVDA,219.8144844,224.36,49317.58
test,2026-06-01,NVO,589.62262913,44.07,25984.67
test,2026-06-01,RACE,54.11841144,349.24,18900.31
test,2026-06-01,RMS.PA,8.02101809,1871.0766,15007.94
test,2026-06-01,STZ,144.96954934,136.25,19752.1
test,2026-06-01,ULTA,49.58595646,500.77,24831.16
test,2026-06-01,V,114.05434968,322.77,36813.32
test,2026-06-01,WM,136.54362152,212.51,29016.88
test,2026-06-01,ZM,231.77656493,111.62,25870.9
test,2026-06-02,0700.HK,495.83307745,61.4615,30474.64
test,2026-06-02,AMZN,259.94280433,256.52,66680.53
test,2026-06-02,BABA,272.88852163,130.82,35699.28
test,2026-06-02,BMNR,2991.15850789,17.97,53751.12
test,2026-06-02,BSX,419.5070859,47.68,20002.1
test,2026-06-02,CASH,24127.43,1.0,24127.43
test,2026-06-02,CRCL,252.20679988,100.85,25435.06
test,2026-06-02,CSU.TO,29.08221003,2076.5992,60392.09
test,2026-06-02,DPZ,47.98234165,307.53,14756.01
test,2026-06-02,EL.PA,94.59392789,198.7224,18797.93
test,2026-06-02,IBE.MC,408.89037952,22.712,9286.7
test,2026-06-02,ISRG,52.96984387,402.3,21309.77
test,2026-06-02,JPM,139.65613503,300.96,42030.91
test,2026-06-02,LLY,46.52547503,1064.15,49510.09
test,2026-06-02,MELI,42.5339946,1672.83,71152.14
test,2026-06-02,META,90.89669221,597.63,54322.59
test,2026-06-02,MSFT,82.7095662,441.31,36500.56
test,2026-06-02,MSTR,207.97956539,136.08,28301.86
test,2026-06-02,NVDA,219.8144844,222.82,48979.07
test,2026-06-02,NVO,589.62262913,42.92,25306.6
test,2026-06-02,RACE,54.11841144,353.81,19147.64
test,2026-06-02,RMS.PA,8.02101809,1862.3693,14938.1
test,2026-06-02,STZ,144.96954934,136.76,19826.03
test,2026-06-02,ULTA,49.58595646,494.87,24538.6
test,2026-06-02,V,114.05434968,317.32,36191.73
test,2026-06-02,WM,136.54362152,211.93,28937.69
test,2026-06-02,ZM,231.77656493,111.88,25931.16
test,2026-06-03,0700.HK,495.83307745,59.537,29520.39
test,2026-06-03,AMZN,259.94280433,250.02,64990.9
test,2026-06-03,BABA,272.88852163,127.21,34714.15
test,2026-06-03,BMNR,2991.15850789,16.9,50550.58
test,2026-06-03,BSX,419.5070859,47.69,20006.29
test,2026-06-03,CASH,24127.43,1.0,24127.43
test,2026-06-03,CRCL,252.20679988,90.13,22731.4
test,2026-06-03,CSU.TO,29.08221003,1978.1702,57529.56
test,2026-06-03,DPZ,47.98234165,306.77,14719.54
test,2026-06-03,EL.PA,94.59392789,197.2003,18653.95
test,2026-06-03,IBE.MC,408.89037952,22.6533,9262.74
test,2026-06-03,ISRG,52.96984387,407.29,21574.09
test,2026-06-03,JPM,139.65613503,300.85,42015.55
test,2026-06-03,LLY,46.52547503,1078.78,50190.75
test,2026-06-03,MELI,42.5339946,1638.54,69693.65
test,2026-06-03,META,90.89669221,622.98,56626.82
test,2026-06-03,MSFT,82.7095662,427.34,35345.11
test,2026-06-03,MSTR,207.97956539,126.55,26319.81
test,2026-06-03,NVDA,219.8144844,214.75,47205.16
test,2026-06-03,NVO,589.62262913,42.0,24764.15
test,2026-06-03,RACE,54.11841144,344.4,18638.38
test,2026-06-03,RMS.PA,8.02101809,1816.9145,14573.5
test,2026-06-03,STZ,144.96954934,135.4,19628.88
test,2026-06-03,ULTA,49.58595646,471.21,23365.4
test,2026-06-03,V,114.05434968,312.4,35630.58
test,2026-06-03,WM,136.54362152,218.0,29766.51
test,2026-06-03,ZM,231.77656493,106.2,24614.67
test,2026-06-04,0700.HK,495.83307745,58.599,29055.32
test,2026-06-04,AMZN,259.94280433,253.79,65970.88
test,2026-06-04,BABA,272.88852163,125.95,34370.31
test,2026-06-04,BMNR,2991.15850789,17.89,53511.82
test,2026-06-04,BSX,419.5070859,48.85,20492.92
test,2026-06-04,CASH,24127.43,1.0,24127.43
test,2026-06-04,CRCL,252.20679988,90.54,22834.8
test,2026-06-04,CSU.TO,29.08221003,2081.9115,60546.59
test,2026-06-04,DPZ,47.98234165,307.51,14755.05
test,2026-06-04,EL.PA,94.59392789,203.17,19218.65
test,2026-06-04,IBE.MC,408.89037952,22.5475,9219.48
test,2026-06-04,ISRG,52.96984387,418.82,22184.83
test,2026-06-04,JPM,139.65613503,310.89,43417.7
test,2026-06-04,LLY,46.52547503,1125.27,52353.72
test,2026-06-04,MELI,42.5339946,1634.78,69533.72
test,2026-06-04,META,90.89669221,627.57,57044.04
test,2026-06-04,MSFT,82.7095662,428.05,35403.83
test,2026-06-04,MSTR,207.97956539,129.37,26906.32
test,2026-06-04,NVDA,219.8144844,218.66,48064.64
test,2026-06-04,NVO,589.62262913,43.75,25795.99
test,2026-06-04,RACE,54.11841144,349.92,18937.12
test,2026-06-04,RMS.PA,8.02101809,1824.2075,14632.0
test,2026-06-04,STZ,144.96954934,137.78,19973.9
test,2026-06-04,ULTA,49.58595646,462.52,22934.5
test,2026-06-04,V,114.05434968,320.18,36517.92
test,2026-06-04,WM,136.54362152,219.01,29904.42
test,2026-06-04,ZM,231.77656493,105.21,24385.21
test,2026-06-05,0700.HK,495.83307745,57.8585,28688.17
test,2026-06-05,AMZN,259.94280433,246.03,63953.73
test,2026-06-05,BABA,272.88852163,121.06,33035.88
test,2026-06-05,BMNR,2991.15850789,15.9,47559.42
test,2026-06-05,BSX,419.5070859,48.55,20367.07
test,2026-06-05,CASH,24127.43,1.0,24127.43
test,2026-06-05,CRCL,252.20679988,80.28,20247.16
test,2026-06-05,CSU.TO,29.08221003,2131.1419,61978.32
test,2026-06-05,DPZ,47.98234165,313.99,15065.97
test,2026-06-05,EL.PA,94.59392789,200.634,18978.76
test,2026-06-05,IBE.MC,408.89037952,22.8818,9356.17
test,2026-06-05,ISRG,52.96984387,422.06,22356.45
test,2026-06-05,JPM,139.65613503,312.37,43624.39
test,2026-06-05,LLY,46.52547503,1131.42,52639.86
test,2026-06-05,MELI,42.5339946,1607.8,68386.16
test,2026-06-05,META,90.89669221,593.0,53901.74
test,2026-06-05,MSFT,82.7095662,416.67,34462.6
test,2026-06-05,MSTR,207.97956539,120.44,25049.06
test,2026-06-05,NVDA,219.8144844,205.1,45083.95
test,2026-06-05,NVO,589.62262913,42.96,25330.19
test,2026-06-05,RACE,54.11841144,346.99,18778.55
test,2026-06-05,RMS.PA,8.02101809,1866.2824,14969.48
test,2026-06-05,STZ,144.96954934,140.91,20427.66
test,2026-06-05,ULTA,49.58595646,467.07,23160.11
test,2026-06-05,V,114.05434968,323.57,36904.57
test,2026-06-05,WM,136.54362152,220.4,30094.21
test,2026-06-05,ZM,231.77656493,101.62,23553.14
test,2026-06-06,0700.HK,495.83307745,57.8585,28688.17
test,2026-06-06,AMZN,259.94280433,246.03,63953.73
test,2026-06-06,BABA,272.88852163,121.06,33035.88
test,2026-06-06,BMNR,2991.15850789,15.9,47559.42
test,2026-06-06,BSX,419.5070859,48.55,20367.07
test,2026-06-06,CASH,24127.43,1.0,24127.43
test,2026-06-06,CRCL,252.20679988,80.28,20247.16
test,2026-06-06,CSU.TO,29.08221003,2131.1419,61978.32
test,2026-06-06,DPZ,47.98234165,313.99,15065.97
test,2026-06-06,EL.PA,94.59392789,200.634,18978.76
test,2026-06-06,IBE.MC,408.89037952,22.8818,9356.17
test,2026-06-06,ISRG,52.96984387,422.06,22356.45
test,2026-06-06,JPM,139.65613503,312.37,43624.39
test,2026-06-06,LLY,46.52547503,1131.42,52639.86
test,2026-06-06,MELI,42.5339946,1607.8,68386.16
test,2026-06-06,META,90.89669221,593.0,53901.74
test,2026-06-06,MSFT,82.7095662,416.67,34462.6
test,2026-06-06,MSTR,207.97956539,120.44,25049.06
test,2026-06-06,NVDA,219.8144844,205.1,45083.95
test,2026-06-06,NVO,589.62262913,42.96,25330.19
test,2026-06-06,RACE,54.11841144,346.99,18778.55
test,2026-06-06,RMS.PA,8.02101809,1866.2824,14969.48
test,2026-06-06,STZ,144.96954934,140.91,20427.66
test,2026-06-06,ULTA,49.58595646,467.07,23160.11
test,2026-06-06,V,114.05434968,323.57,36904.57
test,2026-06-06,WM,136.54362152,220.4,30094.21
test,2026-06-06,ZM,231.77656493,101.62,23553.14
test,2026-06-07,0700.HK,495.83307745,57.8497,28683.78
test,2026-06-07,AMZN,259.94280433,246.03,63953.73
test,2026-06-07,BABA,272.88852163,121.06,33035.88
test,2026-06-07,BMNR,2991.15850789,15.9,47559.42
test,2026-06-07,BSX,419.5070859,48.55,20367.07
test,2026-06-07,CASH,24127.43,1.0,24127.43
test,2026-06-07,CRCL,252.20679988,80.28,20247.16
test,2026-06-07,CSU.TO,29.08221003,2129.3538,61926.32
test,2026-06-07,DPZ,47.98234165,313.99,15065.97
test,2026-06-07,EL.PA,94.59392789,200.5415,18970.01
test,2026-06-07,IBE.MC,408.89037952,22.8713,9351.85
test,2026-06-07,ISRG,52.96984387,422.06,22356.45
test,2026-06-07,JPM,139.65613503,312.37,43624.39
test,2026-06-07,LLY,46.52547503,1131.42,52639.86
test,2026-06-07,MELI,42.5339946,1607.8,68386.16
test,2026-06-07,META,90.89669221,593.0,53901.74
test,2026-06-07,MSFT,82.7095662,416.67,34462.6
test,2026-06-07,MSTR,207.97956539,120.44,25049.06
test,2026-06-07,NVDA,219.8144844,205.1,45083.95
test,2026-06-07,NVO,589.62262913,42.96,25330.19
test,2026-06-07,RACE,54.11841144,346.99,18778.55
test,2026-06-07,RMS.PA,8.02101809,1865.4222,14962.59
test,2026-06-07,STZ,144.96954934,140.91,20427.66
test,2026-06-07,ULTA,49.58595646,467.07,23160.11
test,2026-06-07,V,114.05434968,323.57,36904.57
test,2026-06-07,WM,136.54362152,220.4,30094.21
test,2026-06-07,ZM,231.77656493,101.62,23553.14
test,2026-06-08,0700.HK,495.83307745,56.962,28243.65
test,2026-06-08,AMZN,259.94280433,245.22,63743.17
test,2026-06-08,BABA,272.88852163,120.07,32765.72
test,2026-06-08,BMNR,2991.15850789,16.85,50401.02
test,2026-06-08,BSX,419.5070859,48.7,20430.0
test,2026-06-08,CASH,24127.43,1.0,24127.43
test,2026-06-08,CRCL,252.20679988,82.53,20814.63
test,2026-06-08,CSU.TO,29.08221003,2122.6489,61731.32
test,2026-06-08,DPZ,47.98234165,313.53,15043.9
test,2026-06-08,EL.PA,94.59392789,199.7808,18898.05
test,2026-06-08,IBE.MC,408.89037952,22.8049,9324.7
test,2026-06-08,ISRG,52.96984387,418.61,22173.71
test,2026-06-08,JPM,139.65613503,311.11,43448.42
test,2026-06-08,LLY,46.52547503,1149.15,53464.75
test,2026-06-08,MELI,42.5339946,1611.99,68564.37
test,2026-06-08,META,90.89669221,585.39,53210.02
test,2026-06-08,MSFT,82.7095662,411.74,34054.84
test,2026-06-08,MSTR,207.97956539,127.2,26455.0
test,2026-06-08,NVDA,219.8144844,208.64,45862.09
test,2026-06-08,NVO,589.62262913,41.02,24186.32
test,2026-06-08,RACE,54.11841144,351.57,19026.41
test,2026-06-08,RMS.PA,8.02101809,1896.2733,15210.04
test,2026-06-08,STZ,144.96954934,140.85,20418.96
test,2026-06-08,ULTA,49.58595646,462.8,22948.38
test,2026-06-08,V,114.05434968,319.67,36459.76
test,2026-06-08,WM,136.54362152,216.14,29512.54
test,2026-06-08,ZM,231.77656493,101.15,23444.2
test,2026-06-09,0700.HK,495.83307745,57.8364,28677.19
test,2026-06-09,AMZN,259.94280433,244.19,63475.43
test,2026-06-09,BABA,272.88852163,119.7,32664.76
test,2026-06-09,BMNR,2991.15850789,16.2,48456.77
test,2026-06-09,BSX,419.5070859,48.96,20539.07
test,2026-06-09,CASH,24127.43,1.0,24127.43
test,2026-06-09,CRCL,252.20679988,81.1,20453.97
test,2026-06-09,CSU.TO,29.08221003,2133.525,62047.62
test,2026-06-09,DPZ,47.98234165,317.69,15243.51
test,2026-06-09,EL.PA,94.59392789,207.3621,19615.2
test,2026-06-09,IBE.MC,408.89037952,23.0152,9410.71
test,2026-06-09,ISRG,52.96984387,426.61,22597.46
test,2026-06-09,JPM,139.65613503,312.7,43670.48
test,2026-06-09,LLY,46.52547503,1144.6801,53256.78
test,2026-06-09,MELI,42.5339946,1641.16,69805.09
test,2026-06-09,META,90.89669221,584.59,53137.3
test,2026-06-09,MSFT,82.7095662,403.41,33365.87
test,2026-06-09,MSTR,207.97956539,117.02,24337.77
test,2026-06-09,NVDA,219.8144844,208.19,45763.18
test,2026-06-09,NVO,589.62262913,42.19,24876.18
test,2026-06-09,RACE,54.11841144,357.52,19348.41
test,2026-06-09,RMS.PA,8.02101809,1921.8787,15415.42
test,2026-06-09,STZ,144.96954934,140.09,20308.78
test,2026-06-09,ULTA,49.58595646,477.9,23697.13
test,2026-06-09,V,114.05434968,325.05,37073.36
test,2026-06-09,WM,136.54362152,221.3,30217.1
test,2026-06-09,ZM,231.77656493,96.83,22442.93
test,2026-06-10,0700.HK,495.83307745,59.4196,29462.2
test,2026-06-10,AMZN,259.94280433,238.0,61866.39
test,2026-06-10,BABA,272.88852163,115.38,31485.88
test,2026-06-10,BMNR,2991.15850789,15.64,46781.72
test,2026-06-10,BSX,419.5070859,48.34,20278.97
test,2026-06-10,CASH,24127.43,1.0,24127.43
test,2026-06-10,CRCL,252.20679988,78.93,19906.68
test,2026-06-10,CSU.TO,29.08221003,2249.839,65430.29
test,2026-06-10,DPZ,47.98234165,314.77,15103.4
test,2026-06-10,EL.PA,94.59392789,206.7848,19560.58
test,2026-06-10,IBE.MC,408.89037952,23.2257,9496.75
test,2026-06-10,ISRG,52.96984387,412.02,21824.63
test,2026-06-10,JPM,139.65613503,309.14,43173.3
test,2026-06-10,LLY,46.52547503,1136.37,52870.15
test,2026-06-10,MELI,42.5339946,1588.29,67556.32
test,2026-06-10,META,90.89669221,570.98,51900.19
test,2026-06-10,MSFT,82.7095662,397.36,32865.47
test,2026-06-10,MSTR,207.97956539,115.35,23990.44
test,2026-06-10,NVDA,219.8144844,200.42,44055.22
test,2026-06-10,NVO,589.62262913,42.81,25241.75
test,2026-06-10,RACE,54.11841144,346.56,18755.28
test,2026-06-10,RMS.PA,8.02101809,1893.5974,15188.58
test,2026-06-10,STZ,144.96954934,142.27,20624.82
test,2026-06-10,ULTA,49.58595646,470.75,23342.59
test,2026-06-10,V,114.05434968,322.96,36834.99
test,2026-06-10,WM,136.54362152,224.28,30624.0
test,2026-06-10,ZM,231.77656493,93.96,21777.73
test,2026-06-11,0700.HK,495.83307745,58.3573,28935.46
test,2026-06-11,AMZN,259.94280433,241.51,62778.79
test,2026-06-11,BABA,272.88852163,112.69,30751.81
test,2026-06-11,BMNR,2991.15850789,16.52,49413.94
test,2026-06-11,BSX,419.5070859,47.17,19788.15
test,2026-06-11,CASH,24127.43,1.0,24127.43
test,2026-06-11,CRCL,252.20679988,82.63,20839.85
test,2026-06-11,CSU.TO,29.08221003,2186.3803,63584.77
test,2026-06-11,DPZ,47.98234165,312.26,14982.97
test,2026-06-11,EL.PA,94.59392789,206.8626,19567.95
test,2026-06-11,IBE.MC,408.89037952,23.5389,9624.85
test,2026-06-11,ISRG,52.96984387,412.9,21871.25
test,2026-06-11,JPM,139.65613503,313.49,43780.8
test,2026-06-11,LLY,46.52547503,1160.95,54013.75
test,2026-06-11,MELI,42.5339946,1610.0,68479.73
test,2026-06-11,META,90.89669221,568.43,51668.41
test,2026-06-11,MSFT,82.7095662,390.34,32284.85
test,2026-06-11,MSTR,207.97956539,120.15,24988.75
test,2026-06-11,NVDA,219.8144844,204.87,45033.39
test,2026-06-11,NVO,589.62262913,43.96,25919.81
test,2026-06-11,RACE,54.11841144,365.62,19786.77
test,2026-06-11,RMS.PA,8.02101809,1901.4004,15251.17
test,2026-06-11,STZ,144.96954934,143.12,20748.04
test,2026-06-11,ULTA,49.58595646,476.42,23623.74
test,2026-06-11,V,114.05434968,319.05,36389.04
test,2026-06-11,WM,136.54362152,218.79,29874.38
test,2026-06-11,ZM,231.77656493,92.32,21397.61
test,2026-06-12,0700.HK,495.83307745,59.1711,29339.01
test,2026-06-12,AMZN,259.94280433,238.55,62009.36
test,2026-06-12,BABA,272.88852163,112.82,30787.28
test,2026-06-12,BMNR,2991.15850789,16.11,48187.57
test,2026-06-12,BSX,419.5070859,46.91,19679.08
test,2026-06-12,CASH,24127.43,1.0,24127.43
test,2026-06-12,CRCL,252.20679988,77.84,19631.78
test,2026-06-12,CSU.TO,29.08221003,2090.2138,60788.04
test,2026-06-12,DPZ,47.98234165,323.88,15540.52
test,2026-06-12,EL.PA,94.59392789,211.4339,20000.36
test,2026-06-12,IBE.MC,408.89037952,23.5158,9615.38
test,2026-06-12,ISRG,52.96984387,411.06,21773.78
test,2026-06-12,JPM,139.65613503,320.72,44790.52
test,2026-06-12,LLY,46.52547503,1133.0,52713.36
test,2026-06-12,MELI,42.5339946,1589.6,67612.04
test,2026-06-12,META,90.89669221,566.98,51536.6
test,2026-06-12,MSFT,82.7095662,390.74,32317.94
test,2026-06-12,MSTR,207.97956539,123.97,25783.23
test,2026-06-12,NVDA,219.8144844,205.19,45103.73
test,2026-06-12,NVO,589.62262913,43.88,25872.64
test,2026-06-12,RACE,54.11841144,354.91,19207.17
test,2026-06-12,RMS.PA,8.02101809,1963.8932,15752.42
test,2026-06-12,STZ,144.96954934,148.51,21529.43
test,2026-06-12,ULTA,49.58595646,467.74,23193.33
test,2026-06-12,V,114.05434968,322.39,36769.98
test,2026-06-12,WM,136.54362152,219.45,29964.5
test,2026-06-12,ZM,231.77656493,93.68,21712.83
test,2026-06-13,0700.HK,495.83307745,59.1711,29339.01
test,2026-06-13,AMZN,259.94280433,238.55,62009.36
test,2026-06-13,BABA,272.88852163,112.82,30787.28
test,2026-06-13,BMNR,2991.15850789,16.11,48187.57
test,2026-06-13,BSX,419.5070859,46.91,19679.08
test,2026-06-13,CASH,24127.43,1.0,24127.43
test,2026-06-13,CRCL,252.20679988,77.84,19631.78
test,2026-06-13,CSU.TO,29.08221003,2090.2138,60788.04
test,2026-06-13,DPZ,47.98234165,323.88,15540.52
test,2026-06-13,EL.PA,94.59392789,211.4339,20000.36
test,2026-06-13,IBE.MC,408.89037952,23.5158,9615.38
test,2026-06-13,ISRG,52.96984387,411.06,21773.78
test,2026-06-13,JPM,139.65613503,320.72,44790.52
test,2026-06-13,LLY,46.52547503,1133.0,52713.36
test,2026-06-13,MELI,42.5339946,1589.6,67612.04
test,2026-06-13,META,90.89669221,566.98,51536.6
test,2026-06-13,MSFT,82.7095662,390.74,32317.94
test,2026-06-13,MSTR,207.97956539,123.97,25783.23
test,2026-06-13,NVDA,219.8144844,205.19,45103.73
test,2026-06-13,NVO,589.62262913,43.88,25872.64
test,2026-06-13,RACE,54.11841144,354.91,19207.17
test,2026-06-13,RMS.PA,8.02101809,1963.8932,15752.42
test,2026-06-13,STZ,144.96954934,148.51,21529.43
test,2026-06-13,ULTA,49.58595646,467.74,23193.33
test,2026-06-13,V,114.05434968,322.39,36769.98
test,2026-06-13,WM,136.54362152,219.45,29964.5
test,2026-06-13,ZM,231.77656493,93.68,21712.83
test,2026-06-14,0700.HK,495.83307745,59.1727,29339.76
test,2026-06-14,AMZN,259.94280433,238.55,62009.36
test,2026-06-14,BABA,272.88852163,112.82,30787.28
test,2026-06-14,BMNR,2991.15850789,16.11,48187.57
test,2026-06-14,BSX,419.5070859,46.91,19679.08
test,2026-06-14,CASH,24127.43,1.0,24127.43
test,2026-06-14,CRCL,252.20679988,77.84,19631.78
test,2026-06-14,CSU.TO,29.08221003,2094.0909,60900.79
test,2026-06-14,DPZ,47.98234165,323.88,15540.52
test,2026-06-14,EL.PA,94.59392789,212.072,20060.72
test,2026-06-14,IBE.MC,408.89037952,23.5868,9644.4
test,2026-06-14,ISRG,52.96984387,411.06,21773.78
test,2026-06-14,JPM,139.65613503,320.72,44790.52
test,2026-06-14,LLY,46.52547503,1133.0,52713.36
test,2026-06-14,MELI,42.5339946,1589.6,67612.04
test,2026-06-14,META,90.89669221,566.98,51536.6
test,2026-06-14,MSFT,82.7095662,390.74,32317.94
test,2026-06-14,MSTR,207.97956539,123.97,25783.23
test,2026-06-14,NVDA,219.8144844,205.19,45103.73
test,2026-06-14,NVO,589.62262913,43.88,25872.64
test,2026-06-14,RACE,54.11841144,354.91,19207.17
test,2026-06-14,RMS.PA,8.02101809,1969.8201,15799.96
test,2026-06-14,STZ,144.96954934,148.51,21529.43
test,2026-06-14,ULTA,49.58595646,467.74,23193.33
test,2026-06-14,V,114.05434968,322.39,36769.98
test,2026-06-14,WM,136.54362152,219.45,29964.5
test,2026-06-14,ZM,231.77656493,93.68,21712.83
test,2026-06-15,0700.HK,495.83307745,58.6816,29096.27
test,2026-06-15,AMZN,259.94280433,246.02,63951.13
test,2026-06-15,BABA,272.88852163,112.55,30713.6
test,2026-06-15,BMNR,2991.15850789,17.11,51178.72
test,2026-06-15,BSX,419.5070859,46.76,19616.15
test,2026-06-15,CASH,24127.43,1.0,24127.43
test,2026-06-15,CRCL,252.20679988,83.37,21026.48
test,2026-06-15,CSU.TO,29.08221003,2076.8104,60398.24
test,2026-06-15,DPZ,47.98234165,316.52,15187.37
test,2026-06-15,EL.PA,94.59392789,213.8127,20225.39
test,2026-06-15,IBE.MC,408.89037952,23.8034,9733.0
test,2026-06-15,ISRG,52.96984387,416.55,22064.59
test,2026-06-15,JPM,139.65613503,319.4,44606.17
test,2026-06-15,LLY,46.52547503,1129.35,52543.54
test,2026-06-15,MELI,42.5339946,1646.36,70026.27
test,2026-06-15,META,90.89669221,593.48,53945.37
test,2026-06-15,MSFT,82.7095662,399.76,33063.98
test,2026-06-15,MSTR,207.97956539,131.14,27274.44
test,2026-06-15,NVDA,219.8144844,212.45,46699.59
test,2026-06-15,NVO,589.62262913,43.92,25896.22
test,2026-06-15,RACE,54.11841144,369.06,19972.94
test,2026-06-15,RMS.PA,8.02101809,1988.8476,15952.58
test,2026-06-15,STZ,144.96954934,148.13,21474.34
test,2026-06-15,ULTA,49.58595646,471.65,23387.22
test,2026-06-15,V,114.05434968,323.82,36933.08
test,2026-06-15,WM,136.54362152,216.94,29621.77
test,2026-06-15,ZM,231.77656493,94.25,21844.94
test,2026-06-16,0700.HK,495.83307745,57.1027,28313.43
test,2026-06-16,AMZN,259.94280433,246.0,63945.93
test,2026-06-16,BABA,272.88852163,110.97,30282.44
test,2026-06-16,BMNR,2991.15850789,16.21,48486.68
test,2026-06-16,BSX,419.5070859,46.92,19683.27
test,2026-06-16,CASH,24127.43,1.0,24127.43
test,2026-06-16,CRCL,252.20679988,79.72,20105.93
test,2026-06-16,CSU.TO,29.08221003,2043.9134,59441.52
test,2026-06-16,DPZ,47.98234165,320.51,15378.82
test,2026-06-16,EL.PA,94.59392789,211.2684,19984.71
test,2026-06-16,IBE.MC,408.89037952,23.6878,9685.73
test,2026-06-16,ISRG,52.96984387,417.07,22092.13
test,2026-06-16,JPM,139.65613503,331.14,46245.73
test,2026-06-16,LLY,46.52547503,1122.5,52224.85
test,2026-06-16,MELI,42.5339946,1674.08,71205.31
test,2026-06-16,META,90.89669221,600.21,54557.11
test,2026-06-16,MSFT,82.7095662,393.83,32573.51
test,2026-06-16,MSTR,207.97956539,122.81,25541.97
test,2026-06-16,NVDA,219.8144844,207.41,45591.72
test,2026-06-16,NVO,589.62262913,43.55,25678.07
test,2026-06-16,RACE,54.11841144,366.13,19814.37
test,2026-06-16,RMS.PA,8.02101809,2013.6971,16151.9
test,2026-06-16,STZ,144.96954934,144.11,20891.56
test,2026-06-16,ULTA,49.58595646,463.68,22992.02
test,2026-06-16,V,114.05434968,333.12,37993.78
test,2026-06-16,WM,136.54362152,218.59,29847.07
test,2026-06-16,ZM,231.77656493,92.07,21339.67
test,2026-06-17,0700.HK,495.83307745,56.8395,28182.9
test,2026-06-17,AMZN,259.94280433,237.5,61736.42
test,2026-06-17,BABA,272.88852163,107.44,29319.14
test,2026-06-17,BMNR,2991.15850789,15.7,46961.19
test,2026-06-17,BSX,419.5070859,44.95,18856.84
test,2026-06-17,CASH,24127.43,1.0,24127.43
test,2026-06-17,CRCL,252.20679988,80.59,20325.35
test,2026-06-17,CSU.TO,29.08221003,2037.3667,59251.13
test,2026-06-17,DPZ,47.98234165,314.36,15083.73
test,2026-06-17,EL.PA,94.59392789,200.2865,18945.89
test,2026-06-17,IBE.MC,408.89037952,23.7249,9700.89
test,2026-06-17,ISRG,52.96984387,402.18,21303.41
test,2026-06-17,JPM,139.65613503,333.46,46569.73
test,2026-06-17,LLY,46.52547503,1112.0,51736.33
test,2026-06-17,MELI,42.5339946,1631.8199,69407.82
test,2026-06-17,META,90.89669221,567.58,51591.15
test,2026-06-17,MSFT,82.7095662,378.91,31339.48
test,2026-06-17,MSTR,207.97956539,116.56,24242.1
test,2026-06-17,NVDA,219.8144844,204.65,44985.03
test,2026-06-17,NVO,589.62262913,43.52,25660.38
test,2026-06-17,RACE,54.11841144,354.28,19173.07
test,2026-06-17,RMS.PA,8.02101809,1979.9426,15881.16
test,2026-06-17,STZ,144.96954934,138.96,20144.97
test,2026-06-17,ULTA,49.58595646,450.75,22350.87
test,2026-06-17,V,114.05434968,330.38,37681.28
test,2026-06-17,WM,136.54362152,215.85,29472.94
test,2026-06-17,ZM,231.77656493,87.39,20254.95
test,2026-06-18,0700.HK,495.83307745,56.173,27852.45
test,2026-06-18,AMZN,259.94280433,244.39,63527.42
test,2026-06-18,BABA,272.88852163,107.1,29226.36
test,2026-06-18,BMNR,2991.15850789,16.14,48277.3
test,2026-06-18,BSX,419.5070859,45.29,18999.48
test,2026-06-18,CASH,24127.43,1.0,24127.43
test,2026-06-18,CRCL,252.20679988,80.23,20234.55
test,2026-06-18,CSU.TO,29.08221003,1943.5932,56523.99
test,2026-06-18,DPZ,47.98234165,312.47,14993.04
test,2026-06-18,EL.PA,94.59392789,203.6931,19268.13
test,2026-06-18,IBE.MC,408.89037952,23.9018,9773.23
test,2026-06-18,ISRG,52.96984387,406.78,21547.07
test,2026-06-18,JPM,139.65613503,325.22,45418.97
test,2026-06-18,LLY,46.52547503,1098.5699,51111.49
test,2026-06-18,MELI,42.5339946,1635.15,69549.46
test,2026-06-18,META,90.89669221,577.22,52467.39
test,2026-06-18,MSFT,82.7095662,379.4,31380.01
test,2026-06-18,MSTR,207.97956539,112.53,23403.94
test,2026-06-18,NVDA,219.8144844,210.69,46312.71
test,2026-06-18,NVO,589.62262913,43.19,25465.8
test,2026-06-18,RACE,54.11841144,362.13,19597.9
test,2026-06-18,RMS.PA,8.02101809,2022.0207,16218.66
test,2026-06-18,STZ,144.96954934,141.18,20466.8
test,2026-06-18,ULTA,49.58595646,456.13,22617.64
test,2026-06-18,V,114.05434968,327.24,37323.14
test,2026-06-18,WM,136.54362152,214.6,29302.26
test,2026-06-18,ZM,231.77656493,86.36,20016.22
test,2026-06-19,0700.HK,495.83307745,56.1709,27851.38
test,2026-06-19,AMZN,259.94280433,244.39,63527.42
test,2026-06-19,BABA,272.88852163,107.1,29226.36
test,2026-06-19,BMNR,2991.15850789,16.14,48277.3
test,2026-06-19,BSX,419.5070859,45.29,18999.48
test,2026-06-19,CASH,24127.43,1.0,24127.43
test,2026-06-19,CRCL,252.20679988,80.23,20234.55
test,2026-06-19,CSU.TO,29.08221003,1959.1648,56976.84
test,2026-06-19,DPZ,47.98234165,312.47,14993.04
test,2026-06-19,EL.PA,94.59392789,199.048,18828.74
test,2026-06-19,IBE.MC,408.89037952,23.8904,9768.54
test,2026-06-19,ISRG,52.96984387,406.78,21547.07
test,2026-06-19,JPM,139.65613503,325.22,45418.97
test,2026-06-19,LLY,46.52547503,1098.5699,51111.49
test,2026-06-19,MELI,42.5339946,1635.15,69549.46
test,2026-06-19,META,90.89669221,577.22,52467.39
test,2026-06-19,MSFT,82.7095662,379.4,31380.01
test,2026-06-19,MSTR,207.97956539,112.53,23403.94
test,2026-06-19,NVDA,219.8144844,210.69,46312.71
test,2026-06-19,NVO,589.62262913,43.19,25465.8
test,2026-06-19,RACE,54.11841144,362.13,19597.9
test,2026-06-19,RMS.PA,8.02101809,1974.4235,15836.89
test,2026-06-19,STZ,144.96954934,141.18,20466.8
test,2026-06-19,ULTA,49.58595646,456.13,22617.64
test,2026-06-19,V,114.05434968,327.24,37323.14
test,2026-06-19,WM,136.54362152,214.6,29302.26
test,2026-06-19,ZM,231.77656493,86.36,20016.22
test,2026-06-20,0700.HK,495.83307745,56.1695,27850.67
test,2026-06-20,AMZN,259.94280433,244.39,63527.42
test,2026-06-20,BABA,272.88852163,107.1,29226.36
test,2026-06-20,BMNR,2991.15850789,16.14,48277.3
test,2026-06-20,BSX,419.5070859,45.29,18999.48
test,2026-06-20,CASH,24127.43,1.0,24127.43
test,2026-06-20,CRCL,252.20679988,80.23,20234.55
test,2026-06-20,CSU.TO,29.08221003,1955.9033,56881.99
test,2026-06-20,DPZ,47.98234165,312.47,14993.04
test,2026-06-20,EL.PA,94.59392789,198.9568,18820.1
test,2026-06-20,IBE.MC,408.89037952,23.8794,9764.06
test,2026-06-20,ISRG,52.96984387,406.78,21547.07
test,2026-06-20,JPM,139.65613503,325.22,45418.97
test,2026-06-20,LLY,46.52547503,1098.5699,51111.49
test,2026-06-20,MELI,42.5339946,1635.15,69549.46
test,2026-06-20,META,90.89669221,577.22,52467.39
test,2026-06-20,MSFT,82.7095662,379.4,31380.01
test,2026-06-20,MSTR,207.97956539,112.53,23403.94
test,2026-06-20,NVDA,219.8144844,210.69,46312.71
test,2026-06-20,NVO,589.62262913,43.19,25465.8
test,2026-06-20,RACE,54.11841144,362.13,19597.9
test,2026-06-20,RMS.PA,8.02101809,1973.5183,15829.63
test,2026-06-20,STZ,144.96954934,141.18,20466.8
test,2026-06-20,ULTA,49.58595646,456.13,22617.64
test,2026-06-20,V,114.05434968,327.24,37323.14
test,2026-06-20,WM,136.54362152,214.6,29302.26
test,2026-06-20,ZM,231.77656493,86.36,20016.22
test,2026-06-21,0700.HK,495.83307745,56.1727,27852.31
test,2026-06-21,AMZN,259.94280433,244.39,63527.42
test,2026-06-21,BABA,272.88852163,107.1,29226.36
test,2026-06-21,BMNR,2991.15850789,16.14,48277.3
test,2026-06-21,BSX,419.5070859,45.29,18999.48
test,2026-06-21,CASH,24127.43,1.0,24127.43
test,2026-06-21,CRCL,252.20679988,80.23,20234.55
test,2026-06-21,CSU.TO,29.08221003,1956.262,56892.42
test,2026-06-21,DPZ,47.98234165,312.47,14993.04
test,2026-06-21,EL.PA,94.59392789,198.9568,18820.1
test,2026-06-21,IBE.MC,408.89037952,23.8794,9764.06
test,2026-06-21,ISRG,52.96984387,406.78,21547.07
test,2026-06-21,JPM,139.65613503,325.22,45418.97
test,2026-06-21,LLY,46.52547503,1098.5699,51111.49
test,2026-06-21,MELI,42.5339946,1635.15,69549.46
test,2026-06-21,META,90.89669221,577.22,52467.39
test,2026-06-21,MSFT,82.7095662,379.4,31380.01
test,2026-06-21,MSTR,207.97956539,112.53,23403.94
test,2026-06-21,NVDA,219.8144844,210.69,46312.71
test,2026-06-21,NVO,589.62262913,43.19,25465.8
test,2026-06-21,RACE,54.11841144,362.13,19597.9
test,2026-06-21,RMS.PA,8.02101809,1973.5183,15829.63
test,2026-06-21,STZ,144.96954934,141.18,20466.8
test,2026-06-21,ULTA,49.58595646,456.13,22617.64
test,2026-06-21,V,114.05434968,327.24,37323.14
test,2026-06-21,WM,136.54362152,214.6,29302.26
test,2026-06-21,ZM,231.77656493,86.36,20016.22
test,2026-06-22,0700.HK,495.83307745,55.2275,27383.61
test,2026-06-22,AMZN,259.94280433,232.79,60512.08
test,2026-06-22,BABA,272.88852163,104.97,28645.11
test,2026-06-22,BMNR,2991.15850789,15.86,47439.77
test,2026-06-22,BSX,419.5070859,44.33,18596.75
test,2026-06-22,CASH,24127.43,1.0,24127.43
test,2026-06-22,CRCL,252.20679988,79.95,20163.93
test,2026-06-22,CSU.TO,29.08221003,1901.6116,55303.07
test,2026-06-22,DPZ,47.98234165,295.11,14160.07
test,2026-06-22,EL.PA,94.59392789,191.826,18145.58
test,2026-06-22,IBE.MC,408.89037952,24.1234,9863.83
test,2026-06-22,ISRG,52.96984387,402.95,21344.2
test,2026-06-22,JPM,139.65613503,331.48,46293.22
test,2026-06-22,LLY,46.52547503,1102.08,51274.79
test,2026-06-22,MELI,42.5339946,1589.45,67605.66
test,2026-06-22,META,90.89669221,563.85,51252.1
test,2026-06-22,MSFT,82.7095662,367.34,30382.53
test,2026-06-22,MSTR,207.97956539,109.46,22765.44
test,2026-06-22,NVDA,219.8144844,208.65,45864.29
test,2026-06-22,NVO,589.62262913,45.88,27051.89
test,2026-06-22,RACE,54.11841144,348.42,18855.94
test,2026-06-22,RMS.PA,8.02101809,1844.2622,14792.86
test,2026-06-22,STZ,144.96954934,141.51,20514.64
test,2026-06-22,ULTA,49.58595646,465.06,23060.44
test,2026-06-22,V,114.05434968,326.6,37250.15
test,2026-06-22,WM,136.54362152,213.31,29126.12
test,2026-06-22,ZM,231.77656493,84.34,19548.03
test,2026-06-23,0700.HK,495.83307745,52.9149,26236.96
test,2026-06-23,AMZN,259.94280433,234.11,60855.21
test,2026-06-23,BABA,272.88852163,102.6,27998.36
test,2026-06-23,BMNR,2991.15850789,15.13,45256.23
test,2026-06-23,BSX,419.5070859,45.6,19129.52
test,2026-06-23,CASH,24127.43,1.0,24127.43
test,2026-06-23,CRCL,252.20679988,75.68,19087.01
test,2026-06-23,CSU.TO,29.08221003,1961.003,57030.3
test,2026-06-23,DPZ,47.98234165,283.03,13580.44
test,2026-06-23,EL.PA,94.59392789,191.0144,18068.81
test,2026-06-23,IBE.MC,408.89037952,24.06,9837.89
test,2026-06-23,ISRG,52.96984387,403.18,21356.38
test,2026-06-23,JPM,139.65613503,334.14,46664.7
test,2026-06-23,LLY,46.52547503,1107.08,51507.42
test,2026-06-23,MELI,42.5339946,1583.66,67359.39
test,2026-06-23,META,90.89669221,562.2,51102.12
test,2026-06-23,MSFT,82.7095662,373.94,30928.42
test,2026-06-23,MSTR,207.97956539,103.84,21596.6
test,2026-06-23,NVDA,219.8144844,200.04,43971.69
test,2026-06-23,NVO,589.62262913,47.42,27959.9
test,2026-06-23,RACE,54.11841144,344.87,18663.82
test,2026-06-23,RMS.PA,8.02101809,1823.2422,14624.26
test,2026-06-23,STZ,144.96954934,143.38,20785.73
test,2026-06-23,ULTA,49.58595646,459.33,22776.32
test,2026-06-23,V,114.05434968,328.48,37464.57
test,2026-06-23,WM,136.54362152,218.84,29881.21
test,2026-06-23,ZM,231.77656493,86.445,20035.93
test,2026-06-24,0700.HK,495.83307745,54.6974,27120.76
test,2026-06-24,AMZN,259.94280433,234.27,60896.8
test,2026-06-24,BABA,272.88852163,99.8,27234.28
test,2026-06-24,BMNR,2991.15850789,14.02,41936.04
test,2026-06-24,BSX,419.5070859,44.46,18651.28
test,2026-06-24,CASH,24127.43,1.0,24127.43
test,2026-06-24,CRCL,252.20679988,70.98,17901.64
test,2026-06-24,CSU.TO,29.08221003,2020.2027,58751.96
test,2026-06-24,DPZ,47.98234165,287.62,13800.68
test,2026-06-24,EL.PA,94.59392789,191.6127,18125.4
test,2026-06-24,IBE.MC,408.89037952,24.0368,9828.43
test,2026-06-24,ISRG,52.96984387,401.83,21284.87
test,2026-06-24,JPM,139.65613503,333.45,46568.34
test,2026-06-24,LLY,46.52547503,1117.26,51981.05
test,2026-06-24,MELI,42.5339946,1659.5699,70588.14
test,2026-06-24,META,90.89669221,557.67,50690.36
test,2026-06-24,MSFT,82.7095662,365.46,30227.04
test,2026-06-24,MSTR,207.97956539,94.13,19577.12
test,2026-06-24,NVDA,219.8144844,199.0,43743.08
test,2026-06-24,NVO,589.62262913,47.41,27954.01
test,2026-06-24,RACE,54.11841144,348.75,18873.8
test,2026-06-24,RMS.PA,8.02101809,1851.3469,14849.69
test,2026-06-24,STZ,144.96954934,143.02,20733.55
test,2026-06-24,ULTA,49.58595646,478.93,23748.2
test,2026-06-24,V,114.05434968,332.23,37892.28
test,2026-06-24,WM,136.54362152,223.26,30484.73
test,2026-06-24,ZM,231.77656493,85.47,19809.94
test,2026-06-25,0700.HK,495.83307745,53.7425,26647.29
test,2026-06-25,AMZN,259.94280433,227.01,59009.61
test,2026-06-25,BABA,272.88852163,95.07,25943.51
test,2026-06-25,BMNR,2991.15850789,13.32,39842.23
test,2026-06-25,BSX,419.5070859,44.2,18542.21
test,2026-06-25,CASH,24127.43,1.0,24127.43
test,2026-06-25,CRCL,252.20679988,68.81,17354.35
test,2026-06-25,CSU.TO,29.08221003,1948.0127,56652.51
test,2026-06-25,DPZ,47.98234165,285.44,13696.08
test,2026-06-25,EL.PA,94.59392789,189.18,17895.28
test,2026-06-25,IBE.MC,408.89037952,24.4419,9994.06
test,2026-06-25,ISRG,52.96984387,399.69,21171.52
test,2026-06-25,JPM,139.65613503,335.12,46801.56
test,2026-06-25,LLY,46.52547503,1127.6899,52466.31
test,2026-06-25,MELI,42.5339946,1619.25,68873.17
test,2026-06-25,META,90.89669221,542.87,49345.09
test,2026-06-25,MSFT,82.7095662,352.83,29182.42
test,2026-06-25,MSTR,207.97956539,85.33,17746.9
test,2026-06-25,NVDA,219.8144844,195.74,43026.49
test,2026-06-25,NVO,589.62262913,47.64,28089.62
test,2026-06-25,RACE,54.11841144,352.2,19060.51
test,2026-06-25,RMS.PA,8.02101809,1837.6993,14740.22
test,2026-06-25,STZ,144.96954934,144.45,20940.85
test,2026-06-25,ULTA,49.58595646,485.52,24074.97
test,2026-06-25,V,114.05434968,330.52,37697.24
test,2026-06-25,WM,136.54362152,223.08,30460.15
test,2026-06-25,ZM,231.77656493,82.88,19209.64
test,2026-06-26,0700.HK,495.83307745,52.5148,26038.57
test,2026-06-26,AMZN,259.94280433,232.69,60486.09
test,2026-06-26,BABA,272.88852163,94.81,25872.56
test,2026-06-26,BMNR,2991.15850789,13.56,40560.11
test,2026-06-26,BSX,419.5070859,44.23,18554.8
test,2026-06-26,CASH,24127.43,1.0,24127.43
test,2026-06-26,CRCL,252.20679988,73.57,18554.85
test,2026-06-26,CSU.TO,29.08221003,1986.1856,57762.67
test,2026-06-26,DPZ,47.98234165,298.18,14307.37
test,2026-06-26,EL.PA,94.59392789,192.0843,18170.01
test,2026-06-26,IBE.MC,408.89037952,24.7039,10101.18
test,2026-06-26,ISRG,52.96984387,404.7,21436.9
test,2026-06-26,JPM,139.65613503,329.05,45953.85
test,2026-06-26,LLY,46.52547503,1208.12,56208.36
test,2026-06-26,MELI,42.5339946,1675.1,71248.69
test,2026-06-26,META,90.89669221,550.25,50015.9
test,2026-06-26,MSFT,82.7095662,372.97,30848.19
test,2026-06-26,MSTR,207.97956539,82.31,17118.8
test,2026-06-26,NVDA,219.8144844,192.53,42320.88
test,2026-06-26,NVO,589.62262913,48.07,28343.16
test,2026-06-26,RACE,54.11841144,368.34,19933.98
test,2026-06-26,RMS.PA,8.02101809,1851.9362,14854.41
test,2026-06-26,STZ,144.96954934,146.3,21209.05
test,2026-06-26,ULTA,49.58595646,488.45,24220.26
test,2026-06-26,V,114.05434968,336.23,38348.5
test,2026-06-26,WM,136.54362152,225.53,30794.68
test,2026-06-26,ZM,231.77656493,86.48,20044.04
test,2026-06-27,0700.HK,495.83307745,52.5148,26038.57
test,2026-06-27,AMZN,259.94280433,232.69,60486.09
test,2026-06-27,BABA,272.88852163,94.81,25872.56
test,2026-06-27,BMNR,2991.15850789,13.56,40560.11
test,2026-06-27,BSX,419.5070859,44.23,18554.8
test,2026-06-27,CASH,24127.43,1.0,24127.43
test,2026-06-27,CRCL,252.20679988,73.57,18554.85
test,2026-06-27,CSU.TO,29.08221003,1986.1157,57760.63
test,2026-06-27,DPZ,47.98234165,298.18,14307.37
test,2026-06-27,EL.PA,94.59392789,192.0843,18170.01
test,2026-06-27,IBE.MC,408.89037952,24.7039,10101.18
test,2026-06-27,ISRG,52.96984387,404.7,21436.9
test,2026-06-27,JPM,139.65613503,329.05,45953.85
test,2026-06-27,LLY,46.52547503,1208.12,56208.36
test,2026-06-27,MELI,42.5339946,1675.1,71248.69
test,2026-06-27,META,90.89669221,550.25,50015.9
test,2026-06-27,MSFT,82.7095662,372.97,30848.19
test,2026-06-27,MSTR,207.97956539,82.31,17118.8
test,2026-06-27,NVDA,219.8144844,192.53,42320.88
test,2026-06-27,NVO,589.62262913,48.07,28343.16
test,2026-06-27,RACE,54.11841144,368.34,19933.98
test,2026-06-27,RMS.PA,8.02101809,1851.9362,14854.41
test,2026-06-27,STZ,144.96954934,146.3,21209.05
test,2026-06-27,ULTA,49.58595646,488.45,24220.26
test,2026-06-27,V,114.05434968,336.23,38348.5
test,2026-06-27,WM,136.54362152,225.53,30794.68
test,2026-06-27,ZM,231.77656493,86.48,20044.04
test,2026-06-28,0700.HK,495.83307745,52.5181,26040.23
test,2026-06-28,AMZN,259.94280433,232.69,60486.09
test,2026-06-28,BABA,272.88852163,94.81,25872.56
test,2026-06-28,BMNR,2991.15850789,13.56,40560.11
test,2026-06-28,BSX,419.5070859,44.23,18554.8
test,2026-06-28,CASH,24127.43,1.0,24127.43
test,2026-06-28,CRCL,252.20679988,73.57,18554.85
test,2026-06-28,CSU.TO,29.08221003,1986.1017,57760.23
test,2026-06-28,DPZ,47.98234165,298.18,14307.37
test,2026-06-28,EL.PA,94.59392789,192.0843,18170.01
test,2026-06-28,IBE.MC,408.89037952,24.7039,10101.18
test,2026-06-28,ISRG,52.96984387,404.7,21436.9
test,2026-06-28,JPM,139.65613503,329.05,45953.85
test,2026-06-28,LLY,46.52547503,1208.12,56208.36
test,2026-06-28,MELI,42.5339946,1675.1,71248.69
test,2026-06-28,META,90.89669221,550.25,50015.9
test,2026-06-28,MSFT,82.7095662,372.97,30848.19
test,2026-06-28,MSTR,207.97956539,82.31,17118.8
test,2026-06-28,NVDA,219.8144844,192.53,42320.88
test,2026-06-28,NVO,589.62262913,48.07,28343.16
test,2026-06-28,RACE,54.11841144,368.34,19933.98
test,2026-06-28,RMS.PA,8.02101809,1851.9362,14854.41
test,2026-06-28,STZ,144.96954934,146.3,21209.05
test,2026-06-28,ULTA,49.58595646,488.45,24220.26
test,2026-06-28,V,114.05434968,336.23,38348.5
test,2026-06-28,WM,136.54362152,225.53,30794.68
test,2026-06-28,ZM,231.77656493,86.48,20044.04
test,2026-06-29,0700.HK,495.83307745,53.5805,26567.0
test,2026-06-29,AMZN,259.94280433,240.14,62422.66
test,2026-06-29,BABA,272.88852163,95.51,26063.58
test,2026-06-29,BMNR,2991.15850789,13.8,41277.99
test,2026-06-29,BSX,419.5070859,43.48,18240.17
test,2026-06-29,CASH,24127.43,1.0,24127.43
test,2026-06-29,CRCL,252.20679988,75.96,19157.63
test,2026-06-29,CSU.TO,29.08221003,1948.4882,56666.34
test,2026-06-29,DPZ,47.98234165,294.05,14109.21
test,2026-06-29,EL.PA,94.59392789,186.7504,17665.46
test,2026-06-29,IBE.MC,408.89037952,24.9229,10190.73
test,2026-06-29,ISRG,52.96984387,405.97,21504.17
test,2026-06-29,JPM,139.65613503,329.39,46001.34
test,2026-06-29,LLY,46.52547503,1229.9301,57223.08
test,2026-06-29,MELI,42.5339946,1683.13,71590.24
test,2026-06-29,META,90.89669221,562.6,51138.48
test,2026-06-29,MSFT,82.7095662,368.57,30484.27
test,2026-06-29,MSTR,207.97956539,92.68,19275.55
test,2026-06-29,NVDA,219.8144844,194.97,42857.23
test,2026-06-29,NVO,589.62262913,48.34,28502.36
test,2026-06-29,RACE,54.11841144,368.34,19933.98
test,2026-06-29,RMS.PA,8.02101809,1845.2312,14800.63
test,2026-06-29,STZ,144.96954934,139.66,20246.45
test,2026-06-29,ULTA,49.58595646,459.12,22765.9
test,2026-06-29,V,114.05434968,341.65,38966.67
test,2026-06-29,WM,136.54362152,223.37,30499.75
test,2026-06-29,ZM,231.77656493,86.14,19965.23
test,2026-06-30,0700.HK,495.83307745,54.7972,27170.25
test,2026-06-30,AMZN,259.94280433,238.34,61954.77
test,2026-06-30,BABA,272.88852163,95.98,26191.84
test,2026-06-30,BMNR,2991.15850789,13.31,39812.32
test,2026-06-30,BSX,419.5070859,42.68,17904.56
test,2026-06-30,CASH,24127.43,1.0,24127.43
test,2026-06-30,CRCL,252.20679988,62.63,15795.71
test,2026-06-30,CSU.TO,29.08221003,1877.5182,54602.38
test,2026-06-30,DPZ,47.98234165,296.04,14204.69
test,2026-06-30,EL.PA,94.59392789,186.7175,17662.34
test,2026-06-30,IBE.MC,408.89037952,24.8577,10164.09
test,2026-06-30,ISRG,52.96984387,397.68,21065.05
test,2026-06-30,JPM,139.65613503,327.33,45713.64
test,2026-06-30,LLY,46.52547503,1199.4301,55804.05
test,2026-06-30,MELI,42.5339946,1697.39,72196.78
test,2026-06-30,META,90.89669221,563.29,51201.2
test,2026-06-30,MSFT,82.7095662,373.02,30852.32
test,2026-06-30,MSTR,207.97956539,86.93,18079.66
test,2026-06-30,NVDA,219.8144844,200.09,43982.68
test,2026-06-30,NVO,589.62262913,47.94,28266.51
test,2026-06-30,RACE,54.11841144,372.29,20147.74
test,2026-06-30,RMS.PA,8.02101809,1818.8027,14588.65
test,2026-06-30,STZ,144.96954934,139.09,20163.81
test,2026-06-30,ULTA,49.58595646,450.98,22362.28
test,2026-06-30,V,114.05434968,343.09,39130.91
test,2026-06-30,WM,136.54362152,222.88,30432.84
test,2026-06-30,ZM,231.77656493,86.31,20004.63
test,2026-07-01,0700.HK,495.83307745,54.8046,27173.96
test,2026-07-01,AMZN,259.94280433,241.7,62828.18
test,2026-07-01,BABA,272.88852163,97.99,26740.35
test,2026-07-01,BMNR,2991.15850789,14.15,42324.89
test,2026-07-01,BSX,419.5070859,43.06,18063.98
test,2026-07-01,CASH,24127.43,1.0,24127.43
test,2026-07-01,CRCL,252.20679988,61.95,15624.21
test,2026-07-01,CSU.TO,29.08221003,1882.3099,54741.73
test,2026-07-01,DPZ,47.98234165,304.18,14595.27
test,2026-07-01,EL.PA,94.59392789,197.7821,18708.99
test,2026-07-01,IBE.MC,408.89037952,24.4998,10017.74
test,2026-07-01,ISRG,52.96984387,402.38,21314.01
test,2026-07-01,JPM,139.65613503,334.07,46654.93
test,2026-07-01,LLY,46.52547503,1191.74,55446.27
test,2026-07-01,MELI,42.5339946,1742.1899,74102.3
test,2026-07-01,META,90.89669221,612.91,55711.49
test,2026-07-01,MSFT,82.7095662,384.28,31783.63
test,2026-07-01,MSTR,207.97956539,93.39,19423.21
test,2026-07-01,NVDA,219.8144844,197.58,43430.95
test,2026-07-01,NVO,589.62262913,48.77,28755.9
test,2026-07-01,RACE,54.11841144,374.66,20276.0
test,2026-07-01,RMS.PA,8.02101809,1823.4824,14626.19
test,2026-07-01,STZ,144.96954934,136.88,19843.43
test,2026-07-01,ULTA,49.58595646,454.78,22550.7
test,2026-07-01,V,114.05434968,351.08,40042.2
test,2026-07-01,WM,136.54362152,224.08,30596.69
test,2026-07-01,ZM,231.77656493,90.13,20890.02
test,2026-07-02,0700.HK,495.83307745,54.8515,27197.17
test,2026-07-02,AMZN,259.94280433,242.67,63080.32
test,2026-07-02,BABA,272.88852163,96.14,26235.5
test,2026-07-02,BMNR,2991.15850789,14.36,42953.04
test,2026-07-02,BSX,419.5070859,45.14,18936.55
test,2026-07-02,CASH,24127.43,1.0,24127.43
test,2026-07-02,CRCL,252.20679988,64.62,16297.6
test,2026-07-02,CSU.TO,29.08221003,1957.1912,56919.44
test,2026-07-02,DPZ,47.98234165,311.66,14954.18
test,2026-07-02,EL.PA,94.59392789,200.6063,18976.14
test,2026-07-02,IBE.MC,408.89037952,24.5738,10048.01
test,2026-07-02,ISRG,52.96984387,426.01,22565.68
test,2026-07-02,JPM,139.65613503,334.47,46710.79
test,2026-07-02,LLY,46.52547503,1213.91,56477.74
test,2026-07-02,MELI,42.5339946,1763.36,75002.74
test,2026-07-02,META,90.89669221,582.9,52983.68
test,2026-07-02,MSFT,82.7095662,390.49,32297.26
test,2026-07-02,MSTR,207.97956539,100.77,20958.1
test,2026-07-02,NVDA,219.8144844,194.83,42826.46
test,2026-07-02,NVO,589.62262913,50.43,29734.67
test,2026-07-02,RACE,54.11841144,384.97,20833.96
test,2026-07-02,RMS.PA,8.02101809,1884.2237,15113.39
test,2026-07-02,STZ,144.96954934,137.47,19928.96
test,2026-07-02,ULTA,49.58595646,461.33,22875.49
test,2026-07-02,V,114.05434968,362.13,41302.5
test,2026-07-02,WM,136.54362152,230.4,31459.65
test,2026-07-02,ZM,231.77656493,87.145,20198.17
test,2026-07-03,0700.HK,495.83307745,54.979,27260.39
test,2026-07-03,AMZN,259.94280433,242.67,63080.32
test,2026-07-03,BABA,272.88852163,96.14,26235.5
test,2026-07-03,BMNR,2991.15850789,14.36,42953.04
test,2026-07-03,BSX,419.5070859,45.14,18936.55
test,2026-07-03,CASH,24127.43,1.0,24127.43
test,2026-07-03,CRCL,252.20679988,64.62,16297.6
test,2026-07-03,CSU.TO,29.08221003,1976.3699,57477.21
test,2026-07-03,DPZ,47.98234165,311.66,14954.18
test,2026-07-03,EL.PA,94.59392789,197.0026,18635.25
test,2026-07-03,IBE.MC,408.89037952,24.8942,10178.99
test,2026-07-03,ISRG,52.96984387,426.01,22565.68
test,2026-07-03,JPM,139.65613503,334.47,46710.79
test,2026-07-03,LLY,46.52547503,1213.91,56477.74
test,2026-07-03,MELI,42.5339946,1763.36,75002.74
test,2026-07-03,META,90.89669221,582.9,52983.68
test,2026-07-03,MSFT,82.7095662,390.49,32297.26
test,2026-07-03,MSTR,207.97956539,100.77,20958.1
test,2026-07-03,NVDA,219.8144844,194.83,42826.46
test,2026-07-03,NVO,589.62262913,50.43,29734.67
test,2026-07-03,RACE,54.11841144,384.97,20833.96
test,2026-07-03,RMS.PA,8.02101809,1877.3594,15058.33
test,2026-07-03,STZ,144.96954934,137.47,19928.96
test,2026-07-03,ULTA,49.58595646,461.33,22875.49
test,2026-07-03,V,114.05434968,362.13,41302.5
test,2026-07-03,WM,136.54362152,230.4,31459.65
test,2026-07-03,ZM,231.77656493,87.145,20198.17
test,2026-07-04,0700.HK,495.83307745,54.979,27260.39
test,2026-07-04,AMZN,259.94280433,242.67,63080.32
test,2026-07-04,BABA,272.88852163,96.14,26235.5
test,2026-07-04,BMNR,2991.15850789,14.36,42953.04
test,2026-07-04,BSX,419.5070859,45.14,18936.55
test,2026-07-04,CASH,24127.43,1.0,24127.43
test,2026-07-04,CRCL,252.20679988,64.62,16297.6
test,2026-07-04,CSU.TO,29.08221003,1976.3699,57477.21
test,2026-07-04,DPZ,47.98234165,311.66,14954.18
test,2026-07-04,EL.PA,94.59392789,197.0026,18635.25
test,2026-07-04,IBE.MC,408.89037952,24.8942,10178.99
test,2026-07-04,ISRG,52.96984387,426.01,22565.68
test,2026-07-04,JPM,139.65613503,334.47,46710.79
test,2026-07-04,LLY,46.52547503,1213.91,56477.74
test,2026-07-04,MELI,42.5339946,1763.36,75002.74
test,2026-07-04,META,90.89669221,582.9,52983.68
test,2026-07-04,MSFT,82.7095662,390.49,32297.26
test,2026-07-04,MSTR,207.97956539,100.77,20958.1
test,2026-07-04,NVDA,219.8144844,194.83,42826.46
test,2026-07-04,NVO,589.62262913,50.43,29734.67
test,2026-07-04,RACE,54.11841144,384.97,20833.96
test,2026-07-04,RMS.PA,8.02101809,1877.3594,15058.33
test,2026-07-04,STZ,144.96954934,137.47,19928.96
test,2026-07-04,ULTA,49.58595646,461.33,22875.49
test,2026-07-04,V,114.05434968,362.13,41302.5
test,2026-07-04,WM,136.54362152,230.4,31459.65
test,2026-07-04,ZM,231.77656493,87.145,20198.17
test,2026-07-05,0700.HK,495.83307745,54.9825,27262.13
test,2026-07-05,AMZN,259.94280433,242.67,63080.32
test,2026-07-05,BABA,272.88852163,96.14,26235.5
test,2026-07-05,BMNR,2991.15850789,14.36,42953.04
test,2026-07-05,BSX,419.5070859,45.14,18936.55
test,2026-07-05,CASH,24127.43,1.0,24127.43
test,2026-07-05,CRCL,252.20679988,64.62,16297.6
test,2026-07-05,CSU.TO,29.08221003,1975.3125,57446.45
test,2026-07-05,DPZ,47.98234165,311.66,14954.18
test,2026-07-05,EL.PA,94.59392789,196.9576,18630.99
test,2026-07-05,IBE.MC,408.89037952,24.8885,10176.66
test,2026-07-05,ISRG,52.96984387,426.01,22565.68
test,2026-07-05,JPM,139.65613503,334.47,46710.79
test,2026-07-05,LLY,46.52547503,1213.91,56477.74
test,2026-07-05,MELI,42.5339946,1763.36,75002.74
test,2026-07-05,META,90.89669221,582.9,52983.68
test,2026-07-05,MSFT,82.7095662,390.49,32297.26
test,2026-07-05,MSTR,207.97956539,100.77,20958.1
test,2026-07-05,NVDA,219.8144844,194.83,42826.46
test,2026-07-05,NVO,589.62262913,50.43,29734.67
test,2026-07-05,RACE,54.11841144,384.97,20833.96
test,2026-07-05,RMS.PA,8.02101809,1876.9301,15054.89
test,2026-07-05,STZ,144.96954934,137.47,19928.96
test,2026-07-05,ULTA,49.58595646,461.33,22875.49
test,2026-07-05,V,114.05434968,362.13,41302.5
test,2026-07-05,WM,136.54362152,230.4,31459.65
test,2026-07-05,ZM,231.77656493,87.145,20198.17
test,2026-07-06,0700.HK,495.83307745,57.6413,28580.46
test,2026-07-06,AMZN,259.94280433,244.16,63467.64
test,2026-07-06,BABA,272.88852163,97.91,26718.52
test,2026-07-06,BMNR,2991.15850789,15.55,46512.52
test,2026-07-06,BSX,419.5070859,44.6,18710.02
test,2026-07-06,CASH,24127.43,1.0,24127.43
test,2026-07-06,CRCL,252.20679988,68.65,17314.0
test,2026-07-06,CSU.TO,29.08221003,1941.66,56467.76
test,2026-07-06,DPZ,47.98234165,305.91,14678.28
test,2026-07-06,EL.PA,94.59392789,196.9196,18627.4
test,2026-07-06,IBE.MC,408.89037952,23.8791,9763.92
test,2026-07-06,ISRG,52.96984387,432.83,22926.94
test,2026-07-06,JPM,139.65613503,337.72,47164.67
test,2026-07-06,LLY,46.52547503,1200.0601,55833.36
test,2026-07-06,MELI,42.5339946,1805.6801,76802.79
test,2026-07-06,META,90.89669221,600.29,54564.37
test,2026-07-06,MSFT,82.7095662,386.74,31987.1
test,2026-07-06,MSTR,207.97956539,100.77,20958.1
test,2026-07-06,NVDA,219.8144844,195.55,42984.72
test,2026-07-06,NVO,589.62262913,49.26,29044.81
test,2026-07-06,RACE,54.11841144,391.86,21206.84
test,2026-07-06,RMS.PA,8.02101809,1855.676,14884.41
test,2026-07-06,STZ,144.96954934,130.68,18944.62
test,2026-07-06,ULTA,49.58595646,452.49,22437.15
test,2026-07-06,V,114.05434968,357.25,40745.92
test,2026-07-06,WM,136.54362152,228.98,31265.76
test,2026-07-06,ZM,231.77656493,84.96,19691.74
test,2026-07-07,0700.HK,495.83307745,58.8363,29172.98
test,2026-07-07,AMZN,259.94280433,245.98,63940.73
test,2026-07-07,BABA,272.88852163,98.14,26781.28
test,2026-07-07,BMNR,2991.15850789,14.8,44269.15
test,2026-07-07,BSX,419.5070859,45.3,19003.67
test,2026-07-07,CASH,24127.43,1.0,24127.43
test,2026-07-07,CRCL,252.20679988,65.15,16431.27
test,2026-07-07,CSU.TO,29.08221003,2009.944,58453.61
test,2026-07-07,DPZ,47.98234165,313.14,15025.19
test,2026-07-07,EL.PA,94.59392789,200.8908,19003.05
test,2026-07-07,IBE.MC,408.89037952,24.0064,9815.98
test,2026-07-07,ISRG,52.96984387,427.3,22634.01
test,2026-07-07,JPM,139.65613503,339.22,47374.15
test,2026-07-07,LLY,46.52547503,1235.5601,57485.02
test,2026-07-07,MELI,42.5339946,1813.61,77140.08
test,2026-07-07,META,90.89669221,615.58,55954.19
test,2026-07-07,MSFT,82.7095662,388.84,32160.79
test,2026-07-07,MSTR,207.97956539,97.36,20248.89
test,2026-07-07,NVDA,219.8144844,196.93,43288.06
test,2026-07-07,NVO,589.62262913,49.64,29268.87
test,2026-07-07,RACE,54.11841144,386.99,20943.28
test,2026-07-07,RMS.PA,8.02101809,1873.0013,15023.38
test,2026-07-07,STZ,144.96954934,131.76,19101.19
test,2026-07-07,ULTA,49.58595646,453.78,22501.12
test,2026-07-07,V,114.05434968,352.2,40169.94
test,2026-07-07,WM,136.54362152,237.21,32389.51
test,2026-07-07,ZM,231.77656493,85.68,19858.62
test,2026-07-08,0700.HK,495.83307745,61.1057,30298.24
test,2026-07-08,AMZN,259.94280433,243.62,63327.26
test,2026-07-08,BABA,272.88852163,108.98,29739.39
test,2026-07-08,BMNR,2991.15850789,14.86,44448.61
test,2026-07-08,BSX,419.5070859,44.81,18798.11
test,2026-07-08,CASH,24127.43,1.0,24127.43
test,2026-07-08,CRCL,252.20679988,64.07,16158.89
test,2026-07-08,CSU.TO,29.08221003,1967.9017,57230.93
test,2026-07-08,DPZ,47.98234165,302.35,14507.46
test,2026-07-08,EL.PA,94.59392789,193.6535,18318.45
test,2026-07-08,IBE.MC,408.89037952,24.0366,9828.33
test,2026-07-08,ISRG,52.96984387,415.1,21987.78
test,2026-07-08,JPM,139.65613503,330.62,46173.11
test,2026-07-08,LLY,46.52547503,1215.83,56567.07
test,2026-07-08,MELI,42.5339946,1809.38,76960.16
test,2026-07-08,META,90.89669221,603.12,54821.61
test,2026-07-08,MSFT,82.7095662,383.34,31705.88
test,2026-07-08,MSTR,207.97956539,93.87,19523.04
test,2026-07-08,NVDA,219.8144844,204.12,44868.53
test,2026-07-08,NVO,589.62262913,48.89,28826.65
test,2026-07-08,RACE,54.11841144,375.03,20296.03
test,2026-07-08,RMS.PA,8.02101809,1795.8834,14404.81
test,2026-07-08,STZ,144.96954934,130.34,18895.33
test,2026-07-08,ULTA,49.58595646,455.11,22567.06
test,2026-07-08,V,114.05434968,347.53,39637.31
test,2026-07-08,WM,136.54362152,233.94,31943.02
test,2026-07-08,ZM,231.77656493,87.4,20257.27
test,2026-07-09,0700.HK,495.83307745,59.9033,29702.04
test,2026-07-09,AMZN,259.94280433,247.04,64216.27
test,2026-07-09,BABA,272.88852163,111.14,30328.83
test,2026-07-09,BMNR,2991.15850789,14.69,43940.12
test,2026-07-09,BSX,419.5070859,44.99,18873.62
test,2026-07-09,CASH,24127.43,1.0,24127.43
test,2026-07-09,CRCL,252.20679988,63.01,15891.55
test,2026-07-09,CSU.TO,29.08221003,1932.9211,56213.62
test,2026-07-09,DPZ,47.98234165,300.88,14436.93
test,2026-07-09,EL.PA,94.59392789,196.0146,18541.79
test,2026-07-09,IBE.MC,408.89037952,24.0493,9833.54
test,2026-07-09,ISRG,52.96984387,411.55,21799.74
test,2026-07-09,JPM,139.65613503,335.47,46850.44
test,2026-07-09,LLY,46.52547503,1216.95,56619.17
test,2026-07-09,MELI,42.5339946,1807.83,76894.23
test,2026-07-09,META,90.89669221,631.48,57399.44
test,2026-07-09,MSFT,82.7095662,384.36,31790.25
test,2026-07-09,MSTR,207.97956539,93.89,19527.2
test,2026-07-09,NVDA,219.8144844,202.78,44573.98
test,2026-07-09,NVO,589.62262913,48.88,28820.75
test,2026-07-09,RACE,54.11841144,374.67,20276.55
test,2026-07-09,RMS.PA,8.02101809,1855.0873,14879.69
test,2026-07-09,STZ,144.96954934,132.44,19199.77
test,2026-07-09,ULTA,49.58595646,460.24,22821.44
test,2026-07-09,V,114.05434968,348.2,39713.73
test,2026-07-09,WM,136.54362152,231.67,31633.06
test,2026-07-09,ZM,231.77656493,89.88,20832.08
test,2026-07-10,0700.HK,495.83307745,58.702,29106.38
test,2026-07-10,AMZN,259.94280433,245.34,63774.37
test,2026-07-10,BABA,272.88852163,112.33,30653.57
test,2026-07-10,BMNR,2991.15850789,14.98,44807.55
test,2026-07-10,BSX,419.5070859,44.77,18781.33
test,2026-07-10,CASH,24127.43,1.0,24127.43
test,2026-07-10,CRCL,252.20679988,66.14,16680.96
test,2026-07-10,CSU.TO,29.08221003,1979.891,57579.61
test,2026-07-10,DPZ,47.98234165,299.46,14368.79
test,2026-07-10,EL.PA,94.59392789,195.7291,18514.79
test,2026-07-10,IBE.MC,408.89037952,23.8666,9758.83
test,2026-07-10,ISRG,52.96984387,406.78,21547.07
test,2026-07-10,JPM,139.65613503,336.47,46990.1
test,2026-07-10,LLY,46.52547503,1188.58,55299.25
test,2026-07-10,MELI,42.5339946,1852.22,78782.31
test,2026-07-10,META,90.89669221,669.21,60828.98
test,2026-07-10,MSFT,82.7095662,385.1,31851.45
test,2026-07-10,MSTR,207.97956539,94.64,19683.19
test,2026-07-10,NVDA,219.8144844,210.96,46372.07
test,2026-07-10,NVO,589.62262913,49.48,29174.53
test,2026-07-10,RACE,54.11841144,376.64,20383.16
test,2026-07-10,RMS.PA,8.02101809,1874.5004,15035.4
test,2026-07-10,STZ,144.96954934,134.06,19434.62
test,2026-07-10,ULTA,49.58595646,469.2,23265.73
test,2026-07-10,V,114.05434968,348.97,39801.55
test,2026-07-10,WM,136.54362152,233.33,31859.72
test,2026-07-10,ZM,231.77656493,89.76,20804.26
test,2026-07-11,0700.HK,495.83307745,58.702,29106.38
test,2026-07-11,AMZN,259.94280433,245.34,63774.37
test,2026-07-11,BABA,272.88852163,112.33,30653.57
test,2026-07-11,BMNR,2991.15850789,14.98,44807.55
test,2026-07-11,BSX,419.5070859,44.77,18781.33
test,2026-07-11,CASH,24127.43,1.0,24127.43
test,2026-07-11,CRCL,252.20679988,66.14,16680.96
test,2026-07-11,CSU.TO,29.08221003,1979.891,57579.61
test,2026-07-11,DPZ,47.98234165,299.46,14368.79
test,2026-07-11,EL.PA,94.59392789,195.7291,18514.79
test,2026-07-11,IBE.MC,408.89037952,23.8666,9758.83
test,2026-07-11,ISRG,52.96984387,406.78,21547.07
test,2026-07-11,JPM,139.65613503,336.47,46990.1
test,2026-07-11,LLY,46.52547503,1188.58,55299.25
test,2026-07-11,MELI,42.5339946,1852.22,78782.31
test,2026-07-11,META,90.89669221,669.21,60828.98
test,2026-07-11,MSFT,82.7095662,385.1,31851.45
test,2026-07-11,MSTR,207.97956539,94.64,19683.19
test,2026-07-11,NVDA,219.8144844,210.96,46372.07
test,2026-07-11,NVO,589.62262913,49.48,29174.53
test,2026-07-11,RACE,54.11841144,376.64,20383.16
test,2026-07-11,RMS.PA,8.02101809,1874.5004,15035.4
test,2026-07-11,STZ,144.96954934,134.06,19434.62
test,2026-07-11,ULTA,49.58595646,469.2,23265.73
test,2026-07-11,V,114.05434968,348.97,39801.55
test,2026-07-11,WM,136.54362152,233.33,31859.72
test,2026-07-11,ZM,231.77656493,89.76,20804.26
test,2026-07-12,0700.HK,495.83307745,58.7051,29107.94
test,2026-07-12,AMZN,259.94280433,245.34,63774.37
test,2026-07-12,BABA,272.88852163,112.33,30653.57
test,2026-07-12,BMNR,2991.15850789,14.98,44807.55
test,2026-07-12,BSX,419.5070859,44.77,18781.33
test,2026-07-12,CASH,24127.43,1.0,24127.43
test,2026-07-12,CRCL,252.20679988,66.14,16680.96
test,2026-07-12,CSU.TO,29.08221003,1978.3536,57534.9
test,2026-07-12,DPZ,47.98234165,299.46,14368.79
test,2026-07-12,EL.PA,94.59392789,195.3499,18478.91
test,2026-07-12,IBE.MC,408.89037952,23.8204,9739.92
test,2026-07-12,ISRG,52.96984387,406.78,21547.07
test,2026-07-12,JPM,139.65613503,336.47,46990.1
test,2026-07-12,LLY,46.52547503,1188.58,55299.25
test,2026-07-12,MELI,42.5339946,1852.22,78782.31
test,2026-07-12,META,90.89669221,669.21,60828.98
test,2026-07-12,MSFT,82.7095662,385.1,31851.45
test,2026-07-12,MSTR,207.97956539,94.64,19683.19
test,2026-07-12,NVDA,219.8144844,210.96,46372.07
test,2026-07-12,NVO,589.62262913,49.48,29174.53
test,2026-07-12,RACE,54.11841144,376.64,20383.16
test,2026-07-12,RMS.PA,8.02101809,1870.8685,15006.27
test,2026-07-12,STZ,144.96954934,134.06,19434.62
test,2026-07-12,ULTA,49.58595646,469.2,23265.73
test,2026-07-12,V,114.05434968,348.97,39801.55
test,2026-07-12,WM,136.54362152,233.33,31859.72
test,2026-07-12,ZM,231.77656493,89.76,20804.26
test,2026-07-13,0700.HK,495.83307745,58.386,28949.69
test,2026-07-13,AMZN,259.94280433,247.31,64286.45
test,2026-07-13,BABA,272.88852163,112.35,30659.02
test,2026-07-13,BMNR,2991.15850789,14.61,43700.82
test,2026-07-13,BSX,419.5070859,44.65,18730.99
test,2026-07-13,CASH,24127.43,1.0,24127.43
test,2026-07-13,CRCL,252.20679988,63.0,15889.03
test,2026-07-13,CSU.TO,29.08221003,2031.1047,59069.01
test,2026-07-13,DPZ,47.98234165,309.85,14867.33
test,2026-07-13,EL.PA,94.59392789,193.5336,18307.11
test,2026-07-13,IBE.MC,408.89037952,24.1517,9875.41
test,2026-07-13,ISRG,52.96984387,407.12,21565.08
test,2026-07-13,JPM,139.65613503,334.53,46719.17
test,2026-07-13,LLY,46.52547503,1181.87,54987.06
test,2026-07-13,MELI,42.5339946,1867.3,79423.73
test,2026-07-13,META,90.89669221,656.73,59694.58
test,2026-07-13,MSFT,82.7095662,390.99,32338.61
test,2026-07-13,MSTR,207.97956539,92.1,19154.92
test,2026-07-13,NVDA,219.8144844,203.53,44738.84
test,2026-07-13,NVO,589.62262913,49.28,29056.6
test,2026-07-13,RACE,54.11841144,372.98,20185.09
test,2026-07-13,RMS.PA,8.02101809,1893.0653,15184.31
test,2026-07-13,STZ,144.96954934,134.51,19499.85
test,2026-07-13,ULTA,49.58595646,473.33,23470.52
test,2026-07-13,V,114.05434968,357.75,40802.94
test,2026-07-13,WM,136.54362152,236.71,32321.24
test,2026-07-13,ZM,231.77656493,91.88,21295.63
test,2026-07-14,0700.HK,495.83307745,58.1992,28857.07
test,2026-07-14,AMZN,259.94280433,247.49,64333.25
test,2026-07-14,BABA,272.88852163,112.32,30650.84
test,2026-07-14,BMNR,2991.15850789,16.29,48725.97
test,2026-07-14,BSX,419.5070859,42.63,17883.59
test,2026-07-14,CASH,24127.43,1.0,24127.43
test,2026-07-14,CRCL,252.20679988,63.22,15944.51
test,2026-07-14,CSU.TO,29.08221003,1941.6688,56468.02
test,2026-07-14,DPZ,47.98234165,309.85,14867.33
test,2026-07-14,EL.PA,94.59392789,189.4356,17919.46
test,2026-07-14,IBE.MC,408.89037952,24.3634,9961.95
test,2026-07-14,ISRG,52.96984387,379.5,20102.06
test,2026-07-14,JPM,139.65613503,342.89,47886.69
test,2026-07-14,LLY,46.52547503,1152.54,53622.47
test,2026-07-14,MELI,42.5339946,1873.88,79703.6
test,2026-07-14,META,90.89669221,661.04,60086.35
test,2026-07-14,MSFT,82.7095662,384.93,31837.39
test,2026-07-14,MSTR,207.97956539,97.58,20294.65
test,2026-07-14,NVDA,219.8144844,211.8,46556.71
test,2026-07-14,NVO,589.62262913,49.07,28932.78
test,2026-07-14,RACE,54.11841144,369.16,19978.35
test,2026-07-14,RMS.PA,8.02101809,1886.3271,15130.26
test,2026-07-14,STZ,144.96954934,131.34,19040.3
test,2026-07-14,ULTA,49.58595646,469.12,23261.76
test,2026-07-14,V,114.05434968,356.02,40605.63
test,2026-07-14,WM,136.54362152,234.27,31988.07
test,2026-07-14,ZM,231.77656493,91.15,21126.43
test,2026-07-15,0700.HK,495.83307745,60.4625,29979.31
test,2026-07-15,AMZN,259.94280433,254.96,66275.02
test,2026-07-15,BABA,272.88852163,117.69,32116.25
test,2026-07-15,BMNR,2991.15850789,15.79,47230.39
test,2026-07-15,BSX,419.5070859,43.04,18055.59
test,2026-07-15,CASH,24127.43,1.0,24127.43
test,2026-07-15,CRCL,252.20679988,65.69,16567.47
test,2026-07-15,CSU.TO,29.08221003,1902.8075,55337.85
test,2026-07-15,DPZ,47.98234165,310.87,14916.27
test,2026-07-15,EL.PA,94.59392789,192.5366,18212.8
test,2026-07-15,IBE.MC,408.89037952,24.2102,9899.3
test,2026-07-15,ISRG,52.96984387,388.97,20603.68
test,2026-07-15,JPM,139.65613503,346.91,48448.11
test,2026-07-15,LLY,46.52547503,1156.63,53812.76
test,2026-07-15,MELI,42.5339946,1843.1899,78398.23
test,2026-07-15,META,90.89669221,681.31,61928.83
test,2026-07-15,MSFT,82.7095662,395.63,32722.39
test,2026-07-15,MSTR,207.97956539,97.47,20271.77
test,2026-07-15,NVDA,219.8144844,212.5,46710.58
test,2026-07-15,NVO,589.62262913,50.56,29811.32
test,2026-07-15,RACE,54.11841144,375.74,20334.45
test,2026-07-15,RMS.PA,8.02101809,1927.0833,15457.17
test,2026-07-15,STZ,144.96954934,131.64,19083.79
test,2026-07-15,ULTA,49.58595646,466.14,23114.0
test,2026-07-15,V,114.05434968,355.14,40505.26
test,2026-07-15,WM,136.54362152,232.8,31787.36
test,2026-07-15,ZM,231.77656493,92.6,21462.51
test,2026-07-16,0700.HK,495.83307745,61.7426,30614.01
test,2026-07-16,AMZN,259.94280433,249.89,64957.11
test,2026-07-16,BABA,272.88852163,117.49,32061.67
test,2026-07-16,BMNR,2991.15850789,15.44,46183.49
test,2026-07-16,BSX,419.5070859,44.62,18718.41
test,2026-07-16,CASH,24127.43,1.0,24127.43
test,2026-07-16,CRCL,252.20679988,60.64,15293.82
test,2026-07-16,CSU.TO,29.08221003,2015.5657,58617.1
test,2026-07-16,DPZ,47.98234165,329.67,15818.34
test,2026-07-16,EL.PA,94.59392789,194.0025,18351.46
test,2026-07-16,IBE.MC,408.89037952,24.0014,9813.93
test,2026-07-16,ISRG,52.96984387,402.33,21311.36
test,2026-07-16,JPM,139.65613503,343.15,47923.0
test,2026-07-16,LLY,46.52547503,1169.17,54396.19
test,2026-07-16,MELI,42.5339946,1857.42,79003.49
test,2026-07-16,META,90.89669221,664.54,60404.49
test,2026-07-16,MSFT,82.7095662,401.1,33174.81
test,2026-07-16,MSTR,207.97956539,94.03,19556.32
test,2026-07-16,NVDA,219.8144844,207.4,45589.52
test,2026-07-16,NVO,589.62262913,51.48,30353.77
test,2026-07-16,RACE,54.11841144,382.58,20704.62
test,2026-07-16,RMS.PA,8.02101809,1952.6153,15661.96
test,2026-07-16,STZ,144.96954934,135.72,19675.27
test,2026-07-16,ULTA,49.58595646,478.86,23744.73
test,2026-07-16,V,114.05434968,365.14,41645.81
test,2026-07-16,WM,136.54362152,242.25,33077.69
test,2026-07-16,ZM,231.77656493,92.92,21536.68
test,2026-07-17,0700.HK,495.83307745,58.8798,29194.55
test,2026-07-17,AMZN,259.94280433,247.23,64265.66
test,2026-07-17,BABA,272.88852163,114.97,31373.99
test,2026-07-17,BMNR,2991.15850789,15.69,46931.28
test,2026-07-17,BSX,419.5070859,44.03,18470.9
test,2026-07-17,CASH,24127.43,1.0,24127.43
test,2026-07-17,CRCL,252.20679988,60.46,15248.42
test,2026-07-17,CSU.TO,29.08221003,1997.6891,58097.21
test,2026-07-17,DPZ,47.98234165,322.18,15458.95
test,2026-07-17,EL.PA,94.59392789,190.7977,18048.31
test,2026-07-17,IBE.MC,408.89037952,24.3218,9944.97
test,2026-07-17,ISRG,52.96984387,345.42,18296.84
test,2026-07-17,JPM,139.65613503,341.1,47636.71
test,2026-07-17,LLY,46.52547503,1179.11,54858.65
test,2026-07-17,MELI,42.5339946,1813.91,77152.84
test,2026-07-17,META,90.89669221,646.01,58720.17
test,2026-07-17,MSFT,82.7095662,393.82,32572.68
test,2026-07-17,MSTR,207.97956539,94.85,19726.86
test,2026-07-17,NVDA,219.8144844,202.81,44580.58
test,2026-07-17,NVO,589.62262913,50.32,29669.81
test,2026-07-17,RACE,54.11841144,376.83,20393.44
test,2026-07-17,RMS.PA,8.02101809,1924.0013,15432.45
test,2026-07-17,STZ,144.96954934,132.87,19262.1
test,2026-07-17,ULTA,49.58595646,479.57,23779.94
test,2026-07-17,V,114.05434968,358.56,40895.33
test,2026-07-17,WM,136.54362152,239.31,32676.25
test,2026-07-17,ZM,231.77656493,91.13,21121.8
test,2026-07-18,0700.HK,495.83307745,58.8798,29194.55
test,2026-07-18,AMZN,259.94280433,247.23,64265.66
test,2026-07-18,BABA,272.88852163,114.97,31373.99
test,2026-07-18,BMNR,2991.15850789,15.69,46931.28
test,2026-07-18,BSX,419.5070859,44.03,18470.9
test,2026-07-18,CASH,24127.43,1.0,24127.43
test,2026-07-18,CRCL,252.20679988,60.46,15248.42
test,2026-07-18,CSU.TO,29.08221003,1997.6891,58097.21
test,2026-07-18,DPZ,47.98234165,322.18,15458.95
test,2026-07-18,EL.PA,94.59392789,190.7977,18048.31
test,2026-07-18,IBE.MC,408.89037952,24.3218,9944.97
test,2026-07-18,ISRG,52.96984387,345.42,18296.84
test,2026-07-18,JPM,139.65613503,341.1,47636.71
test,2026-07-18,LLY,46.52547503,1179.11,54858.65
test,2026-07-18,MELI,42.5339946,1813.91,77152.84
test,2026-07-18,META,90.89669221,646.01,58720.17
test,2026-07-18,MSFT,82.7095662,393.82,32572.68
test,2026-07-18,MSTR,207.97956539,94.85,19726.86
test,2026-07-18,NVDA,219.8144844,202.81,44580.58
test,2026-07-18,NVO,589.62262913,50.32,29669.81
test,2026-07-18,RACE,54.11841144,376.83,20393.44
test,2026-07-18,RMS.PA,8.02101809,1924.0013,15432.45
test,2026-07-18,STZ,144.96954934,132.87,19262.1
test,2026-07-18,ULTA,49.58595646,479.57,23779.94
test,2026-07-18,V,114.05434968,358.56,40895.33
test,2026-07-18,WM,136.54362152,239.31,32676.25
test,2026-07-18,ZM,231.77656493,91.13,21121.8
test,2026-07-19,0700.HK,495.83307745,58.8776,29193.44
test,2026-07-19,AMZN,259.94280433,247.23,64265.66
test,2026-07-19,BABA,272.88852163,114.97,31373.99
test,2026-07-19,BMNR,2991.15850789,15.69,46931.28
test,2026-07-19,BSX,419.5070859,44.03,18470.9
test,2026-07-19,CASH,24127.43,1.0,24127.43
test,2026-07-19,CRCL,252.20679988,60.46,15248.42
test,2026-07-19,CSU.TO,29.08221003,1997.7317,58098.45
test,2026-07-19,DPZ,47.98234165,322.18,15458.95
test,2026-07-19,EL.PA,94.59392789,190.5143,18021.5
test,2026-07-19,IBE.MC,408.89037952,24.2857,9930.2
test,2026-07-19,ISRG,52.96984387,345.42,18296.84
test,2026-07-19,JPM,139.65613503,341.1,47636.71
test,2026-07-19,LLY,46.52547503,1179.11,54858.65
test,2026-07-19,MELI,42.5339946,1813.91,77152.84
test,2026-07-19,META,90.89669221,646.01,58720.17
test,2026-07-19,MSFT,82.7095662,393.82,32572.68
test,2026-07-19,MSTR,207.97956539,94.85,19726.86
test,2026-07-19,NVDA,219.8144844,202.81,44580.58
test,2026-07-19,NVO,589.62262913,50.32,29669.81
test,2026-07-19,RACE,54.11841144,376.83,20393.44
test,2026-07-19,RMS.PA,8.02101809,1921.1429,15409.52
test,2026-07-19,STZ,144.96954934,132.87,19262.1
test,2026-07-19,ULTA,49.58595646,479.57,23779.94
test,2026-07-19,V,114.05434968,358.56,40895.33
test,2026-07-19,WM,136.54362152,239.31,32676.25
test,2026-07-19,ZM,231.77656493,91.13,21121.8
test,2026-07-20,0700.HK,495.83307745,60.9335,30212.86
test,2026-07-20,AMZN,259.94280433,249.99,64983.1
test,2026-07-20,BABA,272.88852163,120.34,32839.4
test,2026-07-20,BMNR,2991.15850789,16.63,49742.96
test,2026-07-20,BSX,419.5070859,43.77,18361.83
test,2026-07-20,CASH,24127.43,1.0,24127.43
test,2026-07-20,CRCL,252.20679988,65.45,16506.93
test,2026-07-20,CSU.TO,29.08221003,1971.0003,57321.04
test,2026-07-20,DPZ,47.98234165,328.97,15784.75
test,2026-07-20,EL.PA,94.59392789,191.8253,18145.51
test,2026-07-20,IBE.MC,408.89037952,24.2618,9920.41
test,2026-07-20,ISRG,52.96984387,353.17,18707.36
test,2026-07-20,JPM,139.65613503,338.87,47325.27
test,2026-07-20,LLY,46.52547503,1146.9,53360.07
test,2026-07-20,MELI,42.5339946,1832.42,77940.14
test,2026-07-20,META,90.89669221,645.85,58705.63
test,2026-07-20,MSFT,82.7095662,402.29,33273.23
test,2026-07-20,MSTR,207.97956539,97.82,20344.56
test,2026-07-20,NVDA,219.8144844,203.28,44683.89
test,2026-07-20,NVO,589.62262913,49.61,29251.18
test,2026-07-20,RACE,54.11841144,371.52,20106.07
test,2026-07-20,RMS.PA,8.02101809,1910.8426,15326.9
test,2026-07-20,STZ,144.96954934,134.36,19478.11
test,2026-07-20,ULTA,49.58595646,488.08,24201.91
test,2026-07-20,V,114.05434968,360.57,41124.58
test,2026-07-20,WM,136.54362152,239.05,32640.75
test,2026-07-20,ZM,231.77656493,90.91,21070.81
test,2026-07-21,0700.HK,495.83307745,60.4607,29978.43
test,2026-07-21,AMZN,259.94280433,247.55,64348.84
test,2026-07-21,BABA,272.88852163,117.97,32192.66
test,2026-07-21,BMNR,2991.15850789,17.23,51537.66
test,2026-07-21,BSX,419.5070859,43.19,18118.51
test,2026-07-21,CASH,24127.43,1.0,24127.43
test,2026-07-21,CRCL,252.20679988,71.08,17926.86
test,2026-07-21,CSU.TO,29.08221003,1887.1215,54881.66
test,2026-07-21,DPZ,47.98234165,326.34,15658.56
test,2026-07-21,EL.PA,94.59392789,189.3758,17913.8
test,2026-07-21,IBE.MC,408.89037952,24.3296,9948.13
test,2026-07-21,ISRG,52.96984387,350.06,18542.62
test,2026-07-21,JPM,139.65613503,345.23,48213.49
test,2026-07-21,LLY,46.52547503,1175.41,54686.51
test,2026-07-21,MELI,42.5339946,1822.65,77524.59
test,2026-07-21,META,90.89669221,643.81,58520.2
test,2026-07-21,MSFT,82.7095662,397.75,32897.73
test,2026-07-21,MSTR,207.97956539,101.95,21203.52
test,2026-07-21,NVDA,219.8144844,207.29,45565.34
test,2026-07-21,NVO,589.62262913,49.38,29115.57
test,2026-07-21,RACE,54.11841144,369.97,20022.19
test,2026-07-21,RMS.PA,8.02101809,1918.2928,15386.66
test,2026-07-21,STZ,144.96954934,130.66,18941.72
test,2026-07-21,ULTA,49.58595646,489.47,24270.84
test,2026-07-21,V,114.05434968,355.82,40582.82
test,2026-07-21,WM,136.54362152,233.18,31839.24
test,2026-07-21,ZM,231.77656493,89.77,20806.58
test,2026-07-22,0700.HK,495.83307745,56.1954,27863.54
test,2026-07-22,AMZN,259.94280433,244.85,63647.0
test,2026-07-22,BABA,272.88852163,116.56,31807.89
test,2026-07-22,BMNR,2991.15850789,17.74,53063.15
test,2026-07-22,BSX,419.5070859,42.97,18026.22
test,2026-07-22,CASH,24127.43,1.0,24127.43
test,2026-07-22,CRCL,252.20679988,66.16,16686.0
test,2026-07-22,CSU.TO,29.08221003,1848.2887,53752.32
test,2026-07-22,DPZ,47.98234165,319.83,15346.19
test,2026-07-22,EL.PA,94.59392789,187.1372,17702.04
test,2026-07-22,IBE.MC,408.89037952,24.2117,9899.94
test,2026-07-22,ISRG,52.96984387,340.69,18046.3
test,2026-07-22,JPM,139.65613503,348.21,48629.66
test,2026-07-22,LLY,46.52547503,1163.01,54109.59
test,2026-07-22,MELI,42.5339946,1799.21,76527.59
test,2026-07-22,META,90.89669221,627.17,57007.68
test,2026-07-22,MSFT,82.7095662,390.34,32284.85
test,2026-07-22,MSTR,207.97956539,100.01,20800.04
test,2026-07-22,NVDA,219.8144844,212.06,46613.86
test,2026-07-22,NVO,589.62262913,48.19,28413.91
test,2026-07-22,RACE,54.11841144,371.61,20110.94
test,2026-07-22,RMS.PA,8.02101809,1911.7816,15334.43
test,2026-07-22,STZ,144.96954934,132.08,19147.58
test,2026-07-22,ULTA,49.58595646,483.52,23975.8
test,2026-07-22,V,114.05434968,353.42,40309.09
test,2026-07-22,WM,136.54362152,236.38,32276.18
test,2026-07-22,ZM,231.77656493,85.81,19888.75
test,2026-07-23,0700.HK,495.83307745,56.7756,28151.21
test,2026-07-23,AMZN,259.94280433,233.66,60738.24
test,2026-07-23,BABA,272.88852163,114.06,31125.66
test,2026-07-23,BMNR,2991.15850789,16.59,49623.32
test,2026-07-23,BSX,419.5070859,43.58,18282.12
test,2026-07-23,CASH,24127.43,1.0,24127.43
test,2026-07-23,CRCL,252.20679988,62.18,15682.22
test,2026-07-23,CSU.TO,29.08221003,1820.6147,52947.5
test,2026-07-23,DPZ,47.98234165,323.25,15510.29
test,2026-07-23,EL.PA,94.59392789,184.1656,17420.95
test,2026-07-23,IBE.MC,408.89037952,23.9563,9795.51
test,2026-07-23,ISRG,52.96984387,332.02,17587.05
test,2026-07-23,JPM,139.65613503,349.9,48865.68
test,2026-07-23,LLY,46.52547503,1185.87,55173.16
test,2026-07-23,MELI,42.5339946,1798.7,76505.89
test,2026-07-23,META,90.89669221,606.1,55092.48
test,2026-07-23,MSFT,82.7095662,381.58,31560.32
test,2026-07-23,MSTR,207.97956539,93.63,19473.13
test,2026-07-23,NVDA,219.8144844,208.76,45888.47
test,2026-07-23,NVO,589.62262913,48.18,28408.02
test,2026-07-23,RACE,54.11841144,359.44,19452.32
test,2026-07-23,RMS.PA,8.02101809,1845.6375,14803.89
test,2026-07-23,STZ,144.96954934,129.27,18740.21
test,2026-07-23,ULTA,49.58595646,477.96,23700.1
test,2026-07-23,V,114.05434968,351.6,40101.51
test,2026-07-23,WM,136.54362152,237.27,32397.71
test,2026-07-23,ZM,231.77656493,84.11,19494.73
test,2026-07-24,0700.HK,495.83307745,55.4238,27480.94
test,2026-07-24,AMZN,259.94280433,232.11,60335.32
test,2026-07-24,BABA,272.88852163,112.14,30601.72
test,2026-07-24,BMNR,2991.15850789,15.79,47230.39
test,2026-07-24,BSX,419.5070859,44.25,18563.19
test,2026-07-24,CASH,24127.43,1.0,24127.43
test,2026-07-24,CRCL,252.20679988,62.36,15727.62
test,2026-07-24,CSU.TO,29.08221003,1892.7335,55044.87
test,2026-07-24,DPZ,47.98234165,332.97,15976.68
test,2026-07-24,EL.PA,94.59392789,185.9857,17593.11
test,2026-07-24,IBE.MC,408.89037952,24.1269,9865.28
test,2026-07-24,ISRG,52.96984387,337.5,17877.32
test,2026-07-24,JPM,139.65613503,353.21,49327.94
test,2026-07-24,LLY,46.52547503,1196.03,55645.87
test,2026-07-24,MELI,42.5339946,1801.4399,76622.44
test,2026-07-24,META,90.89669221,595.19,54100.8
test,2026-07-24,MSFT,82.7095662,381.7,31570.24
test,2026-07-24,MSTR,207.97956539,91.67,19065.49
test,2026-07-24,NVDA,219.8144844,206.84,45466.43
test,2026-07-24,NVO,589.62262913,48.77,28755.9
test,2026-07-24,RACE,54.11841144,360.14,19490.21
test,2026-07-24,RMS.PA,8.02101809,1868.9568,14990.94
test,2026-07-24,STZ,144.96954934,130.16,18869.24
test,2026-07-24,ULTA,49.58595646,475.36,23571.18
test,2026-07-24,V,114.05434968,355.74,40573.69
test,2026-07-24,WM,136.54362152,238.75,32599.79
test,2026-07-24,ZM,231.77656493,87.99,20394.02
test,2026-07-25,0700.HK,495.83307745,55.4238,27480.94
test,2026-07-25,AMZN,259.94280433,232.11,60335.32
test,2026-07-25,BABA,272.88852163,112.14,30601.72
test,2026-07-25,BMNR,2991.15850789,15.79,47230.39
test,2026-07-25,BSX,419.5070859,44.25,18563.19
test,2026-07-25,CASH,24127.43,1.0,24127.43
test,2026-07-25,CRCL,252.20679988,62.36,15727.62
test,2026-07-25,CSU.TO,29.08221003,1892.7335,55044.87
test,2026-07-25,DPZ,47.98234165,332.97,15976.68
test,2026-07-25,EL.PA,94.59392789,185.9857,17593.11
test,2026-07-25,IBE.MC,408.89037952,24.1269,9865.28
test,2026-07-25,ISRG,52.96984387,337.5,17877.32
test,2026-07-25,JPM,139.65613503,353.21,49327.94
test,2026-07-25,LLY,46.52547503,1196.03,55645.87
test,2026-07-25,MELI,42.5339946,1801.4399,76622.44
test,2026-07-25,META,90.89669221,595.19,54100.8
test,2026-07-25,MSFT,82.7095662,381.7,31570.24
test,2026-07-25,MSTR,207.97956539,91.67,19065.49
test,2026-07-25,NVDA,219.8144844,206.84,45466.43
test,2026-07-25,NVO,589.62262913,48.77,28755.9
test,2026-07-25,RACE,54.11841144,360.14,19490.21
test,2026-07-25,RMS.PA,8.02101809,1868.9568,14990.94
test,2026-07-25,STZ,144.96954934,130.16,18869.24
test,2026-07-25,ULTA,49.58595646,475.36,23571.18
test,2026-07-25,V,114.05434968,355.74,40573.69
test,2026-07-25,WM,136.54362152,238.75,32599.79
test,2026-07-25,ZM,231.77656493,87.99,20394.02
test,2026-07-26,0700.HK,495.83307745,55.4231,27480.59
test,2026-07-26,AMZN,259.94280433,232.11,60335.32
test,2026-07-26,BABA,272.88852163,112.14,30601.72
test,2026-07-26,BMNR,2991.15850789,15.79,47230.39
test,2026-07-26,BSX,419.5070859,44.25,18563.19
test,2026-07-26,CASH,24127.43,1.0,24127.43
test,2026-07-26,CRCL,252.20679988,62.36,15727.62
test,2026-07-26,CSU.TO,29.08221003,1893.943,55080.05
test,2026-07-26,DPZ,47.98234165,332.97,15976.68
test,2026-07-26,EL.PA,94.59392789,186.2823,17621.18
test,2026-07-26,IBE.MC,408.89037952,24.1654,9881.01
test,2026-07-26,ISRG,52.96984387,337.5,17877.32
test,2026-07-26,JPM,139.65613503,353.21,49327.94
test,2026-07-26,LLY,46.52547503,1196.03,55645.87
test,2026-07-26,MELI,42.5339946,1801.4399,76622.44
test,2026-07-26,META,90.89669221,595.19,54100.8
test,2026-07-26,MSFT,82.7095662,381.7,31570.24
test,2026-07-26,MSTR,207.97956539,91.67,19065.49
test,2026-07-26,NVDA,219.8144844,206.84,45466.43
test,2026-07-26,NVO,589.62262913,48.77,28755.9
test,2026-07-26,RACE,54.11841144,360.14,19490.21
test,2026-07-26,RMS.PA,8.02101809,1871.938,15014.85
test,2026-07-26,STZ,144.96954934,130.16,18869.24
test,2026-07-26,ULTA,49.58595646,475.36,23571.18
test,2026-07-26,V,114.05434968,355.74,40573.69
test,2026-07-26,WM,136.54362152,238.75,32599.79
test,2026-07-26,ZM,231.77656493,87.99,20394.02
test,2026-07-27,0700.HK,495.83307745,56.495,28012.1
test,2026-07-27,AMZN,259.94280433,231.39,60148.17
test,2026-07-27,BABA,272.88852163,115.0,31382.18
test,2026-07-27,BMNR,2991.15850789,17.92,53601.56
test,2026-07-27,BSX,419.5070859,45.51,19091.77
test,2026-07-27,CASH,24127.43,1.0,24127.43
test,2026-07-27,CRCL,252.20679988,65.67,16562.42
test,2026-07-27,CSU.TO,29.08221003,2022.1795,58809.45
test,2026-07-27,DPZ,47.98234165,343.53,16483.37
test,2026-07-27,EL.PA,94.59392789,189.8531,17958.95
test,2026-07-27,IBE.MC,408.89037952,24.3687,9964.12
test,2026-07-27,ISRG,52.96984387,356.83,18901.23
test,2026-07-27,JPM,139.65613503,356.2,49745.52
test,2026-07-27,LLY,46.52547503,1197.53,55715.65
test,2026-07-27,MELI,42.5339946,1819.74,77400.81
test,2026-07-27,META,90.89669221,593.87,53980.82
test,2026-07-27,MSFT,82.7095662,389.1,32182.29
test,2026-07-27,MSTR,207.97956539,98.65,20517.18
test,2026-07-27,NVDA,219.8144844,196.51,43195.74
test,2026-07-27,NVO,589.62262913,49.67,29286.55
test,2026-07-27,RACE,54.11841144,380.01,20565.54
test,2026-07-27,RMS.PA,8.02101809,1904.27,15274.18
test,2026-07-27,STZ,144.96954934,129.71,18804.0
test,2026-07-27,ULTA,49.58595646,480.51,23826.55
test,2026-07-27,V,114.05434968,362.53,41348.12
test,2026-07-27,WM,136.54362152,237.9,32483.73
test,2026-07-27,ZM,231.77656493,91.22,21142.66
test,2026-07-28,0700.HK,495.83307745,57.0306,28277.68
test,2026-07-28,AMZN,259.94280433,230.86,60010.4
test,2026-07-28,BABA,272.88852163,115.19,31434.03
test,2026-07-28,BMNR,2991.15850789,17.57,52554.65
test,2026-07-28,BSX,419.5070859,46.06,19322.5
test,2026-07-28,CASH,24127.43,1.0,24127.43
test,2026-07-28,CRCL,252.20679988,64.32,16221.94
test,2026-07-28,CSU.TO,29.08221003,2152.1,62587.82
test,2026-07-28,DPZ,47.98234165,350.47,16816.37
test,2026-07-28,EL.PA,94.59392789,193.5836,18311.83
test,2026-07-28,IBE.MC,408.89037952,23.9899,9809.24
test,2026-07-28,ISRG,52.96984387,361.8,19164.49
test,2026-07-28,JPM,139.65613503,357.31,49900.53
test,2026-07-28,LLY,46.52547503,1220.66,56791.79
test,2026-07-28,MELI,42.5339946,1862.52,79220.42
test,2026-07-28,META,90.89669221,593.41,53939.0
test,2026-07-28,MSFT,82.7095662,393.35,32533.81
test,2026-07-28,MSTR,207.97956539,96.16,19999.32
test,2026-07-28,NVDA,219.8144844,197.01,43305.65
test,2026-07-28,NVO,589.62262913,50.96,30047.17
test,2026-07-28,RACE,54.11841144,390.14,21113.76
test,2026-07-28,RMS.PA,8.02101809,1946.1662,15610.23
test,2026-07-28,STZ,144.96954934,132.02,19138.88
test,2026-07-28,ULTA,49.58595646,501.52,24868.35
test,2026-07-28,V,114.05434968,366.59,41811.18
test,2026-07-28,WM,136.54362152,239.41,32689.91
test,2026-07-28,ZM,231.77656493,91.48,21202.92
test,2026-07-29,0700.HK,495.83307745,59.4686,29486.51
test,2026-07-29,AMZN,259.94280433,226.65,58916.04
test,2026-07-29,BABA,272.88852163,115.03,31390.37
test,2026-07-29,BMNR,2991.15850789,16.59,49623.32
test,2026-07-29,BSX,419.5070859,46.04,19314.11
test,2026-07-29,CASH,24127.43,1.0,24127.43
test,2026-07-29,CRCL,252.20679988,61.36,15475.41
test,2026-07-29,CSU.TO,29.08221003,2224.8619,64703.9
test,2026-07-29,DPZ,47.98234165,360.0,17273.64
test,2026-07-29,EL.PA,94.59392789,190.339,18004.91
test,2026-07-29,IBE.MC,408.89037952,23.7607,9715.51
test,2026-07-29,ISRG,52.96984387,353.1,18703.65
test,2026-07-29,JPM,139.65613503,344.71,48140.87
test,2026-07-29,LLY,46.52547503,1210.02,56296.76
test,2026-07-29,MELI,42.5339946,1863.3101,79254.02
test,2026-07-29,META,90.89669221,585.61,53230.01
test,2026-07-29,MSFT,82.7095662,390.54,32301.39
test,2026-07-29,MSTR,207.97956539,93.33,19410.73
test,2026-07-29,NVDA,219.8144844,190.01,41766.95
test,2026-07-29,NVO,589.62262913,51.58,30412.74
test,2026-07-29,RACE,54.11841144,385.69,20872.93
test,2026-07-29,RMS.PA,8.02101809,1739.1054,13949.4
test,2026-07-29,STZ,144.96954934,131.75,19099.74
test,2026-07-29,ULTA,49.58595646,508.09,25194.13
test,2026-07-29,V,114.05434968,368.73,42055.26
test,2026-07-29,WM,136.54362152,236.6,32306.22
test,2026-07-29,ZM,231.77656493,92.41,21418.47
test,2026-07-30,0700.HK,495.83307745,60.1632,29830.92
test,2026-07-30,AMZN,259.94280433,235.5,61216.53
test,2026-07-30,BABA,272.88852163,116.32,31742.39
test,2026-07-30,BMNR,2991.15850789,18.08,54080.15
test,2026-07-30,BSX,419.5070859,46.0,19297.33
test,2026-07-30,CASH,24127.43,1.0,24127.43
test,2026-07-30,CRCL,252.20679988,64.24,16201.76
test,2026-07-30,CSU.TO,29.08221003,2154.541,62658.81
test,2026-07-30,DPZ,47.98234165,352.25,16901.78
test,2026-07-30,EL.PA,94.59392789,188.5879,17839.27
test,2026-07-30,IBE.MC,408.89037952,23.6542,9671.97
test,2026-07-30,ISRG,52.96984387,352.97,18696.77
test,2026-07-30,JPM,139.65613503,350.85,48998.36
test,2026-07-30,LLY,46.52547503,1154.97,53735.53
test,2026-07-30,MELI,42.5339946,1885.73,80207.63
test,2026-07-30,META,90.89669221,539.03,48996.05
test,2026-07-30,MSFT,82.7095662,451.1,37310.29
test,2026-07-30,MSTR,207.97956539,97.74,20327.92
test,2026-07-30,NVDA,219.8144844,195.04,42872.62
test,2026-07-30,NVO,589.62262913,51.61,30430.42
test,2026-07-30,RACE,54.11841144,397.73,21524.52
test,2026-07-30,RMS.PA,8.02101809,1787.3199,14336.12
test,2026-07-30,STZ,144.96954934,130.38,18901.13
test,2026-07-30,ULTA,49.58595646,516.73,25622.55
test,2026-07-30,V,114.05434968,366.27,41774.69
test,2026-07-30,WM,136.54362152,226.33,30903.92
test,2026-07-30,ZM,231.77656493,92.32,21397.61
test,2026-07-31,0700.HK,495.83307745,60.6007,30047.81
test,2026-07-31,AMZN,259.94280433,271.58,70595.26
test,2026-07-31,BABA,272.88852163,122.25,33360.62
test,2026-07-31,BMNR,2991.15850789,17.28,51687.22
test,2026-07-31,BSX,419.5070859,46.73,19603.57
test,2026-07-31,CASH,24127.43,1.0,24127.43
test,2026-07-31,CRCL,252.20679988,62.61,15790.67
test,2026-07-31,CSU.TO,29.08221003,2143.1711,62328.15
test,2026-07-31,DPZ,47.98234165,347.44,16670.98
test,2026-07-31,EL.PA,94.59392789,189.4561,17921.39
test,2026-07-31,IBE.MC,408.89037952,23.848,9751.23
test,2026-07-31,ISRG,52.96984387,353.33,18715.83
test,2026-07-31,JPM,139.65613503,351.79,49129.63
test,2026-07-31,LLY,46.52547503,1148.84,53450.33
test,2026-07-31,MELI,42.5339946,1877.95,79876.71
test,2026-07-31,META,90.89669221,556.71,50603.1
test,2026-07-31,MSFT,82.7095662,464.72,38436.79
test,2026-07-31,MSTR,207.97956539,93.28,19400.33
test,2026-07-31,NVDA,219.8144844,200.75,44127.76
test,2026-07-31,NVO,589.62262913,47.08,27759.43
test,2026-07-31,RACE,54.11841144,393.87,21315.62
test,2026-07-31,RMS.PA,8.02101809,1768.68,14186.61
test,2026-07-31,STZ,144.96954934,130.23,18879.38
test,2026-07-31,ULTA,49.58595646,512.83,25429.17
test,2026-07-31,V,114.05434968,366.13,41758.72
test,2026-07-31,WM,136.54362152,226.55,30933.96
test,2026-07-31,ZM,231.77656493,96.07,22266.77
test,2026-08-01,0700.HK,495.83307745,60.6001,30047.54
test,2026-08-01,AMZN,259.94280433,271.58,70595.26
test,2026-08-01,BABA,272.88852163,122.25,33360.62
test,2026-08-01,BMNR,2991.15850789,17.28,51687.22
test,2026-08-01,BSX,419.5070859,46.73,19603.57
test,2026-08-01,CASH,24127.43,1.0,24127.43
test,2026-08-01,CRCL,252.20679988,62.61,15790.67
test,2026-08-01,CSU.TO,29.08221003,2143.9209,62349.96
test,2026-08-01,DPZ,47.98234165,347.44,16670.98
test,2026-08-01,EL.PA,94.59392789,189.4561,17921.39
test,2026-08-01,IBE.MC,408.89037952,23.848,9751.23
test,2026-08-01,ISRG,52.96984387,353.33,18715.83
test,2026-08-01,JPM,139.65613503,351.79,49129.63
test,2026-08-01,LLY,46.52547503,1148.84,53450.33
test,2026-08-01,MELI,42.5339946,1877.95,79876.71
test,2026-08-01,META,90.89669221,556.71,50603.1
test,2026-08-01,MSFT,82.7095662,464.72,38436.79
test,2026-08-01,MSTR,207.97956539,93.28,19400.33
test,2026-08-01,NVDA,219.8144844,200.75,44127.76
test,2026-08-01,NVO,589.62262913,47.08,27759.43
test,2026-08-01,RACE,54.11841144,393.87,21315.62
test,2026-08-01,RMS.PA,8.02101809,1768.68,14186.61
test,2026-08-01,STZ,144.96954934,130.23,18879.38
test,2026-08-01,ULTA,49.58595646,512.83,25429.17
test,2026-08-01,V,114.05434968,366.13,41758.72
test,2026-08-01,WM,136.54362152,226.55,30933.96
test,2026-08-01,ZM,231.77656493,96.07,22266.77
test,2026-08-02,0700.HK,495.83307745,60.5983,30046.66
test,2026-08-02,AMZN,259.94280433,271.58,70595.26
test,2026-08-02,BABA,272.88852163,122.25,33360.62
test,2026-08-02,BMNR,2991.15850789,17.28,51687.22
test,2026-08-02,BSX,419.5070859,46.73,19603.57
test,2026-08-02,CASH,24127.43,1.0,24127.43
test,2026-08-02,CRCL,252.20679988,62.61,15790.67
test,2026-08-02,CSU.TO,29.08221003,2143.9209,62349.96
test,2026-08-02,DPZ,47.98234165,347.44,16670.98
test,2026-08-02,EL.PA,94.59392789,189.4779,17923.46
test,2026-08-02,IBE.MC,408.89037952,23.8508,9752.35
test,2026-08-02,ISRG,52.96984387,353.33,18715.83
test,2026-08-02,JPM,139.65613503,351.79,49129.63
test,2026-08-02,LLY,46.52547503,1148.84,53450.33
test,2026-08-02,MELI,42.5339946,1877.95,79876.71
test,2026-08-02,META,90.89669221,556.71,50603.1
test,2026-08-02,MSFT,82.7095662,464.72,38436.79
test,2026-08-02,MSTR,207.97956539,93.28,19400.33
test,2026-08-02,NVDA,219.8144844,200.75,44127.76
test,2026-08-02,NVO,589.62262913,47.08,27759.43
test,2026-08-02,RACE,54.11841144,393.87,21315.62
test,2026-08-02,RMS.PA,8.02101809,1768.8843,14188.25
test,2026-08-02,STZ,144.96954934,130.23,18879.38
test,2026-08-02,ULTA,49.58595646,512.83,25429.17
test,2026-08-02,V,114.05434968,366.13,41758.72
test,2026-08-02,WM,136.54362152,226.55,30933.96
test,2026-08-02,ZM,231.77656493,96.07,22266.77
test,2026-08-03,0700.HK,495.83307745,62.5327,31005.77
test,2026-08-03,AMZN,259.94280433,284.02,73828.95
test,2026-08-03,BABA,272.88852163,127.3,34738.71
test,2026-08-03,BMNR,2991.15850789,17.42,52105.98
test,2026-08-03,BSX,419.5070859,48.43,20316.73
test,2026-08-03,CASH,24127.43,1.0,24127.43
test,2026-08-03,CRCL,252.20679988,60.35,15220.68
test,2026-08-03,CSU.TO,29.08221003,2135.1406,62094.61
test,2026-08-03,DPZ,47.98234165,364.41,17485.25
test,2026-08-03,EL.PA,94.59392789,195.6396,18506.32
test,2026-08-03,IBE.MC,408.89037952,23.8205,9739.98
test,2026-08-03,ISRG,52.96984387,375.41,19885.41
test,2026-08-03,JPM,139.65613503,352.64,49248.34
test,2026-08-03,LLY,46.52547503,1121.36,52171.81
test,2026-08-03,MELI,42.5339946,1898.79,80763.13
test,2026-08-03,META,90.89669221,590.24,53650.86
test,2026-08-03,MSFT,82.7095662,487.65,40333.32
test,2026-08-03,MSTR,207.97956539,94.86,19728.94
test,2026-08-03,NVDA,219.8144844,206.64,45422.46
test,2026-08-03,NVO,589.62262913,47.09,27765.33
test,2026-08-03,RACE,54.11841144,401.28,21716.64
test,2026-08-03,RMS.PA,8.02101809,1800.0923,14438.57
test,2026-08-03,STZ,144.96954934,131.36,19043.2
test,2026-08-03,ULTA,49.58595646,534.41,26499.23
test,2026-08-03,V,114.05434968,365.67,41706.26
test,2026-08-03,WM,136.54362152,226.43,30917.57
test,2026-08-03,ZM,231.77656493,98.25,22772.05
test,2026-08-04,0700.HK,495.83307745,62.1677,30824.81
test,2026-08-04,AMZN,259.94280433,277.42,72113.34
test,2026-08-04,BABA,272.88852163,128.99,35199.89
test,2026-08-04,BMNR,2991.15850789,18.1,54139.97
test,2026-08-04,BSX,419.5070859,49.09,20593.6
test,2026-08-04,CASH,24127.43,1.0,24127.43
test,2026-08-04,CRCL,252.20679988,63.25,15952.08
test,2026-08-04,CSU.TO,29.08221003,2301.7557,66940.14
test,2026-08-04,DPZ,47.98234165,367.63,17639.75
test,2026-08-04,EL.PA,94.59392789,197.087,18643.24
test,2026-08-04,IBE.MC,408.89037952,23.7776,9722.43
test,2026-08-04,ISRG,52.96984387,368.27,19507.2
test,2026-08-04,JPM,139.65613503,357.52,49929.86
test,2026-08-04,LLY,46.52547503,1115.6801,51907.54
test,2026-08-04,MELI,42.5339946,1888.5,80325.45
test,2026-08-04,META,90.89669221,587.94,53441.8
test,2026-08-04,MSFT,82.7095662,492.81,40760.1
test,2026-08-04,MSTR,207.97956539,97.65,20309.2
test,2026-08-04,NVDA,219.8144844,211.94,46587.48
test,2026-08-04,NVO,589.62262913,44.28,26108.49
test,2026-08-04,RACE,54.11841144,402.79,21798.36
test,2026-08-04,RMS.PA,8.02101809,1798.6359,14426.89
test,2026-08-04,STZ,144.96954934,131.42,19051.9
test,2026-08-04,ULTA,49.58595646,543.86,26967.82
test,2026-08-04,V,114.05434968,369.59,42153.35
test,2026-08-04,WM,136.54362152,225.25,30756.45
test,2026-08-04,ZM,231.77656493,102.12,23669.02
test,2026-08-05,0700.HK,495.83307745,62.743,31110.06
test,2026-08-05,AMZN,259.94280433,272.65,70873.4
test,2026-08-05,BABA,272.88852163,128.53,35074.36
test,2026-08-05,BMNR,2991.15850789,18.43,55127.05
test,2026-08-05,BSX,419.5070859,47.74,20027.27
test,2026-08-05,CASH,24127.43,1.0,24127.43
test,2026-08-05,CRCL,252.20679988,63.28,15959.65
test,2026-08-05,CSU.TO,29.08221003,2243.9356,65258.61
test,2026-08-05,DPZ,47.98234165,366.61,17590.81
test,2026-08-05,EL.PA,94.59392789,197.5913,18690.94
test,2026-08-05,IBE.MC,408.89037952,23.7179,9698.01
test,2026-08-05,ISRG,52.96984387,375.2,19874.29
test,2026-08-05,JPM,139.65613503,359.24,50170.07
test,2026-08-05,LLY,46.52547503,1169.86,54428.29
test,2026-08-05,MELI,42.5339946,1922.5699,81774.58
test,2026-08-05,META,90.89669221,588.77,53517.25
test,2026-08-05,MSFT,82.7095662,487.46,40317.6
test,2026-08-05,MSTR,207.97956539,98.37,20458.95
test,2026-08-05,NVDA,219.8144844,219.22,48187.73
test,2026-08-05,NVO,589.62262913,44.53,26255.89
test,2026-08-05,RACE,54.11841144,406.8,22015.37
test,2026-08-05,RMS.PA,8.02101809,1781.7217,14291.22
test,2026-08-05,STZ,144.96954934,130.64,18938.82
test,2026-08-05,ULTA,49.58595646,539.47,26750.13
test,2026-08-05,V,114.05434968,368.54,42033.59
test,2026-08-05,WM,136.54362152,224.31,30628.1
test,2026-08-05,ZM,231.77656493,100.64,23325.99
test,2026-08-06,0700.HK,495.83307745,61.0921,30291.46
test,2026-08-06,AMZN,259.94280433,272.26,70772.03
test,2026-08-06,BABA,272.88852163,126.81,34604.99
test,2026-08-06,BMNR,2991.15850789,18.3,54738.2
test,2026-08-06,BSX,419.5070859,49.3,20681.7
test,2026-08-06,CASH,24127.43,1.0,24127.43
test,2026-08-06,CRCL,252.20679988,63.28,15959.65
test,2026-08-06,CSU.TO,29.08221003,2305.2956,67043.09
test,2026-08-06,DPZ,47.98234165,358.43,17198.31
test,2026-08-06,EL.PA,94.59392789,198.0576,18735.04
test,2026-08-06,IBE.MC,408.89037952,23.9565,9795.59
test,2026-08-06,ISRG,52.96984387,373.71,19795.36
test,2026-08-06,JPM,139.65613503,356.3,49759.48
test,2026-08-06,LLY,46.52547503,1191.9399,55455.57
test,2026-08-06,MELI,42.5339946,1830.0,77837.21
test,2026-08-06,META,90.89669221,589.9,53619.96
test,2026-08-06,MSFT,82.7095662,499.86,41343.2
test,2026-08-06,MSTR,207.97956539,96.85,20142.82
test,2026-08-06,NVDA,219.8144844,218.99,48137.18
test,2026-08-06,NVO,589.62262913,45.97,27104.95
test,2026-08-06,RACE,54.11841144,407.28,22041.35
test,2026-08-06,RMS.PA,8.02101809,1879.9861,15079.4
test,2026-08-06,STZ,144.96954934,132.52,19211.37
test,2026-08-06,ULTA,49.58595646,538.79,26716.42
test,2026-08-06,V,114.05434968,370.47,42253.72
test,2026-08-06,WM,136.54362152,229.01,31269.85
test,2026-08-06,ZM,231.77656493,101.3,23478.97
test,2026-08-07,0700.HK,495.83307745,61.0387,30265.02
test,2026-08-07,AMZN,259.94280433,274.48,71349.1
test,2026-08-07,BABA,272.88852163,128.41,35041.62
test,2026-08-07,BMNR,2991.15850789,18.82,56293.6
test,2026-08-07,BSX,419.5070859,49.31,20685.89
test,2026-08-07,CASH,24127.43,1.0,24127.43
test,2026-08-07,CRCL,252.20679988,66.67,16814.63
test,2026-08-07,CSU.TO,29.08221003,2311.3789,67220.01
test,2026-08-07,DPZ,47.98234165,350.95,16839.4
test,2026-08-07,EL.PA,94.59392789,199.2138,18844.41
test,2026-08-07,IBE.MC,408.89037952,23.9334,9786.14
test,2026-08-07,ISRG,52.96984387,378.81,20065.51
test,2026-08-07,JPM,139.65613503,357.52,49929.86
test,2026-08-07,LLY,46.52547503,1185.71,55165.72
test,2026-08-07,MELI,42.5339946,1820.6899,77441.22
test,2026-08-07,META,90.89669221,592.1,53819.93
test,2026-08-07,MSFT,82.7095662,499.99,41353.96
test,2026-08-07,MSTR,207.97956539,100.01,20800.04
test,2026-08-07,NVDA,219.8144844,223.96,49229.65
test,2026-08-07,NVO,589.62262913,47.26,27865.56
test,2026-08-07,RACE,54.11841144,412.26,22310.86
test,2026-08-07,RMS.PA,8.02101809,1890.9701,15167.51
test,2026-08-07,STZ,144.96954934,135.76,19681.07
test,2026-08-07,ULTA,49.58595646,565.15,28023.5
test,2026-08-07,V,114.05434968,362.5,41344.7
test,2026-08-07,WM,136.54362152,227.68,31088.25
test,2026-08-07,ZM,231.77656493,104.5,24220.65
test,2026-08-08,0700.HK,495.83307745,61.0387,30265.02
test,2026-08-08,AMZN,259.94280433,274.48,71349.1
test,2026-08-08,BABA,272.88852163,128.41,35041.62
test,2026-08-08,BMNR,2991.15850789,18.82,56293.6
test,2026-08-08,BSX,419.5070859,49.31,20685.89
test,2026-08-08,CASH,24127.43,1.0,24127.43
test,2026-08-08,CRCL,252.20679988,66.67,16814.63
test,2026-08-08,CSU.TO,29.08221003,2311.3789,67220.01
test,2026-08-08,DPZ,47.98234165,350.95,16839.4
test,2026-08-08,EL.PA,94.59392789,199.2138,18844.41
test,2026-08-08,IBE.MC,408.89037952,23.9334,9786.14
test,2026-08-08,ISRG,52.96984387,378.81,20065.51
test,2026-08-08,JPM,139.65613503,357.52,49929.86
test,2026-08-08,LLY,46.52547503,1185.71,55165.72
test,2026-08-08,MELI,42.5339946,1820.6899,77441.22
test,2026-08-08,META,90.89669221,592.1,53819.93
test,2026-08-08,MSFT,82.7095662,499.99,41353.96
test,2026-08-08,MSTR,207.97956539,100.01,20800.04
test,2026-08-08,NVDA,219.8144844,223.96,49229.65
test,2026-08-08,NVO,589.62262913,47.26,27865.56
test,2026-08-08,RACE,54.11841144,412.26,22310.86
test,2026-08-08,RMS.PA,8.02101809,1890.9701,15167.51
test,2026-08-08,STZ,144.96954934,135.76,19681.07
test,2026-08-08,ULTA,49.58595646,565.15,28023.5
test,2026-08-08,V,114.05434968,362.5,41344.7
test,2026-08-08,WM,136.54362152,227.68,31088.25
test,2026-08-08,ZM,231.77656493,104.5,24220.65
test,2026-08-09,0700.HK,495.83307745,61.0369,30264.13
test,2026-08-09,AMZN,259.94280433,274.48,71349.1
test,2026-08-09,BABA,272.88852163,128.41,35041.62
test,2026-08-09,BMNR,2991.15850789,18.82,56293.6
test,2026-08-09,BSX,419.5070859,49.31,20685.89
test,2026-08-09,CASH,24127.43,1.0,24127.43
test,2026-08-09,CRCL,252.20679988,66.67,16814.63
test,2026-08-09,CSU.TO,29.08221003,2310.4839,67193.98
test,2026-08-09,DPZ,47.98234165,350.95,16839.4
test,2026-08-09,EL.PA,94.59392789,199.1677,18840.06
test,2026-08-09,IBE.MC,408.89037952,23.9279,9783.88
test,2026-08-09,ISRG,52.96984387,378.81,20065.51
test,2026-08-09,JPM,139.65613503,357.52,49929.86
test,2026-08-09,LLY,46.52547503,1185.71,55165.72
test,2026-08-09,MELI,42.5339946,1820.6899,77441.22
test,2026-08-09,META,90.89669221,592.1,53819.93
test,2026-08-09,MSFT,82.7095662,499.99,41353.96
test,2026-08-09,MSTR,207.97956539,100.01,20800.04
test,2026-08-09,NVDA,219.8144844,223.96,49229.65
test,2026-08-09,NVO,589.62262913,47.26,27865.56
test,2026-08-09,RACE,54.11841144,412.26,22310.86
test,2026-08-09,RMS.PA,8.02101809,1890.5327,15164.0
test,2026-08-09,STZ,144.96954934,135.76,19681.07
test,2026-08-09,ULTA,49.58595646,565.15,28023.5
test,2026-08-09,V,114.05434968,362.5,41344.7
test,2026-08-09,WM,136.54362152,227.68,31088.25
test,2026-08-09,ZM,231.77656493,104.5,24220.65
test,2026-08-10,0700.HK,495.83307745,61.3514,30420.06
test,2026-08-10,AMZN,259.94280433,278.09,72287.49
test,2026-08-10,BABA,272.88852163,132.32,36108.61
test,2026-08-10,BMNR,2991.15850789,18.1,54139.97
test,2026-08-10,BSX,419.5070859,50.46,21168.33
test,2026-08-10,CASH,24127.43,1.0,24127.43
test,2026-08-10,CRCL,252.20679988,67.05,16910.47
test,2026-08-10,CSU.TO,29.08221003,2373.9413,69039.46
test,2026-08-10,DPZ,47.98234165,347.85,16690.66
test,2026-08-10,EL.PA,94.59392789,197.7483,18705.78
test,2026-08-10,IBE.MC,408.89037952,23.7413,9707.6
test,2026-08-10,ISRG,52.96984387,393.38,20837.28
test,2026-08-10,JPM,139.65613503,359.79,50246.88
test,2026-08-10,LLY,46.52547503,1231.9399,57316.59
test,2026-08-10,MELI,42.5339946,1824.34,77596.47
test,2026-08-10,META,90.89669221,594.92,54076.26
test,2026-08-10,MSFT,82.7095662,506.06,41856.0
test,2026-08-10,MSTR,207.97956539,97.33,20242.65
test,2026-08-10,NVDA,219.8144844,217.55,47820.64
test,2026-08-10,NVO,589.62262913,47.73,28142.69
test,2026-08-10,RACE,54.11841144,406.77,22013.75
test,2026-08-10,RMS.PA,8.02101809,1898.9607,15231.6
test,2026-08-10,STZ,144.96954934,133.39,19337.49
test,2026-08-10,ULTA,49.58595646,548.66,27205.83
test,2026-08-10,V,114.05434968,361.32,41210.12
test,2026-08-10,WM,136.54362152,226.6,30940.79
test,2026-08-10,ZM,231.77656493,107.2,24846.45
test,2026-08-11,0700.HK,495.83307745,59.9997,29749.86
test,2026-08-11,AMZN,259.94280433,272.27,70774.62
test,2026-08-11,BABA,272.88852163,127.85,34888.8
test,2026-08-11,BMNR,2991.15850789,18.09,54110.06
test,2026-08-11,BSX,419.5070859,51.19,21474.57
test,2026-08-11,CASH,24127.43,1.0,24127.43
test,2026-08-11,CRCL,252.20679988,71.16,17947.04
test,2026-08-11,CSU.TO,29.08221003,2310.3703,67190.68
test,2026-08-11,DPZ,47.98234165,357.34,17146.01
test,2026-08-11,EL.PA,94.59392789,198.0055,18730.12
test,2026-08-11,IBE.MC,408.89037952,23.7376,9706.08
test,2026-08-11,ISRG,52.96984387,401.23,21253.09
test,2026-08-11,JPM,139.65613503,362.04,50561.11
test,2026-08-11,LLY,46.52547503,1215.02,56529.38
test,2026-08-11,MELI,42.5339946,1940.0,82515.95
test,2026-08-11,META,90.89669221,599.12,54458.03
test,2026-08-11,MSFT,82.7095662,503.81,41669.91
test,2026-08-11,MSTR,207.97956539,96.09,19984.76
test,2026-08-11,NVDA,219.8144844,217.5,47809.65
test,2026-08-11,NVO,589.62262913,47.17,27812.5
test,2026-08-11,RACE,54.11841144,410.26,22202.62
test,2026-08-11,RMS.PA,8.02101809,1894.7429,15197.77
test,2026-08-11,STZ,144.96954934,133.98,19423.02
test,2026-08-11,ULTA,49.58595646,541.35,26843.36
test,2026-08-11,V,114.05434968,362.82,41381.2
test,2026-08-11,WM,136.54362152,226.85,30974.92
test,2026-08-11,ZM,231.77656493,106.06,24582.22
test,2026-08-12,0700.HK,495.83307745,58.8265,29168.14
test,2026-08-12,AMZN,259.94280433,267.28,69477.51
test,2026-08-12,BABA,272.88852163,125.22,34171.1
test,2026-08-12,BMNR,2991.15850789,17.89,53511.82
test,2026-08-12,BSX,419.5070859,51.42,21571.05
test,2026-08-12,CASH,24127.43,1.0,24127.43
test,2026-08-12,CRCL,252.20679988,71.28,17977.3
test,2026-08-12,CSU.TO,29.08221003,2208.5529,64229.6
test,2026-08-12,DPZ,47.98234165,353.72,16972.31
test,2026-08-12,EL.PA,94.59392789,189.6412,17938.91
test,2026-08-12,IBE.MC,408.89037952,23.7628,9716.39
test,2026-08-12,ISRG,52.96984387,401.27,21255.21
test,2026-08-12,JPM,139.65613503,365.18,50999.63
test,2026-08-12,LLY,46.52547503,1220.28,56774.11
test,2026-08-12,MELI,42.5339946,1828.29,77764.48
test,2026-08-12,META,90.89669221,578.85,52615.55
test,2026-08-12,MSFT,82.7095662,492.43,40728.67
test,2026-08-12,MSTR,207.97956539,94.83,19722.7
test,2026-08-12,NVDA,219.8144844,224.09,49258.23
test,2026-08-12,NVO,589.62262913,46.39,27352.59
test,2026-08-12,RACE,54.11841144,407.21,22037.56
test,2026-08-12,RMS.PA,8.02101809,1849.1176,14831.81
test,2026-08-12,STZ,144.96954934,133.96,19420.12
test,2026-08-12,ULTA,49.58595646,531.89,26374.28
test,2026-08-12,V,114.05434968,359.42,40993.42
test,2026-08-12,WM,136.54362152,226.32,30902.55
test,2026-08-12,ZM,231.77656493,105.13,24366.67
test,2026-08-13,0700.HK,495.83307745,56.1984,27865.02
test,2026-08-13,AMZN,259.94280433,265.13,68918.64
test,2026-08-13,BABA,272.88852163,122.16,33336.06
test,2026-08-13,BMNR,2991.15850789,18.29,54708.29
test,2026-08-13,BSX,419.5070859,51.69,21684.32
test,2026-08-13,CASH,24127.43,1.0,24127.43
test,2026-08-13,CRCL,252.20679988,75.38,19011.35
test,2026-08-13,CSU.TO,29.08221003,2280.1851,66312.82
test,2026-08-13,DPZ,47.98234165,350.88,16836.04
test,2026-08-13,EL.PA,94.59392789,189.5035,17925.88
test,2026-08-13,IBE.MC,408.89037952,23.4927,9605.92
test,2026-08-13,ISRG,52.96984387,401.27,21255.21
test,2026-08-13,JPM,139.65613503,363.11,50710.54
test,2026-08-13,LLY,46.52547503,1209.0,56249.3
test,2026-08-13,MELI,42.5339946,1828.25,77762.78
test,2026-08-13,META,90.89669221,594.97,54080.8
test,2026-08-13,MSFT,82.7095662,496.88,41096.73
test,2026-08-13,MSTR,207.97956539,97.1,20194.82
test,2026-08-13,NVDA,219.8144844,225.3,49524.2
test,2026-08-13,NVO,589.62262913,46.72,27547.17
test,2026-08-13,RACE,54.11841144,412.29,22312.48
test,2026-08-13,RMS.PA,8.02101809,1827.9135,14661.73
test,2026-08-13,STZ,144.96954934,136.35,19766.6
test,2026-08-13,ULTA,49.58595646,515.57,25565.03
test,2026-08-13,V,114.05434968,365.45,41681.16
test,2026-08-13,WM,136.54362152,224.21,30614.45
test,2026-08-13,ZM,231.77656493,109.84,25458.34
test,2026-08-14,0700.HK,495.83307745,56.0724,27802.54
test,2026-08-14,AMZN,259.94280433,262.65,68273.98
test,2026-08-14,BABA,272.88852163,123.81,33786.33
test,2026-08-14,BMNR,2991.15850789,18.08,54080.15
test,2026-08-14,BSX,419.5070859,51.83,21743.05
test,2026-08-14,CASH,24127.43,1.0,24127.43
test,2026-08-14,CRCL,252.20679988,71.6,18058.01
test,2026-08-14,CSU.TO,29.08221003,2227.1193,64769.55
test,2026-08-14,DPZ,47.98234165,346.27,16614.84
test,2026-08-14,EL.PA,94.59392789,188.1148,17794.52
test,2026-08-14,IBE.MC,408.89037952,23.3769,9558.6
test,2026-08-14,ISRG,52.96984387,394.51,20897.13
test,2026-08-14,JPM,139.65613503,362.84,50672.83
test,2026-08-14,LLY,46.52547503,1180.16,54907.51
test,2026-08-14,MELI,42.5339946,1844.58,78457.35
test,2026-08-14,META,90.89669221,589.85,53615.41
test,2026-08-14,MSFT,82.7095662,495.4,40974.32
test,2026-08-14,MSTR,207.97956539,93.04,19350.42
test,2026-08-14,NVDA,219.8144844,225.16,49493.43
test,2026-08-14,NVO,589.62262913,45.89,27057.78
test,2026-08-14,RACE,54.11841144,414.85,22451.02
test,2026-08-14,RMS.PA,8.02101809,1823.8631,14629.24
test,2026-08-14,STZ,144.96954934,139.18,20176.86
test,2026-08-14,ULTA,49.58595646,510.75,25326.03
test,2026-08-14,V,114.05434968,364.15,41532.89
test,2026-08-14,WM,136.54362152,224.55,30660.87
test,2026-08-14,ZM,231.77656493,105.96,24559.04
test,2026-08-15,0700.HK,495.83307745,56.0724,27802.54
test,2026-08-15,AMZN,259.94280433,262.65,68273.98
test,2026-08-15,BABA,272.88852163,123.81,33786.33
test,2026-08-15,BMNR,2991.15850789,18.08,54080.15
test,2026-08-15,BSX,419.5070859,51.83,21743.05
test,2026-08-15,CASH,24127.43,1.0,24127.43
test,2026-08-15,CRCL,252.20679988,71.6,18058.01
test,2026-08-15,CSU.TO,29.08221003,2227.1193,64769.55
test,2026-08-15,DPZ,47.98234165,346.27,16614.84
test,2026-08-15,EL.PA,94.59392789,188.1148,17794.52
test,2026-08-15,IBE.MC,408.89037952,23.3769,9558.6
test,2026-08-15,ISRG,52.96984387,394.51,20897.13
test,2026-08-15,JPM,139.65613503,362.84,50672.83
test,2026-08-15,LLY,46.52547503,1180.16,54907.51
test,2026-08-15,MELI,42.5339946,1844.58,78457.35
test,2026-08-15,META,90.89669221,589.85,53615.41
test,2026-08-15,MSFT,82.7095662,495.4,40974.32
test,2026-08-15,MSTR,207.97956539,93.04,19350.42
test,2026-08-15,NVDA,219.8144844,225.16,49493.43
test,2026-08-15,NVO,589.62262913,45.89,27057.78
test,2026-08-15,RACE,54.11841144,414.85,22451.02
test,2026-08-15,RMS.PA,8.02101809,1823.8631,14629.24
test,2026-08-15,STZ,144.96954934,139.18,20176.86
test,2026-08-15,ULTA,49.58595646,510.75,25326.03
test,2026-08-15,V,114.05434968,364.15,41532.89
test,2026-08-15,WM,136.54362152,224.55,30660.87
test,2026-08-15,ZM,231.77656493,105.96,24559.04
test,2026-08-16,0700.HK,495.83307745,56.0762,27804.46
test,2026-08-16,AMZN,259.94280433,262.65,68273.98
test,2026-08-16,BABA,272.88852163,123.81,33786.33
test,2026-08-16,BMNR,2991.15850789,18.08,54080.15
test,2026-08-16,BSX,419.5070859,51.83,21743.05
test,2026-08-16,CASH,24127.43,1.0,24127.43
test,2026-08-16,CRCL,252.20679988,71.6,18058.01
test,2026-08-16,CSU.TO,29.08221003,2227.1836,64771.42
test,2026-08-16,DPZ,47.98234165,346.27,16614.84
test,2026-08-16,EL.PA,94.59392789,188.1366,17796.58
test,2026-08-16,IBE.MC,408.89037952,23.3796,9559.71
test,2026-08-16,ISRG,52.96984387,394.51,20897.13
test,2026-08-16,JPM,139.65613503,362.84,50672.83
test,2026-08-16,LLY,46.52547503,1180.16,54907.51
test,2026-08-16,MELI,42.5339946,1844.58,78457.35
test,2026-08-16,META,90.89669221,589.85,53615.41
test,2026-08-16,MSFT,82.7095662,495.4,40974.32
test,2026-08-16,MSTR,207.97956539,93.04,19350.42
test,2026-08-16,NVDA,219.8144844,225.16,49493.43
test,2026-08-16,NVO,589.62262913,45.89,27057.78
test,2026-08-16,RACE,54.11841144,414.85,22451.02
test,2026-08-16,RMS.PA,8.02101809,1824.0741,14630.93
test,2026-08-16,STZ,144.96954934,139.18,20176.86
test,2026-08-16,ULTA,49.58595646,510.75,25326.03
test,2026-08-16,V,114.05434968,364.15,41532.89
test,2026-08-16,WM,136.54362152,224.55,30660.87
test,2026-08-16,ZM,231.77656493,105.96,24559.04
test,2026-08-17,0700.HK,495.83307745,56.9155,28220.61
test,2026-08-17,AMZN,259.94280433,261.31,67925.65
test,2026-08-17,BABA,272.88852163,124.71,34031.93
test,2026-08-17,BMNR,2991.15850789,18.73,56024.4
test,2026-08-17,BSX,419.5070859,51.43,21575.25
test,2026-08-17,CASH,24127.43,1.0,24127.43
test,2026-08-17,CRCL,252.20679988,74.59,18812.1
test,2026-08-17,CSU.TO,29.08221003,2152.2714,62592.81
test,2026-08-17,DPZ,47.98234165,335.42,16094.24
test,2026-08-17,EL.PA,94.59392789,185.018,17501.58
test,2026-08-17,IBE.MC,408.89037952,23.3183,9534.62
test,2026-08-17,ISRG,52.96984387,390.33,20675.72
test,2026-08-17,JPM,139.65613503,360.96,50410.28
test,2026-08-17,LLY,46.52547503,1183.16,55047.08
test,2026-08-17,MELI,42.5339946,1787.5699,76032.49
test,2026-08-17,META,90.89669221,568.97,51717.49
test,2026-08-17,MSFT,82.7095662,480.35,39729.54
test,2026-08-17,MSTR,207.97956539,97.68,20315.44
test,2026-08-17,NVDA,219.8144844,225.01,49460.46
test,2026-08-17,NVO,589.62262913,44.88,26462.26
test,2026-08-17,RACE,54.11841144,417.1,22572.79
test,2026-08-17,RMS.PA,8.02101809,1794.6047,14394.56
test,2026-08-17,STZ,144.96954934,130.56,18927.22
test,2026-08-17,ULTA,49.58595646,493.33,24462.24
test,2026-08-17,V,114.05434968,358.84,40927.26
test,2026-08-17,WM,136.54362152,224.02,30588.5
test,2026-08-17,ZM,231.77656493,105.56,24466.33
test,2026-08-18,0700.HK,495.83307745,56.4296,27979.65
test,2026-08-18,AMZN,259.94280433,259.45,67442.16
test,2026-08-18,BABA,272.88852163,128.15,34970.66
test,2026-08-18,BMNR,2991.15850789,18.28,54678.38
test,2026-08-18,BSX,419.5070859,50.47,21172.52
test,2026-08-18,CASH,24127.43,1.0,24127.43
test,2026-08-18,CRCL,252.20679988,71.73,18090.79
test,2026-08-18,CSU.TO,29.08221003,2171.6277,63155.73
test,2026-08-18,DPZ,47.98234165,336.25,16134.06
test,2026-08-18,EL.PA,94.59392789,191.4496,18109.97
test,2026-08-18,IBE.MC,408.89037952,23.6187,9657.47
test,2026-08-18,ISRG,52.96984387,391.18,20720.74
test,2026-08-18,JPM,139.65613503,363.25,50730.09
test,2026-08-18,LLY,46.52547503,1225.73,57027.67
test,2026-08-18,MELI,42.5339946,1779.14,75673.93
test,2026-08-18,META,90.89669221,543.67,49417.8
test,2026-08-18,MSFT,82.7095662,481.63,39835.41
test,2026-08-18,MSTR,207.97956539,92.52,19242.27
test,2026-08-18,NVDA,219.8144844,219.74,48302.04
test,2026-08-18,NVO,589.62262913,45.71,26951.65
test,2026-08-18,RACE,54.11841144,412.44,22320.6
test,2026-08-18,RMS.PA,8.02101809,1822.8011,14620.72
test,2026-08-18,STZ,144.96954934,131.0,18991.01
test,2026-08-18,ULTA,49.58595646,516.74,25623.05
test,2026-08-18,V,114.05434968,364.25,41544.3
test,2026-08-18,WM,136.54362152,223.58,30528.42
test,2026-08-18,ZM,231.77656493,104.71,24269.32
test,2026-08-19,0700.HK,495.83307745,57.022,28273.38
test,2026-08-19,AMZN,259.94280433,265.84,69103.19
test,2026-08-19,BABA,272.88852163,128.9,35175.33
test,2026-08-19,BMNR,2991.15850789,20.24,60541.05
test,2026-08-19,BSX,419.5070859,52.01,21818.56
test,2026-08-19,CASH,24127.43,1.0,24127.43
test,2026-08-19,CRCL,252.20679988,78.59,19820.93
test,2026-08-19,CSU.TO,29.08221003,2250.9576,65462.82
test,2026-08-19,DPZ,47.98234165,336.52,16147.02
test,2026-08-19,EL.PA,94.59392789,191.0132,18068.69
test,2026-08-19,IBE.MC,408.89037952,23.4194,9575.98
test,2026-08-19,ISRG,52.96984387,397.72,21067.17
test,2026-08-19,JPM,139.65613503,357.26,49893.55
test,2026-08-19,LLY,46.52547503,1280.34,59568.43
test,2026-08-19,MELI,42.5339946,1908.65,81182.51
test,2026-08-19,META,90.89669221,546.03,49632.32
test,2026-08-19,MSFT,82.7095662,484.31,40057.07
test,2026-08-19,MSTR,207.97956539,104.25,21681.87
test,2026-08-19,NVDA,219.8144844,217.56,47822.84
test,2026-08-19,NVO,589.62262913,46.48,27405.66
test,2026-08-19,RACE,54.11841144,425.18,23010.07
test,2026-08-19,RMS.PA,8.02101809,1849.363,14833.77
test,2026-08-19,STZ,144.96954934,133.52,19356.33
test,2026-08-19,ULTA,49.58595646,527.85,26173.95
test,2026-08-19,V,114.05434968,365.54,41691.43
test,2026-08-19,WM,136.54362152,225.08,30733.24
test,2026-08-19,ZM,231.77656493,107.47,24909.03
test,2026-08-20,0700.HK,495.83307745,57.5795,28549.81
test,2026-08-20,AMZN,259.94280433,260.11,67613.72
test,2026-08-20,BABA,272.88852163,130.53,35620.14
test,2026-08-20,BMNR,2991.15850789,21.57,64519.29
test,2026-08-20,BSX,419.5070859,49.37,20711.06
test,2026-08-20,CASH,24127.43,1.0,24127.43
test,2026-08-20,CRCL,252.20679988,83.66,21099.62
test,2026-08-20,CSU.TO,29.08221003,2234.8979,64995.77
test,2026-08-20,DPZ,47.98234165,334.37,16043.86
test,2026-08-20,EL.PA,94.59392789,188.2518,17807.47
test,2026-08-20,IBE.MC,408.89037952,23.4848,9602.69
test,2026-08-20,ISRG,52.96984387,374.48,19836.15
test,2026-08-20,JPM,139.65613503,351.55,49096.11
test,2026-08-20,LLY,46.52547503,1244.4,57896.3
test,2026-08-20,MELI,42.5339946,1921.96,81748.63
test,2026-08-20,META,90.89669221,545.83,49614.14
test,2026-08-20,MSFT,82.7095662,481.15,39795.71
test,2026-08-20,MSTR,207.97956539,112.39,23374.82
test,2026-08-20,NVDA,219.8144844,216.85,47666.77
test,2026-08-20,NVO,589.62262913,46.14,27205.19
test,2026-08-20,RACE,54.11841144,428.37,23182.7
test,2026-08-20,RMS.PA,8.02101809,1809.5293,14514.27
test,2026-08-20,STZ,144.96954934,134.14,19446.22
test,2026-08-20,ULTA,49.58595646,515.14,25543.71
test,2026-08-20,V,114.05434968,365.73,41713.1
test,2026-08-20,WM,136.54362152,224.92,30711.39
test,2026-08-20,ZM,231.77656493,106.3,24637.85
test,2026-08-21,0700.HK,495.83307745,58.2916,28902.88
test,2026-08-21,AMZN,259.94280433,258.63,67229.01
test,2026-08-21,BABA,272.88852163,119.34,32566.52
test,2026-08-21,BMNR,2991.15850789,22.83,68288.15
test,2026-08-21,BSX,419.5070859,50.37,21130.57
test,2026-08-21,CASH,24127.43,1.0,24127.43
test,2026-08-21,CRCL,252.20679988,87.98,22189.16
test,2026-08-21,CSU.TO,29.08221003,2209.5394,64258.29
test,2026-08-21,DPZ,47.98234165,341.85,16402.76
test,2026-08-21,EL.PA,94.59392789,190.5874,18028.41
test,2026-08-21,IBE.MC,408.89037952,23.4147,9574.04
test,2026-08-21,ISRG,52.96984387,378.81,20065.51
test,2026-08-21,JPM,139.65613503,351.58,49100.3
test,2026-08-21,LLY,46.52547503,1255.4,58408.08
test,2026-08-21,MELI,42.5339946,1922.73,81781.39
test,2026-08-21,META,90.89669221,549.9,49984.09
test,2026-08-21,MSFT,82.7095662,483.24,39968.57
test,2026-08-21,MSTR,207.97956539,119.25,24801.56
test,2026-08-21,NVDA,219.8144844,214.72,47198.57
test,2026-08-21,NVO,589.62262913,46.74,27558.96
test,2026-08-21,RACE,54.11841144,436.54,23624.85
test,2026-08-21,RMS.PA,8.02101809,1836.9729,14734.39
test,2026-08-21,STZ,144.96954934,135.66,19666.57
test,2026-08-21,ULTA,49.58595646,521.46,25857.09
test,2026-08-21,V,114.05434968,371.04,42318.73
test,2026-08-21,WM,136.54362152,224.06,30593.96
test,2026-08-21,ZM,231.77656493,107.43,24899.76
test,2026-08-22,0700.HK,495.83307745,58.2916,28902.88
test,2026-08-22,AMZN,259.94280433,258.63,67229.01
test,2026-08-22,BABA,272.88852163,119.34,32566.52
test,2026-08-22,BMNR,2991.15850789,22.83,68288.15
test,2026-08-22,BSX,419.5070859,50.37,21130.57
test,2026-08-22,CASH,24127.43,1.0,24127.43
test,2026-08-22,CRCL,252.20679988,87.98,22189.16
test,2026-08-22,CSU.TO,29.08221003,2209.5394,64258.29
test,2026-08-22,DPZ,47.98234165,341.85,16402.76
test,2026-08-22,EL.PA,94.59392789,190.5874,18028.41
test,2026-08-22,IBE.MC,408.89037952,23.4147,9574.04
test,2026-08-22,ISRG,52.96984387,378.81,20065.51
test,2026-08-22,JPM,139.65613503,351.58,49100.3
test,2026-08-22,LLY,46.52547503,1255.4,58408.08
test,2026-08-22,MELI,42.5339946,1922.73,81781.39
test,2026-08-22,META,90.89669221,549.9,49984.09
test,2026-08-22,MSFT,82.7095662,483.24,39968.57
test,2026-08-22,MSTR,207.97956539,119.25,24801.56
test,2026-08-22,NVDA,219.8144844,214.72,47198.57
test,2026-08-22,NVO,589.62262913,46.74,27558.96
test,2026-08-22,RACE,54.11841144,436.54,23624.85
test,2026-08-22,RMS.PA,8.02101809,1836.9729,14734.39
test,2026-08-22,STZ,144.96954934,135.66,19666.57
test,2026-08-22,ULTA,49.58595646,521.46,25857.09
test,2026-08-22,V,114.05434968,371.04,42318.73
test,2026-08-22,WM,136.54362152,224.06,30593.96
test,2026-08-22,ZM,231.77656493,107.43,24899.76
test,2026-08-23,0700.HK,495.83307745,58.2951,28904.62
test,2026-08-23,AMZN,259.94280433,258.63,67229.01
test,2026-08-23,BABA,272.88852163,119.34,32566.52
test,2026-08-23,BMNR,2991.15850789,22.83,68288.15
test,2026-08-23,BSX,419.5070859,50.37,21130.57
test,2026-08-23,CASH,24127.43,1.0,24127.43
test,2026-08-23,CRCL,252.20679988,87.98,22189.16
test,2026-08-23,CSU.TO,29.08221003,2205.0377,64127.37
test,2026-08-23,DPZ,47.98234165,341.85,16402.76
test,2026-08-23,EL.PA,94.59392789,190.6319,18032.62
test,2026-08-23,IBE.MC,408.89037952,23.4202,9576.28
test,2026-08-23,ISRG,52.96984387,378.81,20065.51
test,2026-08-23,JPM,139.65613503,351.58,49100.3
test,2026-08-23,LLY,46.52547503,1255.4,58408.08
test,2026-08-23,MELI,42.5339946,1922.73,81781.39
test,2026-08-23,META,90.89669221,549.9,49984.09
test,2026-08-23,MSFT,82.7095662,483.24,39968.57
test,2026-08-23,MSTR,207.97956539,119.25,24801.56
test,2026-08-23,NVDA,219.8144844,214.72,47198.57
test,2026-08-23,NVO,589.62262913,46.74,27558.96
test,2026-08-23,RACE,54.11841144,436.54,23624.85
test,2026-08-23,RMS.PA,8.02101809,1837.4022,14737.84
test,2026-08-23,STZ,144.96954934,135.66,19666.57
test,2026-08-23,ULTA,49.58595646,521.46,25857.09
test,2026-08-23,V,114.05434968,371.04,42318.73
test,2026-08-23,WM,136.54362152,224.06,30593.96
test,2026-08-23,ZM,231.77656493,107.43,24899.76
test,2026-08-24,0700.HK,495.83307745,56.1387,27835.43
test,2026-08-24,AMZN,259.94280433,262.07,68123.21
test,2026-08-24,BABA,272.88852163,118.47,32329.1
test,2026-08-24,BMNR,2991.15850789,24.14,72206.56
test,2026-08-24,BSX,419.5070859,49.01,20560.04
test,2026-08-24,CASH,24127.43,1.0,24127.43
test,2026-08-24,CRCL,252.20679988,87.72,22123.58
test,2026-08-24,CSU.TO,29.08221003,2239.4898,65129.31
test,2026-08-24,DPZ,47.98234165,349.01,16746.32
test,2026-08-24,EL.PA,94.59392789,188.8577,17864.8
test,2026-08-24,IBE.MC,408.89037952,23.3941,9565.61
test,2026-08-24,ISRG,52.96984387,373.57,19787.94
test,2026-08-24,JPM,139.65613503,356.39,49772.05
test,2026-08-24,LLY,46.52547503,1246.9301,58014.01
test,2026-08-24,MELI,42.5339946,1947.9,82851.97
test,2026-08-24,META,90.89669221,559.02,50813.07
test,2026-08-24,MSFT,82.7095662,487.31,40305.2
test,2026-08-24,MSTR,207.97956539,122.63,25504.53
test,2026-08-24,NVDA,219.8144844,208.48,45826.92
test,2026-08-24,NVO,589.62262913,46.92,27665.09
test,2026-08-24,RACE,54.11841144,424.44,22970.02
test,2026-08-24,RMS.PA,8.02101809,1845.9473,14806.38
test,2026-08-24,STZ,144.96954934,137.6,19947.81
test,2026-08-24,ULTA,49.58595646,538.76,26714.93
test,2026-08-24,V,114.05434968,382.41,43615.52
test,2026-08-24,WM,136.54362152,226.46,30921.67
test,2026-08-24,ZM,231.77656493,104.83,24297.14
test,2026-08-25,0700.HK,495.83307745,56.3805,27955.32
test,2026-08-25,AMZN,259.94280433,261.06,67860.67
test,2026-08-25,BABA,272.88852163,119.44,32593.81
test,2026-08-25,BMNR,2991.15850789,24.82,74240.55
test,2026-08-25,BSX,419.5070859,49.86,20916.62
test,2026-08-25,CASH,24127.43,1.0,24127.43
test,2026-08-25,CRCL,252.20679988,92.02,23208.07
test,2026-08-25,CSU.TO,29.08221003,2217.7671,64497.57
test,2026-08-25,DPZ,47.98234165,349.91,16789.5
test,2026-08-25,EL.PA,94.59392789,185.5544,17552.32
test,2026-08-25,IBE.MC,408.89037952,23.4697,9596.55
test,2026-08-25,ISRG,52.96984387,371.84,19696.31
test,2026-08-25,JPM,139.65613503,356.69,49813.95
test,2026-08-25,LLY,46.52547503,1233.66,57396.62
test,2026-08-25,MELI,42.5339946,1997.0,84940.39
test,2026-08-25,META,90.89669221,570.05,51815.66
test,2026-08-25,MSFT,82.7095662,491.71,40669.12
test,2026-08-25,MSTR,207.97956539,126.83,26378.05
test,2026-08-25,NVDA,219.8144844,213.05,46831.48
test,2026-08-25,NVO,589.62262913,48.66,28691.04
test,2026-08-25,RACE,54.11841144,421.85,22829.85
test,2026-08-25,RMS.PA,8.02101809,1814.7371,14556.04
test,2026-08-25,STZ,144.96954934,135.01,19572.34
test,2026-08-25,ULTA,49.58595646,537.22,26638.57
test,2026-08-25,V,114.05434968,384.14,43812.84
test,2026-08-25,WM,136.54362152,222.13,30330.44
test,2026-08-25,ZM,231.77656493,100.92,23390.89
test,2026-08-26,0700.HK,495.83307745,56.8221,28174.27
test,2026-08-26,AMZN,259.94280433,260.28,67657.91
test,2026-08-26,BABA,272.88852163,119.83,32700.23
test,2026-08-26,BMNR,2991.15850789,24.91,74509.76
test,2026-08-26,BSX,419.5070859,48.17,20207.66
test,2026-08-26,CASH,24127.43,1.0,24127.43
test,2026-08-26,CRCL,252.20679988,89.91,22675.91
test,2026-08-26,CSU.TO,29.08221003,2216.6603,64465.38
test,2026-08-26,DPZ,47.98234165,344.56,16532.8
test,2026-08-26,EL.PA,94.59392789,185.4613,17543.52
test,2026-08-26,IBE.MC,408.89037952,23.4856,9603.02
test,2026-08-26,ISRG,52.96984387,370.42,19621.09
test,2026-08-26,JPM,139.65613503,356.5,49787.41
test,2026-08-26,LLY,46.52547503,1189.41,55337.87
test,2026-08-26,MELI,42.5339946,1950.4399,82960.0
test,2026-08-26,META,90.89669221,576.14,52369.22
test,2026-08-26,MSFT,82.7095662,496.37,41054.55
test,2026-08-26,MSTR,207.97956539,123.19,25621.0
test,2026-08-26,NVDA,219.8144844,209.66,46086.31
test,2026-08-26,NVO,589.62262913,47.19,27824.29
test,2026-08-26,RACE,54.11841144,412.83,22341.7
test,2026-08-26,RMS.PA,8.02101809,1802.7727,14460.07
test,2026-08-26,STZ,144.96954934,134.45,19491.16
test,2026-08-26,ULTA,49.58595646,543.19,26934.6
test,2026-08-26,V,114.05434968,383.9,43785.46
test,2026-08-26,WM,136.54362152,221.24,30208.91
test,2026-08-26,ZM,231.77656493,93.83,21747.6
test,2026-08-27,0700.HK,495.83307745,57.1239,28323.92
test,2026-08-27,AMZN,259.94280433,256.26,66612.95
test,2026-08-27,BABA,272.88852163,116.31,31739.66
test,2026-08-27,BMNR,2991.15850789,25.63,76663.39
test,2026-08-27,BSX,419.5070859,46.67,19578.39
test,2026-08-27,CASH,24127.43,1.0,24127.43
test,2026-08-27,CRCL,252.20679988,94.24,23767.97
test,2026-08-27,CSU.TO,29.08221003,2248.0722,65378.91
test,2026-08-27,DPZ,47.98234165,332.06,15933.02
test,2026-08-27,EL.PA,94.59392789,182.5029,17263.67
test,2026-08-27,IBE.MC,408.89037952,23.2445,9504.45
test,2026-08-27,ISRG,52.96984387,367.07,19443.64
test,2026-08-27,JPM,139.65613503,354.22,49469.0
test,2026-08-27,LLY,46.52547503,1176.1,54718.61
test,2026-08-27,MELI,42.5339946,1930.75,82122.51
test,2026-08-27,META,90.89669221,571.1,51911.1
test,2026-08-27,MSFT,82.7095662,505.06,41773.29
test,2026-08-27,MSTR,207.97956539,137.4,28576.39
test,2026-08-27,NVDA,219.8144844,227.98,50113.31
test,2026-08-27,NVO,589.62262913,46.26,27275.94
test,2026-08-27,RACE,54.11841144,414.04,22407.19
test,2026-08-27,RMS.PA,8.02101809,1811.1241,14527.06
test,2026-08-27,STZ,144.96954934,131.43,19053.35
test,2026-08-27,ULTA,49.58595646,540.1,26781.37
test,2026-08-27,V,114.05434968,379.66,43301.87
test,2026-08-27,WM,136.54362152,217.76,29733.74
test,2026-08-27,ZM,231.77656493,100.27,23240.24
test,2026-08-28,0700.HK,495.83307745,58.0714,28793.74
test,2026-08-28,AMZN,259.94280433,266.43,69256.56
test,2026-08-28,BABA,272.88852163,118.9,32446.45
test,2026-08-28,BMNR,2991.15850789,23.8,71189.57
test,2026-08-28,BSX,419.5070859,46.84,19649.71
test,2026-08-28,CASH,24127.43,1.0,24127.43
test,2026-08-28,CRCL,252.20679988,87.14,21977.3
test,2026-08-28,CSU.TO,29.08221003,2282.4944,66379.98
test,2026-08-28,DPZ,47.98234165,350.0,16793.82
test,2026-08-28,EL.PA,94.59392789,187.4419,17730.87
test,2026-08-28,IBE.MC,408.89037952,23.5595,9633.24
test,2026-08-28,ISRG,52.96984387,372.6,19736.56
test,2026-08-28,JPM,139.65613503,357.62,49943.83
test,2026-08-28,LLY,46.52547503,1174.61,54649.29
test,2026-08-28,MELI,42.5339946,1966.25,83632.47
test,2026-08-28,META,90.89669221,578.02,52540.11
test,2026-08-28,MSFT,82.7095662,513.53,42473.85
test,2026-08-28,MSTR,207.97956539,127.31,26477.88
test,2026-08-28,NVDA,219.8144844,217.55,47820.64
test,2026-08-28,NVO,589.62262913,45.61,26892.69
test,2026-08-28,RACE,54.11841144,420.54,22758.96
test,2026-08-28,RMS.PA,8.02101809,1856.4126,14890.32
test,2026-08-28,STZ,144.96954934,130.69,18946.07
test,2026-08-28,ULTA,49.58595646,517.5,25660.73
test,2026-08-28,V,114.05434968,381.6,43523.14
test,2026-08-28,WM,136.54362152,219.66,29993.17
test,2026-08-28,ZM,231.77656493,98.43,22813.77
test,2026-08-29,0700.HK,495.83307745,58.0727,28794.37
test,2026-08-29,AMZN,259.94280433,266.43,69256.56
test,2026-08-29,BABA,272.88852163,118.9,32446.45
test,2026-08-29,BMNR,2991.15850789,23.8,71189.57
test,2026-08-29,BSX,419.5070859,46.84,19649.71
test,2026-08-29,CASH,24127.43,1.0,24127.43
test,2026-08-29,CRCL,252.20679988,87.14,21977.3
test,2026-08-29,CSU.TO,29.08221003,2282.5602,66381.89
test,2026-08-29,DPZ,47.98234165,350.0,16793.82
test,2026-08-29,EL.PA,94.59392789,187.4419,17730.87
test,2026-08-29,IBE.MC,408.89037952,23.5595,9633.24
test,2026-08-29,ISRG,52.96984387,372.6,19736.56
test,2026-08-29,JPM,139.65613503,357.62,49943.83
test,2026-08-29,LLY,46.52547503,1174.61,54649.29
test,2026-08-29,MELI,42.5339946,1966.25,83632.47
test,2026-08-29,META,90.89669221,578.02,52540.11
test,2026-08-29,MSFT,82.7095662,513.53,42473.85
test,2026-08-29,MSTR,207.97956539,127.31,26477.88
test,2026-08-29,NVDA,219.8144844,217.55,47820.64
test,2026-08-29,NVO,589.62262913,45.61,26892.69
test,2026-08-29,RACE,54.11841144,420.54,22758.96
test,2026-08-29,RMS.PA,8.02101809,1856.4126,14890.32
test,2026-08-29,STZ,144.96954934,130.69,18946.07
test,2026-08-29,ULTA,49.58595646,517.5,25660.73
test,2026-08-29,V,114.05434968,381.6,43523.14
test,2026-08-29,WM,136.54362152,219.66,29993.17
test,2026-08-29,ZM,231.77656493,98.43,22813.77
test,2026-08-30,0700.HK,495.83307745,58.0712,28793.63
test,2026-08-30,AMZN,259.94280433,266.43,69256.56
test,2026-08-30,BABA,272.88852163,118.9,32446.45
test,2026-08-30,BMNR,2991.15850789,23.8,71189.57
test,2026-08-30,BSX,419.5070859,46.84,19649.71
test,2026-08-30,CASH,24127.43,1.0,24127.43
test,2026-08-30,CRCL,252.20679988,87.14,21977.3
test,2026-08-30,CSU.TO,29.08221003,2282.5438,66381.42
test,2026-08-30,DPZ,47.98234165,350.0,16793.82
test,2026-08-30,EL.PA,94.59392789,187.4419,17730.87
test,2026-08-30,IBE.MC,408.89037952,23.5595,9633.24
test,2026-08-30,ISRG,52.96984387,372.6,19736.56
test,2026-08-30,JPM,139.65613503,357.62,49943.83
test,2026-08-30,LLY,46.52547503,1174.61,54649.29
test,2026-08-30,MELI,42.5339946,1966.25,83632.47
test,2026-08-30,META,90.89669221,578.02,52540.11
test,2026-08-30,MSFT,82.7095662,513.53,42473.85
test,2026-08-30,MSTR,207.97956539,127.31,26477.88
test,2026-08-30,NVDA,219.8144844,217.55,47820.64
test,2026-08-30,NVO,589.62262913,45.61,26892.69
test,2026-08-30,RACE,54.11841144,420.54,22758.96
test,2026-08-30,RMS.PA,8.02101809,1856.4126,14890.32
test,2026-08-30,STZ,144.96954934,130.69,18946.07
test,2026-08-30,ULTA,49.58595646,517.5,25660.73
test,2026-08-30,V,114.05434968,381.6,43523.14
test,2026-08-30,WM,136.54362152,219.66,29993.17
test,2026-08-30,ZM,231.77656493,98.43,22813.77
test,2026-08-31,0700.HK,495.83307745,57.7825,28650.45
test,2026-08-31,AMZN,259.94280433,259.77,67525.34
test,2026-08-31,BABA,272.88852163,114.02,31114.75
test,2026-08-31,BMNR,2991.15850789,25.32,75736.13
test,2026-08-31,BSX,419.5070859,48.3,20262.19
test,2026-08-31,CASH,24127.43,1.0,24127.43
test,2026-08-31,CRCL,252.20679988,95.55,24098.36
test,2026-08-31,CSU.TO,29.08221003,2258.2181,65673.97
test,2026-08-31,DPZ,47.98234165,342.06,16412.84
test,2026-08-31,EL.PA,94.59392789,185.829,17578.3
test,2026-08-31,IBE.MC,408.89037952,23.2706,9515.14
test,2026-08-31,ISRG,52.96984387,376.86,19962.21
test,2026-08-31,JPM,139.65613503,356.02,49720.38
test,2026-08-31,LLY,46.52547503,1156.73,53817.41
test,2026-08-31,MELI,42.5339946,1936.2,82354.32
test,2026-08-31,META,90.89669221,572.34,52023.82
test,2026-08-31,MSFT,82.7095662,507.29,41957.74
test,2026-08-31,MSTR,207.97956539,132.94,27648.8
test,2026-08-31,NVDA,219.8144844,220.78,48530.64
test,2026-08-31,NVO,589.62262913,45.33,26727.59
test,2026-08-31,RACE,54.11841144,422.6,22870.44
test,2026-08-31,RMS.PA,8.02101809,1832.2149,14696.23
test,2026-08-31,STZ,144.96954934,130.62,18935.92
test,2026-08-31,ULTA,49.58595646,537.1,26632.62
test,2026-08-31,V,114.05434968,379.37,43268.8
test,2026-08-31,WM,136.54362152,218.92,29892.13
test,2026-08-31,ZM,231.77656493,96.68,22408.16
test,2026-09-01,0700.HK,495.83307745,56.3089,27919.82
test,2026-09-01,AMZN,259.94280433,254.92,66264.62
test,2026-09-01,BABA,272.88852163,112.85,30795.47
test,2026-09-01,BMNR,2991.15850789,23.37,69903.38
test,2026-09-01,BSX,419.5070859,48.08,20169.9
test,2026-09-01,CASH,24127.43,1.0,24127.43
test,2026-09-01,CRCL,252.20679988,89.48,22567.47
test,2026-09-01,CSU.TO,29.08221003,2202.0071,64039.23
test,2026-09-01,DPZ,47.98234165,340.37,16331.75
test,2026-09-01,EL.PA,94.59392789,185.3595,17533.88
test,2026-09-01,IBE.MC,408.89037952,23.1075,9448.43
test,2026-09-01,ISRG,52.96984387,369.25,19559.11
test,2026-09-01,JPM,139.65613503,354.95,49570.95
test,2026-09-01,LLY,46.52547503,1160.0,53969.55
test,2026-09-01,MELI,42.5339946,1963.49,83515.07
test,2026-09-01,META,90.89669221,578.54,52587.37
test,2026-09-01,MSFT,82.7095662,501.02,41439.15
test,2026-09-01,MSTR,207.97956539,124.88,25972.49
test,2026-09-01,NVDA,219.8144844,217.44,47796.46
test,2026-09-01,NVO,589.62262913,45.12,26603.77
test,2026-09-01,RACE,54.11841144,410.21,22199.91
test,2026-09-01,RMS.PA,8.02101809,1792.021,14373.83
test,2026-09-01,STZ,144.96954934,130.63,18937.37
test,2026-09-01,ULTA,49.58595646,545.66,27057.07
test,2026-09-01,V,114.05434968,372.67,42504.64
test,2026-09-01,WM,136.54362152,219.77,30008.19
test,2026-09-01,ZM,231.77656493,94.9,21995.6
test,2026-09-02,0700.HK,495.83307745,55.8879,27711.09
test,2026-09-02,AMZN,259.94280433,254.98,66280.22
test,2026-09-02,BABA,272.88852163,111.81,30511.66
test,2026-09-02,BMNR,2991.15850789,23.06,68976.11
test,2026-09-02,BSX,419.5070859,48.37,20291.56
test,2026-09-02,CASH,24127.43,1.0,24127.43
test,2026-09-02,CRCL,252.20679988,88.64,22355.61
test,2026-09-02,CSU.TO,29.08221003,2193.0964,63780.09
test,2026-09-02,DPZ,47.98234165,346.68,16634.52
test,2026-09-02,EL.PA,94.59392789,184.0213,17407.3
test,2026-09-02,IBE.MC,408.89037952,22.8026,9323.78
test,2026-09-02,ISRG,52.96984387,371.88,19698.43
test,2026-09-02,JPM,139.65613503,356.22,49748.31
test,2026-09-02,LLY,46.52547503,1160.08,53973.27
test,2026-09-02,MELI,42.5339946,2006.58,85347.86
test,2026-09-02,META,90.89669221,592.85,53888.1
test,2026-09-02,MSFT,82.7095662,496.82,41091.77
test,2026-09-02,MSTR,207.97956539,123.19,25621.0
test,2026-09-02,NVDA,219.8144844,224.41,49328.57
test,2026-09-02,NVO,589.62262913,46.77,27576.65
test,2026-09-02,RACE,54.11841144,413.23,22363.35
test,2026-09-02,RMS.PA,8.02101809,1776.4378,14248.84
test,2026-09-02,STZ,144.96954934,129.35,18751.81
test,2026-09-02,ULTA,49.58595646,551.74,27358.56
test,2026-09-02,V,114.05434968,378.4,43158.17
test,2026-09-02,WM,136.54362152,219.04,29908.51
test,2026-09-02,ZM,231.77656493,95.86,22218.1
test,2026-09-03,0700.HK,495.83307745,55.2183,27379.07
test,2026-09-03,AMZN,259.94280433,258.9,67299.19
test,2026-09-03,BABA,272.88852163,111.81,30511.66
test,2026-09-03,BMNR,2991.15850789,26.45,79116.14
test,2026-09-03,BSX,419.5070859,46.95,19695.86
test,2026-09-03,CASH,24127.43,1.0,24127.43
test,2026-09-03,CRCL,252.20679988,103.23,26035.31
test,2026-09-03,CSU.TO,29.08221003,2196.751,63886.37
test,2026-09-03,DPZ,47.98234165,347.03,16651.31
test,2026-09-03,EL.PA,94.59392789,177.1977,16761.83
test,2026-09-03,IBE.MC,408.89037952,22.881,9355.84
test,2026-09-03,ISRG,52.96984387,369.83,19589.84
test,2026-09-03,JPM,139.65613503,362.06,50563.9
test,2026-09-03,LLY,46.52547503,1159.6,53950.94
test,2026-09-03,MELI,42.5339946,1991.0601,84687.74
test,2026-09-03,META,90.89669221,610.68,55508.79
test,2026-09-03,MSFT,82.7095662,510.12,42191.8
test,2026-09-03,MSTR,207.97956539,144.82,30119.6
test,2026-09-03,NVDA,219.8144844,228.45,50216.62
test,2026-09-03,NVO,589.62262913,47.51,28012.97
test,2026-09-03,RACE,54.11841144,417.93,22617.71
test,2026-09-03,RMS.PA,8.02101809,1716.3677,13767.02
test,2026-09-03,STZ,144.96954934,129.09,18714.12
test,2026-09-03,ULTA,49.58595646,557.11,27624.83
test,2026-09-03,V,114.05434968,378.75,43198.08
test,2026-09-03,WM,136.54362152,221.72,30274.45
test,2026-09-03,ZM,231.77656493,98.14,22746.55
test,2026-09-04,0700.HK,495.83307745,56.4796,28004.45
test,2026-09-04,AMZN,259.94280433,258.51,67197.82
test,2026-09-04,BABA,272.88852163,113.24,30901.9
test,2026-09-04,BMNR,2991.15850789,24.97,74689.23
test,2026-09-04,BSX,419.5070859,47.8,20052.44
test,2026-09-04,CASH,24127.43,1.0,24127.43
test,2026-09-04,CRCL,252.20679988,102.05,25737.7
test,2026-09-04,CSU.TO,29.08221003,2192.9439,63775.65
test,2026-09-04,DPZ,47.98234165,341.08,16365.82
test,2026-09-04,EL.PA,94.59392789,174.1921,16477.52
test,2026-09-04,IBE.MC,408.89037952,23.1287,9457.11
test,2026-09-04,ISRG,52.96984387,366.7,19424.04
test,2026-09-04,JPM,139.65613503,358.64,50086.28
test,2026-09-04,LLY,46.52547503,1149.36,53474.52
test,2026-09-04,MELI,42.5339946,1978.36,84147.55
test,2026-09-04,META,90.89669221,616.77,56062.35
test,2026-09-04,MSFT,82.7095662,499.7,41329.97
test,2026-09-04,MSTR,207.97956539,142.8,29699.48
test,2026-09-04,NVDA,219.8144844,230.36,50636.46
test,2026-09-04,NVO,589.62262913,46.6,27476.41
test,2026-09-04,RACE,54.11841144,409.95,22185.84
test,2026-09-04,RMS.PA,8.02101809,1694.2452,13589.57
test,2026-09-04,STZ,144.96954934,128.18,18582.2
test,2026-09-04,ULTA,49.58595646,564.12,27972.43
test,2026-09-04,V,114.05434968,375.07,42778.37
test,2026-09-04,WM,136.54362152,218.99,29901.69
test,2026-09-04,ZM,231.77656493,101.33,23485.92
test,2026-09-05,0700.HK,495.83307745,56.4796,28004.45
test,2026-09-05,AMZN,259.94280433,258.51,67197.82
test,2026-09-05,BABA,272.88852163,113.24,30901.9
test,2026-09-05,BMNR,2991.15850789,24.97,74689.23
test,2026-09-05,BSX,419.5070859,47.8,20052.44
test,2026-09-05,CASH,24127.43,1.0,24127.43
test,2026-09-05,CRCL,252.20679988,102.05,25737.7
test,2026-09-05,CSU.TO,29.08221003,2192.9439,63775.65
test,2026-09-05,DPZ,47.98234165,341.08,16365.82
test,2026-09-05,EL.PA,94.59392789,174.1921,16477.52
test,2026-09-05,IBE.MC,408.89037952,23.1287,9457.11
test,2026-09-05,ISRG,52.96984387,366.7,19424.04
test,2026-09-05,JPM,139.65613503,358.64,50086.28
test,2026-09-05,LLY,46.52547503,1149.36,53474.52
test,2026-09-05,MELI,42.5339946,1978.36,84147.55
test,2026-09-05,META,90.89669221,616.77,56062.35
test,2026-09-05,MSFT,82.7095662,499.7,41329.97
test,2026-09-05,MSTR,207.97956539,142.8,29699.48
test,2026-09-05,NVDA,219.8144844,230.36,50636.46
test,2026-09-05,NVO,589.62262913,46.6,27476.41
test,2026-09-05,RACE,54.11841144,409.95,22185.84
test,2026-09-05,RMS.PA,8.02101809,1694.2452,13589.57
test,2026-09-05,STZ,144.96954934,128.18,18582.2
test,2026-09-05,ULTA,49.58595646,564.12,27972.43
test,2026-09-05,V,114.05434968,375.07,42778.37
test,2026-09-05,WM,136.54362152,218.99,29901.69
test,2026-09-05,ZM,231.77656493,101.33,23485.92
test,2026-09-06,0700.HK,495.83307745,56.4796,28004.45
test,2026-09-06,AMZN,259.94280433,258.51,67197.82
test,2026-09-06,BABA,272.88852163,113.24,30901.9
test,2026-09-06,BMNR,2991.15850789,24.97,74689.23
test,2026-09-06,BSX,419.5070859,47.8,20052.44
test,2026-09-06,CASH,24127.43,1.0,24127.43
test,2026-09-06,CRCL,252.20679988,102.05,25737.7
test,2026-09-06,CSU.TO,29.08221003,2192.9439,63775.65
test,2026-09-06,DPZ,47.98234165,341.08,16365.82
test,2026-09-06,EL.PA,94.59392789,174.1921,16477.52
test,2026-09-06,IBE.MC,408.89037952,23.1287,9457.11
test,2026-09-06,ISRG,52.96984387,366.7,19424.04
test,2026-09-06,JPM,139.65613503,358.64,50086.28
test,2026-09-06,LLY,46.52547503,1149.36,53474.52
test,2026-09-06,MELI,42.5339946,1978.36,84147.55
test,2026-09-06,META,90.89669221,616.77,56062.35
test,2026-09-06,MSFT,82.7095662,499.7,41329.97
test,2026-09-06,MSTR,207.97956539,142.8,29699.48
test,2026-09-06,NVDA,219.8144844,230.36,50636.46
test,2026-09-06,NVO,589.62262913,46.6,27476.41
test,2026-09-06,RACE,54.11841144,409.95,22185.84
test,2026-09-06,RMS.PA,8.02101809,1694.2452,13589.57
test,2026-09-06,STZ,144.96954934,128.18,18582.2
test,2026-09-06,ULTA,49.58595646,564.12,27972.43
test,2026-09-06,V,114.05434968,375.07,42778.37
test,2026-09-06,WM,136.54362152,218.99,29901.69
test,2026-09-06,ZM,231.77656493,101.33,23485.92
test,2026-09-07,0700.HK,495.83307745,55.9141,27724.05
test,2026-09-07,AMZN,259.94280433,258.51,67197.82
test,2026-09-07,BABA,272.88852163,113.24,30901.9
test,2026-09-07,BMNR,2991.15850789,24.97,74689.23
test,2026-09-07,BSX,419.5070859,47.8,20052.44
test,2026-09-07,CASH,24127.43,1.0,24127.43
test,2026-09-07,CRCL,252.20679988,102.05,25737.7
test,2026-09-07,CSU.TO,29.08221003,2185.9371,63571.88
test,2026-09-07,DPZ,47.98234165,341.08,16365.82
test,2026-09-07,EL.PA,94.59392789,172.5259,16319.91
test,2026-09-07,IBE.MC,408.89037952,23.0306,9416.97
test,2026-09-07,ISRG,52.96984387,366.7,19424.04
test,2026-09-07,JPM,139.65613503,358.64,50086.28
test,2026-09-07,LLY,46.52547503,1149.36,53474.52
test,2026-09-07,MELI,42.5339946,1978.36,84147.55
test,2026-09-07,META,90.89669221,616.77,56062.35
test,2026-09-07,MSFT,82.7095662,499.7,41329.97
test,2026-09-07,MSTR,207.97956539,142.8,29699.48
test,2026-09-07,NVDA,219.8144844,230.36,50636.46
test,2026-09-07,NVO,589.62262913,46.6,27476.41
test,2026-09-07,RACE,54.11841144,409.95,22185.84
test,2026-09-07,RMS.PA,8.02101809,1713.0646,13740.52
test,2026-09-07,STZ,144.96954934,128.18,18582.2
test,2026-09-07,ULTA,49.58595646,564.12,27972.43
test,2026-09-07,V,114.05434968,375.07,42778.37
test,2026-09-07,WM,136.54362152,218.99,29901.69
test,2026-09-07,ZM,231.77656493,101.33,23485.92
test,2026-09-08,0700.HK,495.83307745,55.5364,27536.79
test,2026-09-08,AMZN,259.94280433,256.97,66797.5
test,2026-09-08,BABA,272.88852163,112.66,30743.62
test,2026-09-08,BMNR,2991.15850789,24.77,74091.0
test,2026-09-08,BSX,419.5070859,44.98,18869.43
test,2026-09-08,CASH,24127.43,1.0,24127.43
test,2026-09-08,CRCL,252.20679988,96.18,24257.25
test,2026-09-08,CSU.TO,29.08221003,2067.2298,60119.61
test,2026-09-08,DPZ,47.98234165,335.41,16093.76
test,2026-09-08,EL.PA,94.59392789,173.9495,16454.56
test,2026-09-08,IBE.MC,408.89037952,23.1157,9451.8
test,2026-09-08,ISRG,52.96984387,350.16,18547.92
test,2026-09-08,JPM,139.65613503,353.51,49369.84
test,2026-09-08,LLY,46.52547503,1123.91,52290.45
test,2026-09-08,MELI,42.5339946,1926.25,81931.11
test,2026-09-08,META,90.89669221,613.48,55763.3
test,2026-09-08,MSFT,82.7095662,493.95,40854.39
test,2026-09-08,MSTR,207.97956539,136.52,28393.37
test,2026-09-08,NVDA,219.8144844,225.73,49618.72
test,2026-09-08,NVO,589.62262913,45.16,26627.36
test,2026-09-08,RACE,54.11841144,405.94,21968.83
test,2026-09-08,RMS.PA,8.02101809,1677.2867,13453.55
test,2026-09-08,STZ,144.96954934,120.98,17538.42
test,2026-09-08,ULTA,49.58595646,549.23,27234.09
test,2026-09-08,V,114.05434968,368.64,42045.0
test,2026-09-08,WM,136.54362152,217.78,29736.47
test,2026-09-08,ZM,231.77656493,96.44,22352.53
test,2026-09-09,0700.HK,495.83307745,55.3473,27443.0
test,2026-09-09,AMZN,259.94280433,252.4,65609.56
test,2026-09-09,BABA,272.88852163,109.4,29854.0
test,2026-09-09,BMNR,2991.15850789,24.21,72415.94
test,2026-09-09,BSX,419.5070859,44.96,18861.04
test,2026-09-09,CASH,24127.43,1.0,24127.43
test,2026-09-09,CRCL,252.20679988,92.99,23452.71
test,2026-09-09,CSU.TO,29.08221003,2033.7434,59145.75
test,2026-09-09,DPZ,47.98234165,321.46,15424.4
test,2026-09-09,EL.PA,94.59392789,173.2478,16388.19
test,2026-09-09,IBE.MC,408.89037952,23.1675,9472.98
test,2026-09-09,ISRG,52.96984387,353.24,18711.07
test,2026-09-09,JPM,139.65613503,354.71,49537.43
test,2026-09-09,LLY,46.52547503,1124.21,52304.4
test,2026-09-09,MELI,42.5339946,1876.33,79807.81
test,2026-09-09,META,90.89669221,653.69,59418.26
test,2026-09-09,MSFT,82.7095662,491.65,40664.16
test,2026-09-09,MSTR,207.97956539,132.7,27598.89
test,2026-09-09,NVDA,219.8144844,223.67,49165.91
test,2026-09-09,NVO,589.62262913,44.56,26273.59
test,2026-09-09,RACE,54.11841144,402.33,21773.46
test,2026-09-09,RMS.PA,8.02101809,1638.2959,13140.8
test,2026-09-09,STZ,144.96954934,121.55,17621.05
test,2026-09-09,ULTA,49.58595646,541.86,26868.65
test,2026-09-09,V,114.05434968,367.39,41902.43
test,2026-09-09,WM,136.54362152,216.44,29553.5
test,2026-09-09,ZM,231.77656493,96.18,22292.27
test,2026-09-10,0700.HK,495.83307745,54.2705,26909.1
test,2026-09-10,AMZN,259.94280433,251.89,65476.99
test,2026-09-10,BABA,272.88852163,108.56,29624.78
test,2026-09-10,BMNR,2991.15850789,24.2,72386.04
test,2026-09-10,BSX,419.5070859,43.1,18080.75
test,2026-09-10,CASH,24127.43,1.0,24127.43
test,2026-09-10,CRCL,252.20679988,90.32,22779.32
test,2026-09-10,CSU.TO,29.08221003,1998.7539,58128.18
test,2026-09-10,DPZ,47.98234165,317.3,15224.8
test,2026-09-10,EL.PA,94.59392789,169.6798,16050.68
test,2026-09-10,IBE.MC,408.89037952,23.291,9523.46
test,2026-09-10,ISRG,52.96984387,360.46,19093.51
test,2026-09-10,JPM,139.65613503,353.56,49376.82
test,2026-09-10,LLY,46.52547503,1123.0,52248.11
test,2026-09-10,MELI,42.5339946,1906.24,81080.0
test,2026-09-10,META,90.89669221,644.38,58572.01
test,2026-09-10,MSFT,82.7095662,492.44,40729.5
test,2026-09-10,MSTR,207.97956539,128.56,26737.85
test,2026-09-10,NVDA,219.8144844,218.36,47998.69
test,2026-09-10,NVO,589.62262913,44.01,25949.29
test,2026-09-10,RACE,54.11841144,408.64,22114.95
test,2026-09-10,RMS.PA,8.02101809,1639.2107,13148.14
test,2026-09-10,STZ,144.96954934,123.81,17948.68
test,2026-09-10,ULTA,49.58595646,535.63,26559.73
test,2026-09-10,V,114.05434968,367.21,41881.9
test,2026-09-10,WM,136.54362152,214.77,29325.47
test,2026-09-10,ZM,231.77656493,95.46,22125.39
test,2026-09-11,0700.HK,495.83307745,54.6346,27089.62
test,2026-09-11,AMZN,259.94280433,256.78,66748.11
test,2026-09-11,BABA,272.88852163,109.3,29826.72
test,2026-09-11,BMNR,2991.15850789,25.03,74868.7
test,2026-09-11,BSX,419.5070859,42.98,18030.41
test,2026-09-11,CASH,24127.43,1.0,24127.43
test,2026-09-11,CRCL,252.20679988,90.6,22849.94
test,2026-09-11,CSU.TO,29.08221003,2044.0033,59444.13
test,2026-09-11,DPZ,47.98234165,311.6,14951.3
test,2026-09-11,EL.PA,94.59392789,169.9697,16078.1
test,2026-09-11,IBE.MC,408.89037952,23.4057,9570.35
test,2026-09-11,ISRG,52.96984387,369.15,19553.82
test,2026-09-11,JPM,139.65613503,356.23,49749.71
test,2026-09-11,LLY,46.52547503,1115.7,51908.47
test,2026-09-11,MELI,42.5339946,1897.37,80702.73
test,2026-09-11,META,90.89669221,648.03,58903.79
test,2026-09-11,MSFT,82.7095662,495.63,40993.34
test,2026-09-11,MSTR,207.97956539,130.97,27239.08
test,2026-09-11,NVDA,219.8144844,218.29,47983.3
test,2026-09-11,NVO,589.62262913,43.07,25395.05
test,2026-09-11,RACE,54.11841144,413.78,22393.12
test,2026-09-11,RMS.PA,8.02101809,1624.8128,13032.65
test,2026-09-11,STZ,144.96954934,122.45,17751.52
test,2026-09-11,ULTA,49.58595646,546.78,27112.61
test,2026-09-11,V,114.05434968,370.45,42251.44
test,2026-09-11,WM,136.54362152,213.46,29146.6
test,2026-09-11,ZM,231.77656493,95.57,22150.89
test,2026-09-12,0700.HK,495.83307745,54.6346,27089.62
test,2026-09-12,AMZN,259.94280433,256.78,66748.11
test,2026-09-12,BABA,272.88852163,109.3,29826.72
test,2026-09-12,BMNR,2991.15850789,25.03,74868.7
test,2026-09-12,BSX,419.5070859,42.98,18030.41
test,2026-09-12,CASH,24127.43,1.0,24127.43
test,2026-09-12,CRCL,252.20679988,90.6,22849.94
test,2026-09-12,CSU.TO,29.08221003,2044.0033,59444.13
test,2026-09-12,DPZ,47.98234165,311.6,14951.3
test,2026-09-12,EL.PA,94.59392789,169.9697,16078.1
test,2026-09-12,IBE.MC,408.89037952,23.4057,9570.35
test,2026-09-12,ISRG,52.96984387,369.15,19553.82
test,2026-09-12,JPM,139.65613503,356.23,49749.71
test,2026-09-12,LLY,46.52547503,1115.7,51908.47
test,2026-09-12,MELI,42.5339946,1897.37,80702.73
test,2026-09-12,META,90.89669221,648.03,58903.79
test,2026-09-12,MSFT,82.7095662,495.63,40993.34
test,2026-09-12,MSTR,207.97956539,130.97,27239.08
test,2026-09-12,NVDA,219.8144844,218.29,47983.3
test,2026-09-12,NVO,589.62262913,43.07,25395.05
test,2026-09-12,RACE,54.11841144,413.78,22393.12
test,2026-09-12,RMS.PA,8.02101809,1624.8128,13032.65
test,2026-09-12,STZ,144.96954934,122.45,17751.52
test,2026-09-12,ULTA,49.58595646,546.78,27112.61
test,2026-09-12,V,114.05434968,370.45,42251.44
test,2026-09-12,WM,136.54362152,213.46,29146.6
test,2026-09-12,ZM,231.77656493,95.57,22150.89
test,2026-09-13,0700.HK,495.83307745,54.6346,27089.62
test,2026-09-13,AMZN,259.94280433,256.78,66748.11
test,2026-09-13,BABA,272.88852163,109.3,29826.72
test,2026-09-13,BMNR,2991.15850789,25.03,74868.7
test,2026-09-13,BSX,419.5070859,42.98,18030.41
test,2026-09-13,CASH,24127.43,1.0,24127.43
test,2026-09-13,CRCL,252.20679988,90.6,22849.94
test,2026-09-13,CSU.TO,29.08221003,2044.0033,59444.13
test,2026-09-13,DPZ,47.98234165,311.6,14951.3
test,2026-09-13,EL.PA,94.59392789,169.9697,16078.1
test,2026-09-13,IBE.MC,408.89037952,23.4057,9570.35
test,2026-09-13,ISRG,52.96984387,369.15,19553.82
test,2026-09-13,JPM,139.65613503,356.23,49749.71
test,2026-09-13,LLY,46.52547503,1115.7,51908.47
test,2026-09-13,MELI,42.5339946,1897.37,80702.73
test,2026-09-13,META,90.89669221,648.03,58903.79
test,2026-09-13,MSFT,82.7095662,495.63,40993.34
test,2026-09-13,MSTR,207.97956539,130.97,27239.08
test,2026-09-13,NVDA,219.8144844,218.29,47983.3
test,2026-09-13,NVO,589.62262913,43.07,25395.05
test,2026-09-13,RACE,54.11841144,413.78,22393.12
test,2026-09-13,RMS.PA,8.02101809,1624.8128,13032.65
test,2026-09-13,STZ,144.96954934,122.45,17751.52
test,2026-09-13,ULTA,49.58595646,546.78,27112.61
test,2026-09-13,V,114.05434968,370.45,42251.44
test,2026-09-13,WM,136.54362152,213.46,29146.6
test,2026-09-13,ZM,231.77656493,95.57,22150.89
test,2026-09-14,0700.HK,495.83307745,54.9094,27225.89
test,2026-09-14,AMZN,259.94280433,253.54,65905.9
test,2026-09-14,BABA,272.88852163,109.23,29807.61
test,2026-09-14,BMNR,2991.15850789,25.76,77052.24
test,2026-09-14,BSX,419.5070859,45.05,18898.79
test,2026-09-14,CASH,24127.43,1.0,24127.43
test,2026-09-14,CRCL,252.20679988,97.42,24569.99
test,2026-09-14,CSU.TO,29.08221003,2134.4704,62075.12
test,2026-09-14,DPZ,47.98234165,323.77,15535.24
test,2026-09-14,EL.PA,94.59392789,171.2424,16198.49
test,2026-09-14,IBE.MC,408.89037952,22.8574,9346.19
test,2026-09-14,ISRG,52.96984387,377.94,20019.42
test,2026-09-14,JPM,139.65613503,350.13,48897.8
test,2026-09-14,LLY,46.52547503,1138.28,52959.02
test,2026-09-14,MELI,42.5339946,1900.24,80824.8
test,2026-09-14,META,90.89669221,665.6,60500.84
test,2026-09-14,MSFT,82.7095662,505.41,41802.24
test,2026-09-14,MSTR,207.97956539,136.94,28480.72
test,2026-09-14,NVDA,219.8144844,210.96,46372.07
test,2026-09-14,NVO,589.62262913,43.45,25619.1
test,2026-09-14,RACE,54.11841144,409.08,22138.76
test,2026-09-14,RMS.PA,8.02101809,1639.3823,13149.52
test,2026-09-14,STZ,144.96954934,125.0,18121.19
test,2026-09-14,ULTA,49.58595646,548.65,27205.34
test,2026-09-14,V,114.05434968,375.28,42802.32
test,2026-09-14,WM,136.54362152,218.09,29778.8
test,2026-09-14,ZM,231.77656493,95.36,22102.21
test,2026-09-15,0700.HK,495.83307745,55.9473,27740.5
test,2026-09-15,AMZN,259.94280433,248.42,64574.99
test,2026-09-15,BABA,272.88852163,109.34,29837.63
test,2026-09-15,BMNR,2991.15850789,23.6,70591.34
test,2026-09-15,BSX,419.5070859,43.87,18403.78
test,2026-09-15,CASH,24127.43,1.0,24127.43
test,2026-09-15,CRCL,252.20679988,86.3,21765.45
test,2026-09-15,CSU.TO,29.08221003,2064.98,60054.18
test,2026-09-15,DPZ,47.98234165,310.82,14913.87
test,2026-09-15,EL.PA,94.59392789,166.761,15774.58
test,2026-09-15,IBE.MC,408.89037952,23.1433,9463.07
test,2026-09-15,ISRG,52.96984387,377.16,19978.11
test,2026-09-15,JPM,139.65613503,352.49,49227.39
test,2026-09-15,LLY,46.52547503,1136.11,52858.06
test,2026-09-15,MELI,42.5339946,1828.9399,77792.12
test,2026-09-15,META,90.89669221,670.24,60922.6
test,2026-09-15,MSFT,82.7095662,497.12,41116.58
test,2026-09-15,MSTR,207.97956539,129.6,26954.15
test,2026-09-15,NVDA,219.8144844,212.17,46638.04
test,2026-09-15,NVO,589.62262913,42.53,25076.65
test,2026-09-15,RACE,54.11841144,406.92,22021.86
test,2026-09-15,RMS.PA,8.02101809,1587.9248,12736.77
test,2026-09-15,STZ,144.96954934,123.62,17921.14
test,2026-09-15,ULTA,49.58595646,544.32,26990.63
test,2026-09-15,V,114.05434968,375.62,42841.09
test,2026-09-15,WM,136.54362152,217.25,29664.1
test,2026-09-15,ZM,231.77656493,93.07,21571.44
test,2026-09-16,0700.HK,495.83307745,55.2489,27394.23
test,2026-09-16,AMZN,259.94280433,245.96,63935.53
test,2026-09-16,BABA,272.88852163,107.27,29272.75
test,2026-09-16,BMNR,2991.15850789,22.81,68228.32
test,2026-09-16,BSX,419.5070859,43.91,18420.56
test,2026-09-16,CASH,24127.43,1.0,24127.43
test,2026-09-16,CRCL,252.20679988,80.45,20290.04
test,2026-09-16,CSU.TO,29.08221003,2037.0798,59242.78
test,2026-09-16,DPZ,47.98234165,301.3,14457.08
test,2026-09-16,EL.PA,94.59392789,167.4109,15836.05
test,2026-09-16,IBE.MC,408.89037952,23.3521,9548.47
test,2026-09-16,ISRG,52.96984387,382.29,20249.84
test,2026-09-16,JPM,139.65613503,348.92,48728.82
test,2026-09-16,LLY,46.52547503,1137.8199,52937.61
test,2026-09-16,MELI,42.5339946,1839.71,78250.21
test,2026-09-16,META,90.89669221,673.31,61201.65
test,2026-09-16,MSFT,82.7095662,490.3,40552.5
test,2026-09-16,MSTR,207.97956539,126.18,26242.86
test,2026-09-16,NVDA,219.8144844,213.9,47018.32
test,2026-09-16,NVO,589.62262913,41.71,24593.16
test,2026-09-16,RACE,54.11841144,412.34,22315.19
test,2026-09-16,RMS.PA,8.02101809,1595.6527,12798.76
test,2026-09-16,STZ,144.96954934,123.03,17835.6
test,2026-09-16,ULTA,49.58595646,530.52,26306.34
test,2026-09-16,V,114.05434968,370.93,42306.18
test,2026-09-16,WM,136.54362152,214.0,29220.34
test,2026-09-16,ZM,231.77656493,91.94,21309.54
test,2026-09-17,0700.HK,495.83307745,54.3085,26927.94
test,2026-09-17,AMZN,259.94280433,251.19,65295.03
test,2026-09-17,BABA,272.88852163,108.54,29619.32
test,2026-09-17,BMNR,2991.15850789,23.89,71458.77
test,2026-09-17,BSX,419.5070859,43.55,18269.53
test,2026-09-17,CASH,24127.43,1.0,24127.43
test,2026-09-17,CRCL,252.20679988,85.09,21460.28
test,2026-09-17,CSU.TO,29.08221003,2023.0621,58835.12
test,2026-09-17,DPZ,47.98234165,297.65,14281.94
test,2026-09-17,EL.PA,94.59392789,166.4277,15743.05
test,2026-09-17,IBE.MC,408.89037952,23.215,9492.39
test,2026-09-17,ISRG,52.96984387,383.54,20316.05
test,2026-09-17,JPM,139.65613503,349.31,48783.28
test,2026-09-17,LLY,46.52547503,1152.4399,53617.82
test,2026-09-17,MELI,42.5339946,1825.21,77633.47
test,2026-09-17,META,90.89669221,682.31,62019.72
test,2026-09-17,MSFT,82.7095662,497.75,41168.69
test,2026-09-17,MSTR,207.97956539,132.25,27505.3
test,2026-09-17,NVDA,219.8144844,219.34,48214.11
test,2026-09-17,NVO,589.62262913,43.19,25465.8
test,2026-09-17,RACE,54.11841144,414.0,22405.02
test,2026-09-17,RMS.PA,8.02101809,1586.282,12723.6
test,2026-09-17,STZ,144.96954934,122.45,17751.52
test,2026-09-17,ULTA,49.58595646,543.73,26961.37
test,2026-09-17,V,114.05434968,369.93,42192.12
test,2026-09-17,WM,136.54362152,213.33,29128.85
test,2026-09-17,ZM,231.77656493,92.16,21360.53
test,2026-09-18,0700.HK,495.83307745,53.4037,26479.31
test,2026-09-18,AMZN,259.94280433,253.71,65950.09
test,2026-09-18,BABA,272.88852163,113.24,30901.9
test,2026-09-18,BMNR,2991.15850789,25.99,77740.21
test,2026-09-18,BSX,419.5070859,43.34,18181.44
test,2026-09-18,CASH,24127.43,1.0,24127.43
test,2026-09-18,CRCL,252.20679988,91.78,23147.54
test,2026-09-18,CSU.TO,29.08221003,2032.1867,59100.48
test,2026-09-18,DPZ,47.98234165,294.2,14116.41
test,2026-09-18,EL.PA,94.59392789,159.715,15108.07
test,2026-09-18,IBE.MC,408.89037952,23.3138,9532.79
test,2026-09-18,ISRG,52.96984387,393.33,20834.63
test,2026-09-18,JPM,139.65613503,349.67,48833.56
test,2026-09-18,LLY,46.52547503,1152.9301,53640.62
test,2026-09-18,MELI,42.5339946,1787.39,76024.84
test,2026-09-18,META,90.89669221,665.75,60514.47
test,2026-09-18,MSFT,82.7095662,493.78,40840.33
test,2026-09-18,MSTR,207.97956539,153.92,32012.21
test,2026-09-18,NVDA,219.8144844,222.27,48858.17
test,2026-09-18,NVO,589.62262913,43.24,25495.28
test,2026-09-18,RACE,54.11841144,406.69,22009.42
test,2026-09-18,RMS.PA,8.02101809,1529.9323,12271.61
test,2026-09-18,STZ,144.96954934,118.97,17247.03
test,2026-09-18,ULTA,49.58595646,540.98,26825.01
test,2026-09-18,V,114.05434968,368.29,42005.08
test,2026-09-18,WM,136.54362152,211.1,28824.36
test,2026-09-18,ZM,231.77656493,88.77,20574.8
test,2026-09-19,0700.HK,495.83307745,53.4037,26479.31
test,2026-09-19,AMZN,259.94280433,253.71,65950.09
test,2026-09-19,BABA,272.88852163,113.24,30901.9
test,2026-09-19,BMNR,2991.15850789,25.99,77740.21
test,2026-09-19,BSX,419.5070859,43.34,18181.44
test,2026-09-19,CASH,24127.43,1.0,24127.43
test,2026-09-19,CRCL,252.20679988,91.78,23147.54
test,2026-09-19,CSU.TO,29.08221003,2032.1867,59100.48
test,2026-09-19,DPZ,47.98234165,294.2,14116.41
test,2026-09-19,EL.PA,94.59392789,159.715,15108.07
test,2026-09-19,IBE.MC,408.89037952,23.3138,9532.79
test,2026-09-19,ISRG,52.96984387,393.33,20834.63
test,2026-09-19,JPM,139.65613503,349.67,48833.56
test,2026-09-19,LLY,46.52547503,1152.9301,53640.62
test,2026-09-19,MELI,42.5339946,1787.39,76024.84
test,2026-09-19,META,90.89669221,665.75,60514.47
test,2026-09-19,MSFT,82.7095662,493.78,40840.33
test,2026-09-19,MSTR,207.97956539,153.92,32012.21
test,2026-09-19,NVDA,219.8144844,222.27,48858.17
test,2026-09-19,NVO,589.62262913,43.24,25495.28
test,2026-09-19,RACE,54.11841144,406.69,22009.42
test,2026-09-19,RMS.PA,8.02101809,1529.9323,12271.61
test,2026-09-19,STZ,144.96954934,118.97,17247.03
test,2026-09-19,ULTA,49.58595646,540.98,26825.01
test,2026-09-19,V,114.05434968,368.29,42005.08
test,2026-09-19,WM,136.54362152,211.1,28824.36
test,2026-09-19,ZM,231.77656493,88.77,20574.8
test,2026-09-20,0700.HK,495.83307745,53.4037,26479.31
test,2026-09-20,AMZN,259.94280433,253.71,65950.09
test,2026-09-20,BABA,272.88852163,113.24,30901.9
test,2026-09-20,BMNR,2991.15850789,25.99,77740.21
test,2026-09-20,BSX,419.5070859,43.34,18181.44
test,2026-09-20,CASH,24127.43,1.0,24127.43
test,2026-09-20,CRCL,252.20679988,91.78,23147.54
test,2026-09-20,CSU.TO,29.08221003,2032.1867,59100.48
test,2026-09-20,DPZ,47.98234165,294.2,14116.41
test,2026-09-20,EL.PA,94.59392789,159.5171,15089.35
test,2026-09-20,IBE.MC,408.89037952,23.2849,9520.97
test,2026-09-20,ISRG,52.96984387,393.33,20834.63
test,2026-09-20,JPM,139.65613503,349.67,48833.56
test,2026-09-20,LLY,46.52547503,1152.9301,53640.62
test,2026-09-20,MELI,42.5339946,1787.39,76024.84
test,2026-09-20,META,90.89669221,665.75,60514.47
test,2026-09-20,MSFT,82.7095662,493.78,40840.33
test,2026-09-20,MSTR,207.97956539,153.92,32012.21
test,2026-09-20,NVDA,219.8144844,222.27,48858.17
test,2026-09-20,NVO,589.62262913,43.24,25495.28
test,2026-09-20,RACE,54.11841144,406.69,22009.42
test,2026-09-20,RMS.PA,8.02101809,1528.036,12256.4
test,2026-09-20,STZ,144.96954934,118.97,17247.03
test,2026-09-20,ULTA,49.58595646,540.98,26825.01
test,2026-09-20,V,114.05434968,368.29,42005.08
test,2026-09-20,WM,136.54362152,211.1,28824.36
test,2026-09-20,ZM,231.77656493,88.77,20574.8
test,2026-09-21,0700.HK,495.83307745,54.8139,27178.53
test,2026-09-21,AMZN,259.94280433,258.45,67182.22
test,2026-09-21,BABA,272.88852163,115.75,31586.85
test,2026-09-21,BMNR,2991.15850789,28.25,84500.23
test,2026-09-21,BSX,419.5070859,43.72,18340.85
test,2026-09-21,CASH,24127.43,1.0,24127.43
test,2026-09-21,CRCL,252.20679988,94.49,23831.02
test,2026-09-21,CSU.TO,29.08221003,1991.5321,57918.15
test,2026-09-21,DPZ,47.98234165,295.94,14199.89
test,2026-09-21,EL.PA,94.59392789,162.1513,15338.53
test,2026-09-21,IBE.MC,408.89037952,23.3039,9528.73
test,2026-09-21,ISRG,52.96984387,401.65,21275.34
test,2026-09-21,JPM,139.65613503,352.04,49164.55
test,2026-09-21,LLY,46.52547503,1164.89,54197.06
test,2026-09-21,MELI,42.5339946,1820.47,77431.86
test,2026-09-21,META,90.89669221,741.25,67377.17
test,2026-09-21,MSFT,82.7095662,501.61,41487.94
test,2026-09-21,MSTR,207.97956539,168.5,35044.56
test,2026-09-21,NVDA,219.8144844,227.38,49981.42
test,2026-09-21,NVO,589.62262913,39.8,23466.98
test,2026-09-21,RACE,54.11841144,416.13,22520.29
test,2026-09-21,RMS.PA,8.02101809,1542.8768,12375.44
test,2026-09-21,STZ,144.96954934,118.39,17162.94
test,2026-09-21,ULTA,49.58595646,557.86,27662.02
test,2026-09-21,V,114.05434968,369.95,42194.41
test,2026-09-21,WM,136.54362152,207.04,28269.99
test,2026-09-21,ZM,231.77656493,90.9,21068.49
test,2026-09-22,0700.HK,495.83307745,57.5665,28543.38
test,2026-09-22,AMZN,259.94280433,254.98,66280.22
test,2026-09-22,BABA,272.88852163,116.31,31739.66
test,2026-09-22,BMNR,2991.15850789,28.76,86025.72
test,2026-09-22,BSX,419.5070859,43.72,18340.85
test,2026-09-22,CASH,24127.43,1.0,24127.43
test,2026-09-22,CRCL,252.20679988,94.59,23856.24
test,2026-09-22,CSU.TO,29.08221003,1986.0398,57758.43
test,2026-09-22,DPZ,47.98234165,295.94,14199.89
test,2026-09-22,EL.PA,94.59392789,165.6635,15670.76
test,2026-09-22,IBE.MC,408.89037952,23.3534,9548.98
test,2026-09-22,ISRG,52.96984387,401.65,21275.34
test,2026-09-22,JPM,139.65613503,340.0,47483.09
test,2026-09-22,LLY,46.52547503,1164.89,54197.06
test,2026-09-22,MELI,42.5339946,1820.47,77431.86
test,2026-09-22,META,90.89669221,736.6,66954.5
test,2026-09-22,MSFT,82.7095662,498.0,41189.36
test,2026-09-22,MSTR,207.97956539,167.33,34801.22
test,2026-09-22,NVDA,219.8144844,228.87,50308.94
test,2026-09-22,NVO,589.62262913,39.4,23231.13
test,2026-09-22,RACE,54.11841144,416.13,22520.29
test,2026-09-22,RMS.PA,8.02101809,1553.4537,12460.28
test,2026-09-22,STZ,144.96954934,118.39,17162.94
test,2026-09-22,ULTA,49.58595646,557.86,27662.02
test,2026-09-22,V,114.05434968,369.95,42194.41
test,2026-09-22,WM,136.54362152,207.04,28269.99
test,2026-09-22,ZM,231.77656493,90.9,21068.49
test,2026-09-23,0700.HK,495.83307745,56.2313,27881.36
test,2026-09-23,AMZN,259.94280433,249.27,64795.94
test,2026-09-23,BABA,272.88852163,110.8,30236.05
test,2026-09-23,BMNR,2991.15850789,27.46,82137.21
test,2026-09-23,BSX,419.5070859,44.62,18718.41
test,2026-09-23,CASH,24127.43,1.0,24127.43
test,2026-09-23,CRCL,252.20679988,91.72,23132.41
test,2026-09-23,CSU.TO,29.08221003,1980.2215,57589.22
test,2026-09-23,DPZ,47.98234165,296.43,14223.41
test,2026-09-23,EL.PA,94.59392789,171.6618,16238.16
test,2026-09-23,IBE.MC,408.89037952,23.0332,9418.07
test,2026-09-23,ISRG,52.96984387,398.3,21097.89
test,2026-09-23,JPM,139.65613503,337.53,47138.14
test,2026-09-23,LLY,46.52547503,1150.99,53550.36
test,2026-09-23,MELI,42.5339946,1799.24,76528.86
test,2026-09-23,META,90.89669221,744.1,67636.23
test,2026-09-23,MSFT,82.7095662,500.59,41403.58
test,2026-09-23,MSTR,207.97956539,162.2,33734.28
test,2026-09-23,NVDA,219.8144844,225.51,49570.36
test,2026-09-23,NVO,589.62262913,38.17,22505.89
test,2026-09-23,RACE,54.11841144,413.05,22353.61
test,2026-09-23,RMS.PA,8.02101809,1544.8988,12391.66
test,2026-09-23,STZ,144.96954934,116.57,16899.1
test,2026-09-23,ULTA,49.58595646,543.81,26965.34
test,2026-09-23,V,114.05434968,361.52,41232.93
test,2026-09-23,WM,136.54362152,207.88,28384.69
test,2026-09-23,ZM,231.77656493,91.9,21300.27
test,2026-09-24,0700.HK,495.83307745,55.9007,27717.41
test,2026-09-24,AMZN,259.94280433,249.38,64824.54
test,2026-09-24,BABA,272.88852163,110.63,30189.66
test,2026-09-24,BMNR,2991.15850789,28.03,83842.18
test,2026-09-24,BSX,419.5070859,44.68,18743.58
test,2026-09-24,CASH,24127.43,1.0,24127.43
test,2026-09-24,CRCL,252.20679988,93.0,23455.23
test,2026-09-24,CSU.TO,29.08221003,2017.8379,58683.19
test,2026-09-24,DPZ,47.98234165,293.03,14060.27
test,2026-09-24,EL.PA,94.59392789,164.6957,15579.21
test,2026-09-24,IBE.MC,408.89037952,23.0483,9424.23
test,2026-09-24,ISRG,52.96984387,399.52,21162.51
test,2026-09-24,JPM,139.65613503,338.56,47281.98
test,2026-09-24,LLY,46.52547503,1181.89,54987.99
test,2026-09-24,MELI,42.5339946,1754.13,74610.16
test,2026-09-24,META,90.89669221,777.59,70680.36
test,2026-09-24,MSFT,82.7095662,497.93,41183.57
test,2026-09-24,MSTR,207.97956539,161.61,33611.58
test,2026-09-24,NVDA,219.8144844,224.58,49365.94
test,2026-09-24,NVO,589.62262913,38.62,22771.23
test,2026-09-24,RACE,54.11841144,411.82,22287.04
test,2026-09-24,RMS.PA,8.02101809,1541.6747,12365.8
test,2026-09-24,STZ,144.96954934,114.21,16556.97
test,2026-09-24,ULTA,49.58595646,548.78,27211.78
test,2026-09-24,V,114.05434968,367.98,41969.72
test,2026-09-24,WM,136.54362152,207.96,28395.61
test,2026-09-24,ZM,231.77656493,90.35,20941.01
test,2026-09-25,0700.HK,495.83307745,55.6696,27602.83
test,2026-09-25,AMZN,259.94280433,249.67,64899.92
test,2026-09-25,BABA,272.88852163,109.74,29946.79
test,2026-09-25,BMNR,2991.15850789,27.56,82436.33
test,2026-09-25,BSX,419.5070859,43.92,18424.75
test,2026-09-25,CASH,24127.43,1.0,24127.43
test,2026-09-25,CRCL,252.20679988,89.0,22446.41
test,2026-09-25,CSU.TO,29.08221003,2030.9486,59064.47
test,2026-09-25,DPZ,47.98234165,292.14,14017.56
test,2026-09-25,EL.PA,94.59392789,163.6827,15483.39
test,2026-09-25,IBE.MC,408.89037952,23.1249,9455.54
test,2026-09-25,ISRG,52.96984387,405.18,21462.32
test,2026-09-25,JPM,139.65613503,343.06,47910.43
test,2026-09-25,LLY,46.52547503,1183.46,55061.04
test,2026-09-25,MELI,42.5339946,1752.61,74545.5
test,2026-09-25,META,90.89669221,751.66,68323.41
test,2026-09-25,MSFT,82.7095662,516.17,42692.2
test,2026-09-25,MSTR,207.97956539,158.61,32987.64
test,2026-09-25,NVDA,219.8144844,225.07,49473.65
test,2026-09-25,NVO,589.62262913,38.8,22877.36
test,2026-09-25,RACE,54.11841144,411.33,22260.53
test,2026-09-25,RMS.PA,8.02101809,1532.7479,12294.2
test,2026-09-25,STZ,144.96954934,113.63,16472.89
test,2026-09-25,ULTA,49.58595646,545.2,27034.26
test,2026-09-25,V,114.05434968,367.38,41901.29
test,2026-09-25,WM,136.54362152,206.83,28241.32
test,2026-09-25,ZM,231.77656493,89.71,20792.68
test,2026-09-26,0700.HK,495.83307745,55.6696,27602.83
test,2026-09-26,AMZN,259.94280433,249.67,64899.92
test,2026-09-26,BABA,272.88852163,109.74,29946.79
test,2026-09-26,BMNR,2991.15850789,27.56,82436.33
test,2026-09-26,BSX,419.5070859,43.92,18424.75
test,2026-09-26,CASH,24127.43,1.0,24127.43
test,2026-09-26,CRCL,252.20679988,89.0,22446.41
test,2026-09-26,CSU.TO,29.08221003,2030.9486,59064.47
test,2026-09-26,DPZ,47.98234165,292.14,14017.56
test,2026-09-26,EL.PA,94.59392789,164.0634,15519.4
test,2026-09-26,IBE.MC,408.89037952,23.1787,9477.53
test,2026-09-26,ISRG,52.96984387,405.18,21462.32
test,2026-09-26,JPM,139.65613503,343.06,47910.43
test,2026-09-26,LLY,46.52547503,1183.46,55061.04
test,2026-09-26,MELI,42.5339946,1752.61,74545.5
test,2026-09-26,META,90.89669221,751.66,68323.41
test,2026-09-26,MSFT,82.7095662,516.17,42692.2
test,2026-09-26,MSTR,207.97956539,158.61,32987.64
test,2026-09-26,NVDA,219.8144844,225.07,49473.65
test,2026-09-26,NVO,589.62262913,38.8,22877.36
test,2026-09-26,RACE,54.11841144,411.33,22260.53
test,2026-09-26,RMS.PA,8.02101809,1536.3129,12322.79
test,2026-09-26,STZ,144.96954934,113.63,16472.89
test,2026-09-26,ULTA,49.58595646,545.2,27034.26
test,2026-09-26,V,114.05434968,367.38,41901.29
test,2026-09-26,WM,136.54362152,206.83,28241.32
test,2026-09-26,ZM,231.77656493,89.71,20792.68
test,2026-09-27,0700.HK,495.83307745,55.6696,27602.83
test,2026-09-27,AMZN,259.94280433,249.67,64899.92
test,2026-09-27,BABA,272.88852163,109.74,29946.79
test,2026-09-27,BMNR,2991.15850789,27.56,82436.33
test,2026-09-27,BSX,419.5070859,43.92,18424.75
test,2026-09-27,CASH,24127.43,1.0,24127.43
test,2026-09-27,CRCL,252.20679988,89.0,22446.41
test,2026-09-27,CSU.TO,29.08221003,2030.9486,59064.47
test,2026-09-27,DPZ,47.98234165,292.14,14017.56
test,2026-09-27,EL.PA,94.59392789,163.6827,15483.39
test,2026-09-27,IBE.MC,408.89037952,23.1249,9455.54
test,2026-09-27,ISRG,52.96984387,405.18,21462.32
test,2026-09-27,JPM,139.65613503,343.06,47910.43
test,2026-09-27,LLY,46.52547503,1183.46,55061.04
test,2026-09-27,MELI,42.5339946,1752.61,74545.5
test,2026-09-27,META,90.89669221,751.66,68323.41
test,2026-09-27,MSFT,82.7095662,516.17,42692.2
test,2026-09-27,MSTR,207.97956539,158.61,32987.64
test,2026-09-27,NVDA,219.8144844,225.07,49473.65
test,2026-09-27,NVO,589.62262913,38.8,22877.36
test,2026-09-27,RACE,54.11841144,411.33,22260.53
test,2026-09-27,RMS.PA,8.02101809,1532.7479,12294.2
test,2026-09-27,STZ,144.96954934,113.63,16472.89
test,2026-09-27,ULTA,49.58595646,545.2,27034.26
test,2026-09-27,V,114.05434968,367.38,41901.29
test,2026-09-27,WM,136.54362152,206.83,28241.32
test,2026-09-27,ZM,231.77656493,89.71,20792.68
test,2026-09-28,0700.HK,495.83307745,56.0676,27800.18
test,2026-09-28,AMZN,259.94280433,246.15,63984.92
test,2026-09-28,BABA,272.88852163,108.76,29679.36
test,2026-09-28,BMNR,2991.15850789,26.84,80282.69
test,2026-09-28,BSX,419.5070859,44.11,18504.46
test,2026-09-28,CASH,24127.43,1.0,24127.43
test,2026-09-28,CRCL,252.20679988,85.8,21639.34
test,2026-09-28,CSU.TO,29.08221003,2019.8095,58740.52
test,2026-09-28,DPZ,47.98234165,292.27,14023.8
test,2026-09-28,EL.PA,94.59392789,166.2324,15724.58
test,2026-09-28,IBE.MC,408.89037952,23.1428,9462.88
test,2026-09-28,ISRG,52.96984387,414.79,21971.36
test,2026-09-28,JPM,139.65613503,336.59,47006.86
test,2026-09-28,LLY,46.52547503,1184.78,55122.45
test,2026-09-28,MELI,42.5339946,1712.41,72835.64
test,2026-09-28,META,90.89669221,715.62,65047.49
test,2026-09-28,MSFT,82.7095662,509.22,42117.37
test,2026-09-28,MSTR,207.97956539,157.14,32681.91
test,2026-09-28,NVDA,219.8144844,228.86,50306.74
test,2026-09-28,NVO,589.62262913,38.71,22824.29
test,2026-09-28,RACE,54.11841144,398.0,21539.13
test,2026-09-28,RMS.PA,8.02101809,1571.869,12607.99
test,2026-09-28,STZ,144.96954934,112.92,16369.96
test,2026-09-28,ULTA,49.58595646,549.13,27229.14
test,2026-09-28,V,114.05434968,367.74,41942.35
test,2026-09-28,WM,136.54362152,206.44,28188.07
test,2026-09-28,ZM,231.77656493,87.3,20234.09
test,2026-09-29,0700.HK,495.83307745,55.0692,27305.15
test,2026-09-29,AMZN,259.94280433,246.67,64120.09
test,2026-09-29,BABA,272.88852163,107.74,29401.01
test,2026-09-29,BMNR,2991.15850789,26.73,79953.67
test,2026-09-29,BSX,419.5070859,43.88,18407.97
test,2026-09-29,CASH,24127.43,1.0,24127.43
test,2026-09-29,CRCL,252.20679988,83.7,21109.71
test,2026-09-29,CSU.TO,29.08221003,2043.0625,59416.77
test,2026-09-29,DPZ,47.98234165,301.81,14481.55
test,2026-09-29,EL.PA,94.59392789,164.449,15555.88
test,2026-09-29,IBE.MC,408.89037952,23.3026,9528.22
test,2026-09-29,ISRG,52.96984387,412.18,21833.11
test,2026-09-29,JPM,139.65613503,334.98,46782.01
test,2026-09-29,LLY,46.52547503,1184.63,55115.47
test,2026-09-29,MELI,42.5339946,1724.9,73366.89
test,2026-09-29,META,90.89669221,738.79,67153.57
test,2026-09-29,MSFT,82.7095662,508.96,42095.86
test,2026-09-29,MSTR,207.97956539,154.67,32168.2
test,2026-09-29,NVDA,219.8144844,227.21,49944.05
test,2026-09-29,NVO,589.62262913,38.31,22588.44
test,2026-09-29,RACE,54.11841144,402.05,21758.31
test,2026-09-29,RMS.PA,8.02101809,1538.1554,12337.57
test,2026-09-29,STZ,144.96954934,112.77,16348.22
test,2026-09-29,ULTA,49.58595646,547.89,27167.65
test,2026-09-29,V,114.05434968,365.88,41730.21
test,2026-09-29,WM,136.54362152,207.09,28276.82
test,2026-09-29,ZM,231.77656493,88.355,20478.62
test,2026-09-30,0700.HK,495.83307745,54.9317,27236.98
test,2026-09-30,AMZN,259.94280433,249.15,64764.75
test,2026-09-30,BABA,272.88852163,107.54,29346.43
test,2026-09-30,BMNR,2991.15850789,26.43,79056.32
test,2026-09-30,BSX,419.5070859,43.65,18311.48
test,2026-09-30,CASH,24127.43,1.0,24127.43
test,2026-09-30,CRCL,252.20679988,82.17,20723.83
test,2026-09-30,CSU.TO,29.08221003,2039.792,59321.66
test,2026-09-30,DPZ,47.98234165,299.61,14375.99
test,2026-09-30,EL.PA,94.59392789,165.1224,15619.58
test,2026-09-30,IBE.MC,408.89037952,23.3734,9557.18
test,2026-09-30,ISRG,52.96984387,406.63,21539.13
test,2026-09-30,JPM,139.65613503,330.83,46202.44
test,2026-09-30,LLY,46.52547503,1157.08,53833.69
test,2026-09-30,MELI,42.5339946,1728.53,73521.29
test,2026-09-30,META,90.89669221,725.18,65916.46
test,2026-09-30,MSFT,82.7095662,512.9,42421.74
test,2026-09-30,MSTR,207.97956539,153.09,31839.59
test,2026-09-30,NVDA,219.8144844,228.38,50201.23
test,2026-09-30,NVO,589.62262913,37.91,22352.59
test,2026-09-30,RACE,54.11841144,392.85,21260.42
test,2026-09-30,RMS.PA,8.02101809,1515.7013,12157.47
test,2026-09-30,STZ,144.96954934,113.06,16390.26
test,2026-09-30,ULTA,49.58595646,546.17,27082.36
test,2026-09-30,V,114.05434968,359.33,40983.15
test,2026-09-30,WM,136.54362152,203.92,27843.98
test,2026-09-30,ZM,231.77656493,90.77,21038.36
test,2026-10-01,0700.HK,495.83307745,54.931,27236.63
test,2026-10-01,AMZN,259.94280433,248.23,64525.6
test,2026-10-01,BABA,272.88852163,107.45,29321.87
test,2026-10-01,BMNR,2991.15850789,26.73,79953.67
test,2026-10-01,BSX,419.5070859,43.23,18135.29
test,2026-10-01,CASH,24127.43,1.0,24127.43
test,2026-10-01,CRCL,252.20679988,82.91,20910.47
test,2026-10-01,CSU.TO,29.08221003,2086.304,60674.33
test,2026-10-01,DPZ,47.98234165,295.0,14154.79
test,2026-10-01,EL.PA,94.59392789,163.7914,15493.68
test,2026-10-01,IBE.MC,408.89037952,23.4813,9601.28
test,2026-10-01,ISRG,52.96984387,401.24,21253.62
test,2026-10-01,JPM,139.65613503,333.18,46530.63
test,2026-10-01,LLY,46.52547503,1149.85,53497.32
test,2026-10-01,MELI,42.5339946,1685.12,71674.88
test,2026-10-01,META,90.89669221,725.93,65984.64
test,2026-10-01,MSFT,82.7095662,512.8,42413.46
test,2026-10-01,MSTR,207.97956539,160.5,33380.72
test,2026-10-01,NVDA,219.8144844,230.86,50746.37
test,2026-10-01,NVO,589.62262913,37.4,22051.89
test,2026-10-01,RACE,54.11841144,387.3,20960.06
test,2026-10-01,RMS.PA,8.02101809,1474.2362,11824.87
test,2026-10-01,STZ,144.96954934,112.99,16380.11
test,2026-10-01,ULTA,49.58595646,537.73,26663.86
test,2026-10-01,V,114.05434968,359.85,41042.46
test,2026-10-01,WM,136.54362152,201.9,27568.16
test,2026-10-01,ZM,231.77656493,93.8,21740.64
test,2026-10-02,0700.HK,495.83307745,53.6807,26616.65
test,2026-10-02,AMZN,259.94280433,251.52,65380.82
test,2026-10-02,BABA,272.88852163,105.85,28885.25
test,2026-10-02,BMNR,2991.15850789,26.27,78577.74
test,2026-10-02,BSX,419.5070859,42.6,17871.0
test,2026-10-02,CASH,24127.43,1.0,24127.43
test,2026-10-02,CRCL,252.20679988,81.25,20491.8
test,2026-10-02,CSU.TO,29.08221003,2096.4319,60968.87
test,2026-10-02,DPZ,47.98234165,297.62,14280.5
test,2026-10-02,EL.PA,94.59392789,160.7565,15206.59
test,2026-10-02,IBE.MC,408.89037952,23.438,9583.58
test,2026-10-02,ISRG,52.96984387,391.95,20761.53
test,2026-10-02,JPM,139.65613503,332.38,46418.91
test,2026-10-02,LLY,46.52547503,1142.85,53171.64
test,2026-10-02,MELI,42.5339946,1696.5601,72161.48
test,2026-10-02,META,90.89669221,728.08,66180.07
test,2026-10-02,MSFT,82.7095662,517.53,42804.68
test,2026-10-02,MSTR,207.97956539,160.01,33278.81
test,2026-10-02,NVDA,219.8144844,233.95,51425.6
test,2026-10-02,NVO,589.62262913,37.32,22004.72
test,2026-10-02,RACE,54.11841144,388.33,21015.8
test,2026-10-02,RMS.PA,8.02101809,1462.9066,11734.0
test,2026-10-02,STZ,144.96954934,112.87,16362.71
test,2026-10-02,ULTA,49.58595646,543.69,26959.39
test,2026-10-02,V,114.05434968,360.66,41134.84
test,2026-10-02,WM,136.54362152,204.45,27916.34
test,2026-10-02,ZM,231.77656493,92.88,21527.41
test,2026-10-03,0700.HK,495.83307745,53.6807,26616.65
test,2026-10-03,AMZN,259.94280433,251.52,65380.82
test,2026-10-03,BABA,272.88852163,105.85,28885.25
test,2026-10-03,BMNR,2991.15850789,26.27,78577.74
test,2026-10-03,BSX,419.5070859,42.6,17871.0
test,2026-10-03,CASH,24127.43,1.0,24127.43
test,2026-10-03,CRCL,252.20679988,81.25,20491.8
test,2026-10-03,CSU.TO,29.08221003,2096.4319,60968.87
test,2026-10-03,DPZ,47.98234165,297.62,14280.5
test,2026-10-03,EL.PA,94.59392789,160.7565,15206.59
test,2026-10-03,IBE.MC,408.89037952,23.438,9583.58
test,2026-10-03,ISRG,52.96984387,391.95,20761.53
test,2026-10-03,JPM,139.65613503,332.38,46418.91
test,2026-10-03,LLY,46.52547503,1142.85,53171.64
test,2026-10-03,MELI,42.5339946,1696.5601,72161.48
test,2026-10-03,META,90.89669221,728.08,66180.07
test,2026-10-03,MSFT,82.7095662,517.53,42804.68
test,2026-10-03,MSTR,207.97956539,160.01,33278.81
test,2026-10-03,NVDA,219.8144844,233.95,51425.6
test,2026-10-03,NVO,589.62262913,37.32,22004.72
test,2026-10-03,RACE,54.11841144,388.33,21015.8
test,2026-10-03,RMS.PA,8.02101809,1462.9066,11734.0
test,2026-10-03,STZ,144.96954934,112.87,16362.71
test,2026-10-03,ULTA,49.58595646,543.69,26959.39
test,2026-10-03,V,114.05434968,360.66,41134.84
test,2026-10-03,WM,136.54362152,204.45,27916.34
test,2026-10-03,ZM,231.77656493,92.88,21527.41
test,2026-10-04,0700.HK,495.83307745,53.6807,26616.65
test,2026-10-04,AMZN,259.94280433,251.52,65380.82
test,2026-10-04,BABA,272.88852163,105.85,28885.25
test,2026-10-04,BMNR,2991.15850789,26.27,78577.74
test,2026-10-04,BSX,419.5070859,42.6,17871.0
test,2026-10-04,CASH,24127.43,1.0,24127.43
test,2026-10-04,CRCL,252.20679988,81.25,20491.8
test,2026-10-04,CSU.TO,29.08221003,2096.4319,60968.87
test,2026-10-04,DPZ,47.98234165,297.62,14280.5
test,2026-10-04,EL.PA,94.59392789,160.648,15196.32
test,2026-10-04,IBE.MC,408.89037952,23.4222,9577.12
test,2026-10-04,ISRG,52.96984387,391.95,20761.53
test,2026-10-04,JPM,139.65613503,332.38,46418.91
test,2026-10-04,LLY,46.52547503,1142.85,53171.64
test,2026-10-04,MELI,42.5339946,1696.5601,72161.48
test,2026-10-04,META,90.89669221,728.08,66180.07
test,2026-10-04,MSFT,82.7095662,517.53,42804.68
test,2026-10-04,MSTR,207.97956539,160.01,33278.81
test,2026-10-04,NVDA,219.8144844,233.95,51425.6
test,2026-10-04,NVO,589.62262913,37.32,22004.72
test,2026-10-04,RACE,54.11841144,388.33,21015.8
test,2026-10-04,RMS.PA,8.02101809,1461.9192,11726.08
test,2026-10-04,STZ,144.96954934,112.87,16362.71
test,2026-10-04,ULTA,49.58595646,543.69,26959.39
test,2026-10-04,V,114.05434968,360.66,41134.84
test,2026-10-04,WM,136.54362152,204.45,27916.34
test,2026-10-04,ZM,231.77656493,92.88,21527.41
test,2026-10-05,0700.HK,495.83307745,53.9059,26728.35
test,2026-10-05,AMZN,259.94280433,251.4,65349.62
test,2026-10-05,BABA,272.88852163,110.8,30236.05
test,2026-10-05,BMNR,2991.15850789,26.79,80133.14
test,2026-10-05,BSX,419.5070859,42.4,17787.1
test,2026-10-05,CASH,24127.43,1.0,24127.43
test,2026-10-05,CRCL,252.20679988,83.3,21008.83
test,2026-10-05,CSU.TO,29.08221003,2095.2091,60933.31
test,2026-10-05,DPZ,47.98234165,297.27,14263.71
test,2026-10-05,EL.PA,94.59392789,162.6282,15383.64
test,2026-10-05,IBE.MC,408.89037952,23.6345,9663.94
test,2026-10-05,ISRG,52.96984387,406.48,21531.18
test,2026-10-05,JPM,139.65613503,332.38,46418.91
test,2026-10-05,LLY,46.52547503,1143.12,53184.2
test,2026-10-05,MELI,42.5339946,1860.61,79139.18
test,2026-10-05,META,90.89669221,741.9,67436.26
test,2026-10-05,MSFT,82.7095662,525.18,43437.41
test,2026-10-05,MSTR,207.97956539,164.43,34198.08
test,2026-10-05,NVDA,219.8144844,238.9,52513.68
test,2026-10-05,NVO,589.62262913,37.54,22134.43
test,2026-10-05,RACE,54.11841144,383.4,20749.0
test,2026-10-05,RMS.PA,8.02101809,1447.3344,11609.1
test,2026-10-05,STZ,144.96954934,113.31,16426.5
test,2026-10-05,ULTA,49.58595646,542.72,26911.29
test,2026-10-05,V,114.05434968,369.71,42167.03
test,2026-10-05,WM,136.54362152,206.66,28218.11
test,2026-10-05,ZM,231.77656493,93.62,21698.92
test,2026-10-06,0700.HK,495.83307745,54.5711,27058.17
test,2026-10-06,AMZN,259.94280433,256.29,66620.74
test,2026-10-06,BABA,272.88852163,109.26,29815.8
test,2026-10-06,BMNR,2991.15850789,26.2,78368.36
test,2026-10-06,BSX,419.5070859,42.19,17699.0
test,2026-10-06,CASH,24127.43,1.0,24127.43
test,2026-10-06,CRCL,252.20679988,84.13,21218.16
test,2026-10-06,CSU.TO,29.08221003,2068.6357,60160.5
test,2026-10-06,DPZ,47.98234165,302.87,14532.41
test,2026-10-06,EL.PA,94.59392789,164.5541,15565.82
test,2026-10-06,IBE.MC,408.89037952,23.5446,9627.16
test,2026-10-06,ISRG,52.96984387,404.76,21440.07
test,2026-10-06,JPM,139.65613503,331.28,46265.28
test,2026-10-06,LLY,46.52547503,1157.49,53852.77
test,2026-10-06,MELI,42.5339946,1857.99,79027.74
test,2026-10-06,META,90.89669221,738.88,67161.75
test,2026-10-06,MSFT,82.7095662,529.3,43778.17
test,2026-10-06,MSTR,207.97956539,164.55,34223.04
test,2026-10-06,NVDA,219.8144844,239.24,52588.42
test,2026-10-06,NVO,589.62262913,37.53,22128.54
test,2026-10-06,RACE,54.11841144,386.5,20916.77
test,2026-10-06,RMS.PA,8.02101809,1438.0259,11534.43
test,2026-10-06,STZ,144.96954934,115.67,16768.63
test,2026-10-06,ULTA,49.58595646,547.29,27137.9
test,2026-10-06,V,114.05434968,370.64,42273.11
test,2026-10-06,WM,136.54362152,207.88,28384.69
test,2026-10-06,ZM,231.77656493,94.2,21833.35
test,2026-10-07,0700.HK,495.83307745,53.5954,26574.37
test,2026-10-07,AMZN,259.94280433,259.92,67564.34
test,2026-10-07,BABA,272.88852163,107.0,29199.07
test,2026-10-07,BMNR,2991.15850789,24.66,73761.97
test,2026-10-07,BSX,419.5070859,41.58,17443.11
test,2026-10-07,CASH,24127.43,1.0,24127.43
test,2026-10-07,CRCL,252.20679988,80.84,20388.4
test,2026-10-07,CSU.TO,29.08221003,2041.8936,59382.78
test,2026-10-07,DPZ,47.98234165,303.1,14543.45
test,2026-10-07,EL.PA,94.59392789,165.033,15611.12
test,2026-10-07,IBE.MC,408.89037952,23.5536,9630.86
test,2026-10-07,ISRG,52.96984387,414.52,21957.06
test,2026-10-07,JPM,139.65613503,329.58,46027.87
test,2026-10-07,LLY,46.52547503,1188.72,55305.76
test,2026-10-07,MELI,42.5339946,1872.78,79656.82
test,2026-10-07,META,90.89669221,721.31,65564.69
test,2026-10-07,MSFT,82.7095662,529.76,43816.22
test,2026-10-07,MSTR,207.97956539,153.37,31897.82
test,2026-10-07,NVDA,219.8144844,237.47,52199.35
test,2026-10-07,NVO,589.62262913,38.26,22558.96
test,2026-10-07,RACE,54.11841144,386.39,20910.81
test,2026-10-07,RMS.PA,8.02101809,1440.452,11553.89
test,2026-10-07,STZ,144.96954934,118.39,17162.94
test,2026-10-07,ULTA,49.58595646,545.48,27048.15
test,2026-10-07,V,114.05434968,372.1,42439.62
test,2026-10-07,WM,136.54362152,208.94,28529.42
test,2026-10-07,ZM,231.77656493,94.77,21965.46
test,2026-10-08,0700.HK,495.83307745,52.425,25994.05
test,2026-10-08,AMZN,259.94280433,254.06,66041.07
test,2026-10-08,BABA,272.88852163,105.7,28844.32
test,2026-10-08,BMNR,2991.15850789,24.04,71907.45
test,2026-10-08,BSX,419.5070859,42.04,17636.08
test,2026-10-08,CASH,24127.43,1.0,24127.43
test,2026-10-08,CRCL,252.20679988,80.84,20388.4
test,2026-10-08,CSU.TO,29.08221003,2042.3908,59397.24
test,2026-10-08,DPZ,47.98234165,308.65,14809.75
test,2026-10-08,EL.PA,94.59392789,160.1792,15151.98
test,2026-10-08,IBE.MC,408.89037952,23.646,9668.64
test,2026-10-08,ISRG,52.96984387,415.41,22004.2
test,2026-10-08,JPM,139.65613503,331.42,46284.84
test,2026-10-08,LLY,46.52547503,1169.6,54416.19
test,2026-10-08,MELI,42.5339946,1856.66,78971.17
test,2026-10-08,META,90.89669221,720.89,65526.52
test,2026-10-08,MSFT,82.7095662,522.61,43224.85
test,2026-10-08,MSTR,207.97956539,151.47,31502.67
test,2026-10-08,NVDA,219.8144844,230.48,50662.84
test,2026-10-08,NVO,589.62262913,38.18,22511.79
test,2026-10-08,RACE,54.11841144,388.28,21013.1
test,2026-10-08,RMS.PA,8.02101809,1414.1696,11343.08
test,2026-10-08,STZ,144.96954934,123.63,17922.58
test,2026-10-08,ULTA,49.58595646,564.21,27976.89
test,2026-10-08,V,114.05434968,375.1,42781.79
test,2026-10-08,WM,136.54362152,210.1,28687.82
test,2026-10-08,ZM,231.77656493,94.67,21942.29
test,2026-10-09,0700.HK,495.83307745,54.1323,26840.59
test,2026-10-09,AMZN,259.94280433,262.43,68216.79
test,2026-10-09,BABA,272.88852163,111.37,30391.6
test,2026-10-09,BMNR,2991.15850789,24.03,71877.54
test,2026-10-09,BSX,419.5070859,42.73,17925.54
test,2026-10-09,CASH,24127.43,1.0,24127.43
test,2026-10-09,CRCL,252.20679988,84.51,21314.0
test,2026-10-09,CSU.TO,29.08221003,2111.8135,61416.2
test,2026-10-09,DPZ,47.98234165,309.36,14843.82
test,2026-10-09,EL.PA,94.59392789,163.996,15513.02
test,2026-10-09,IBE.MC,408.89037952,23.8234,9741.16
test,2026-10-09,ISRG,52.96984387,423.96,22457.09
test,2026-10-09,JPM,139.65613503,332.99,46504.1
test,2026-10-09,LLY,46.52547503,1179.27,54866.1
test,2026-10-09,MELI,42.5339946,1889.85,80382.87
test,2026-10-09,META,90.89669221,718.67,65324.72
test,2026-10-09,MSFT,82.7095662,535.07,44255.41
test,2026-10-09,MSTR,207.97956539,154.34,32099.57
test,2026-10-09,NVDA,219.8144844,229.28,50399.06
test,2026-10-09,NVO,589.62262913,38.64,22783.02
test,2026-10-09,RACE,54.11841144,389.91,21101.31
test,2026-10-09,RMS.PA,8.02101809,1437.6961,11531.79
test,2026-10-09,STZ,144.96954934,122.64,17779.07
test,2026-10-09,ULTA,49.58595646,570.37,28282.34
test,2026-10-09,V,114.05434968,385.45,43962.25
test,2026-10-09,WM,136.54362152,208.83,28514.4
test,2026-10-09,ZM,231.77656493,97.74,22653.84
test,2026-10-10,0700.HK,495.83307745,54.1323,26840.59
test,2026-10-10,AMZN,259.94280433,262.43,68216.79
test,2026-10-10,BABA,272.88852163,111.37,30391.6
test,2026-10-10,BMNR,2991.15850789,24.03,71877.54
test,2026-10-10,BSX,419.5070859,42.73,17925.54
test,2026-10-10,CASH,24127.43,1.0,24127.43
test,2026-10-10,CRCL,252.20679988,84.51,21314.0
test,2026-10-10,CSU.TO,29.08221003,2111.8135,61416.2
test,2026-10-10,DPZ,47.98234165,309.36,14843.82
test,2026-10-10,EL.PA,94.59392789,163.996,15513.02
test,2026-10-10,IBE.MC,408.89037952,23.8234,9741.16
test,2026-10-10,ISRG,52.96984387,423.96,22457.09
test,2026-10-10,JPM,139.65613503,332.99,46504.1
test,2026-10-10,LLY,46.52547503,1179.27,54866.1
test,2026-10-10,MELI,42.5339946,1889.85,80382.87
test,2026-10-10,META,90.89669221,718.67,65324.72
test,2026-10-10,MSFT,82.7095662,535.07,44255.41
test,2026-10-10,MSTR,207.97956539,154.34,32099.57
test,2026-10-10,NVDA,219.8144844,229.28,50399.06
test,2026-10-10,NVO,589.62262913,38.64,22783.02
test,2026-10-10,RACE,54.11841144,389.91,21101.31
test,2026-10-10,RMS.PA,8.02101809,1437.6961,11531.79
test,2026-10-10,STZ,144.96954934,122.64,17779.07
test,2026-10-10,ULTA,49.58595646,570.37,28282.34
test,2026-10-10,V,114.05434968,385.45,43962.25
test,2026-10-10,WM,136.54362152,208.83,28514.4
test,2026-10-10,ZM,231.77656493,97.74,22653.84
visionnaire,2026-04-10,CASH,1000000.0,1.0,1000000.0
visionnaire,2026-04-13,AMD,204.05664612,246.83,50367.3
visionnaire,2026-04-13,AMZN,336.91303432,239.89,80822.07
visionnaire,2026-04-13,BMNR,953.28884652,21.51,20505.24
visionnaire,2026-04-13,CASH,110000.0,1.0,110000.0
visionnaire,2026-04-13,CELH,2921.41396436,33.66,98334.79
visionnaire,2026-04-13,CRSP,391.46604032,54.83,21464.08
visionnaire,2026-04-13,DUOL,221.8770801,93.53,20752.16
visionnaire,2026-04-13,HIMS,4138.6445939,21.15,87532.33
visionnaire,2026-04-13,LFMD,2915.45189504,3.91,11399.42
visionnaire,2026-04-13,META,158.85623511,634.53,100799.05
visionnaire,2026-04-13,MTPLF,23255.81395349,2.0,46511.63
visionnaire,2026-04-13,NBIS,350.38542397,154.56,54155.57
visionnaire,2026-04-13,NVDA,645.05724883,189.31,122115.79
visionnaire,2026-04-13,RKLB,745.71215511,70.62,52662.19
visionnaire,2026-04-13,SMR,1103.75275938,9.58,10573.95
visionnaire,2026-04-13,TSLA,342.78858514,352.42,120805.56
visionnaire,2026-04-13,XPEV,578.7037037,17.47,10109.95
visionnaire,2026-04-14,AMD,204.05664612,255.07,52048.73
visionnaire,2026-04-14,AMZN,336.91303432,249.02,83898.09
visionnaire,2026-04-14,BMNR,953.28884652,21.48,20476.64
visionnaire,2026-04-14,CASH,110000.0,1.0,110000.0
visionnaire,2026-04-14,CELH,2921.41396436,34.51,100817.99
visionnaire,2026-04-14,CRSP,391.46604032,56.86,22258.76
visionnaire,2026-04-14,DUOL,221.8770801,91.46,20292.88
visionnaire,2026-04-14,HIMS,4138.6445939,21.36,88401.45
visionnaire,2026-04-14,LFMD,2915.45189504,3.77,10991.25
visionnaire,2026-04-14,META,158.85623511,662.49,105240.67
visionnaire,2026-04-14,MTPLF,23255.81395349,2.1,48837.21
visionnaire,2026-04-14,NBIS,350.38542397,161.94,56741.42
visionnaire,2026-04-14,NVDA,645.05724883,196.51,126760.2
visionnaire,2026-04-14,RKLB,745.71215511,72.22,53855.33
visionnaire,2026-04-14,SMR,1103.75275938,10.25,11313.47
visionnaire,2026-04-14,TSLA,342.78858514,364.2,124843.61
visionnaire,2026-04-14,XPEV,578.7037037,17.87,10341.44
visionnaire,2026-04-15,AMD,204.05664612,258.12,52671.1
visionnaire,2026-04-15,AMZN,336.91303432,248.5,83722.89
visionnaire,2026-04-15,BMNR,953.28884652,22.34,21296.47
visionnaire,2026-04-15,CASH,110000.0,1.0,110000.0
visionnaire,2026-04-15,CELH,2921.41396436,35.28,103067.48
visionnaire,2026-04-15,CRSP,391.46604032,56.76,22219.61
visionnaire,2026-04-15,DUOL,221.8770801,98.78,21917.02
visionnaire,2026-04-15,HIMS,4138.6445939,24.29,100527.68
visionnaire,2026-04-15,LFMD,2915.45189504,3.83,11166.18
visionnaire,2026-04-15,META,158.85623511,671.58,106684.67
visionnaire,2026-04-15,MTPLF,23255.81395349,2.11,49069.77
visionnaire,2026-04-15,NBIS,350.38542397,166.77,58433.78
visionnaire,2026-04-15,NVDA,645.05724883,198.87,128282.53
visionnaire,2026-04-15,RKLB,745.71215511,73.6,54884.41
visionnaire,2026-04-15,SMR,1103.75275938,11.71,12924.94
visionnaire,2026-04-15,TSLA,342.78858514,391.95,134355.99
visionnaire,2026-04-15,XPEV,578.7037037,17.66,10219.91
visionnaire,2026-04-16,AMD,204.05664612,278.26,56780.8
visionnaire,2026-04-16,AMZN,336.91303432,249.7,84127.18
visionnaire,2026-04-16,BMNR,953.28884652,22.44,21391.8
visionnaire,2026-04-16,CASH,110000.0,1.0,110000.0
visionnaire,2026-04-16,CELH,2921.41396436,34.85,101811.27
visionnaire,2026-04-16,CRSP,391.46604032,55.72,21812.49
visionnaire,2026-04-16,DUOL,221.8770801,103.45,22953.18
visionnaire,2026-04-16,HIMS,4138.6445939,26.99,111702.02
visionnaire,2026-04-16,LFMD,2915.45189504,3.94,11486.88
visionnaire,2026-04-16,META,158.85623511,676.87,107525.02
visionnaire,2026-04-16,MTPLF,23255.81395349,2.15,50000.0
visionnaire,2026-04-16,NBIS,350.38542397,165.34,57932.72
visionnaire,2026-04-16,NVDA,645.05724883,198.35,127947.11
visionnaire,2026-04-16,RKLB,745.71215511,82.93,61841.91
visionnaire,2026-04-16,SMR,1103.75275938,11.41,12593.82
visionnaire,2026-04-16,TSLA,342.78858514,388.9,133310.48
visionnaire,2026-04-16,XPEV,578.7037037,18.25,10561.34
visionnaire,2026-04-17,AMD,204.05664612,278.39,56807.33
visionnaire,2026-04-17,AMZN,336.91303432,250.56,84416.93
visionnaire,2026-04-17,BMNR,953.28884652,22.95,21877.98
visionnaire,2026-04-17,CASH,110000.0,1.0,110000.0
visionnaire,2026-04-17,CELH,2921.41396436,35.25,102979.84
visionnaire,2026-04-17,CRSP,391.46604032,57.99,22701.12
visionnaire,2026-04-17,DUOL,221.8770801,100.51,22300.87
visionnaire,2026-04-17,HIMS,4138.6445939,28.82,119275.74
visionnaire,2026-04-17,LFMD,2915.45189504,4.09,11924.2
visionnaire,2026-04-17,META,158.85623511,688.55,109380.46
visionnaire,2026-04-17,MTPLF,23255.81395349,2.245,52209.3
visionnaire,2026-04-17,NBIS,350.38542397,157.14,55059.57
visionnaire,2026-04-17,NVDA,645.05724883,201.68,130095.14
visionnaire,2026-04-17,RKLB,745.71215511,84.8,63236.39
visionnaire,2026-04-17,SMR,1103.75275938,12.65,13962.47
visionnaire,2026-04-17,TSLA,342.78858514,400.62,137327.96
visionnaire,2026-04-17,XPEV,578.7037037,18.1,10474.54
visionnaire,2026-04-20,AMD,204.05664612,274.95,56105.38
visionnaire,2026-04-20,AMZN,336.91303432,248.28,83648.77
visionnaire,2026-04-20,BMNR,953.28884652,22.53,21477.6
visionnaire,2026-04-20,CASH,110000.0,1.0,110000.0
visionnaire,2026-04-20,CELH,2921.41396436,33.78,98685.36
visionnaire,2026-04-20,CRSP,391.46604032,57.69,22583.68
visionnaire,2026-04-20,DUOL,221.8770801,104.84,23261.59
visionnaire,2026-04-20,HIMS,4138.6445939,31.01,128339.37
visionnaire,2026-04-20,LFMD,2915.45189504,5.06,14752.19
visionnaire,2026-04-20,META,158.85623511,670.91,106578.23
visionnaire,2026-04-20,MTPLF,23255.81395349,2.14,49767.44
visionnaire,2026-04-20,NBIS,350.38542397,159.16,55767.35
visionnaire,2026-04-20,NVDA,645.05724883,202.06,130340.27
visionnaire,2026-04-20,RKLB,745.71215511,89.46,66711.41
visionnaire,2026-04-20,SMR,1103.75275938,12.79,14117.0
visionnaire,2026-04-20,TSLA,342.78858514,392.5,134544.52
visionnaire,2026-04-20,XPEV,578.7037037,17.8,10300.93
visionnaire,2026-04-21,AMD,204.05664612,284.49,58052.07
visionnaire,2026-04-21,AMZN,336.91303432,249.91,84197.94
visionnaire,2026-04-21,BMNR,953.28884652,21.71,20695.9
visionnaire,2026-04-21,CASH,110000.0,1.0,110000.0
visionnaire,2026-04-21,CELH,2921.41396436,32.69,95501.02
visionnaire,2026-04-21,CRSP,391.46604032,55.54,21742.02
visionnaire,2026-04-21,DUOL,221.8770801,102.63,22771.24
visionnaire,2026-04-21,HIMS,4138.6445939,29.76,123166.06
visionnaire,2026-04-21,LFMD,2915.45189504,4.53,13207.0
visionnaire,2026-04-21,META,158.85623511,668.84,106249.41
visionnaire,2026-04-21,MTPLF,23255.81395349,2.06,47906.98
visionnaire,2026-04-21,NBIS,350.38542397,156.55,54852.84
visionnaire,2026-04-21,NVDA,645.05724883,199.88,128934.05
visionnaire,2026-04-21,RKLB,745.71215511,86.64,64608.5
visionnaire,2026-04-21,SMR,1103.75275938,11.67,12880.79
visionnaire,2026-04-21,TSLA,342.78858514,386.42,132460.37
visionnaire,2026-04-21,XPEV,578.7037037,17.21,9959.49
visionnaire,2026-04-22,AMD,204.05664612,303.46,61923.03
visionnaire,2026-04-22,AMZN,336.91303432,255.36,86034.11
visionnaire,2026-04-22,BMNR,953.28884652,23.31,22221.16
visionnaire,2026-04-22,CASH,110000.0,1.0,110000.0
visionnaire,2026-04-22,CELH,2921.41396436,33.26,97166.22
visionnaire,2026-04-22,CRSP,391.46604032,56.42,22086.51
visionnaire,2026-04-22,DUOL,221.8770801,105.52,23412.47
visionnaire,2026-04-22,HIMS,4138.6445939,29.01,120062.08
visionnaire,2026-04-22,LFMD,2915.45189504,4.62,13469.39
visionnaire,2026-04-22,META,158.85623511,674.72,107183.47
visionnaire,2026-04-22,MTPLF,23255.81395349,2.18,50697.68
visionnaire,2026-04-22,NBIS,350.38542397,156.14,54709.18
visionnaire,2026-04-22,NVDA,645.05724883,202.5,130624.09
visionnaire,2026-04-22,RKLB,745.71215511,90.04,67143.92
visionnaire,2026-04-22,SMR,1103.75275938,13.57,14977.92
visionnaire,2026-04-22,TSLA,342.78858514,387.51,132834.01
visionnaire,2026-04-22,XPEV,578.7037037,16.97,9820.6
visionnaire,2026-04-23,AMD,204.05664612,305.33,62304.61
visionnaire,2026-04-23,AMZN,336.91303432,255.08,85939.78
visionnaire,2026-04-23,BMNR,953.28884652,22.0,20972.35
visionnaire,2026-04-23,CASH,110000.0,1.0,110000.0
visionnaire,2026-04-23,CELH,2921.41396436,33.93,99123.58
visionnaire,2026-04-23,CRSP,391.46604032,55.18,21601.1
visionnaire,2026-04-23,DUOL,221.8770801,100.29,22252.05
visionnaire,2026-04-23,HIMS,4138.6445939,28.15,116502.84
visionnaire,2026-04-23,LFMD,2915.45189504,4.54,13236.15
visionnaire,2026-04-23,META,158.85623511,659.15,104710.09
visionnaire,2026-04-23,MTPLF,23255.81395349,2.18,50697.68
visionnaire,2026-04-23,NBIS,350.38542397,157.08,55038.54
visionnaire,2026-04-23,NVDA,645.05724883,199.64,128779.23
visionnaire,2026-04-23,RKLB,745.71215511,84.6,63087.25
visionnaire,2026-04-23,SMR,1103.75275938,12.72,14039.74
visionnaire,2026-04-23,TSLA,342.78858514,373.72,128106.95
visionnaire,2026-04-23,XPEV,578.7037037,15.9,9201.39
visionnaire,2026-04-24,AMD,204.05664612,347.81,70972.94
visionnaire,2026-04-24,AMZN,336.91303432,263.99,88941.67
visionnaire,2026-04-24,BMNR,953.28884652,22.14,21105.81
visionnaire,2026-04-24,CASH,110000.0,1.0,110000.0
visionnaire,2026-04-24,CELH,2921.41396436,34.59,101051.71
visionnaire,2026-04-24,CRSP,391.46604032,48.785,19097.67
visionnaire,2026-04-24,DUOL,221.8770801,103.45,22953.18
visionnaire,2026-04-24,HIMS,4138.6445939,30.56,126476.98
visionnaire,2026-04-24,LFMD,2915.45189504,4.64,13527.7
visionnaire,2026-04-24,META,158.85623511,675.03,107232.73
visionnaire,2026-04-24,MTPLF,23255.81395349,2.13,49534.89
visionnaire,2026-04-24,NBIS,350.38542397,147.16,51562.72
visionnaire,2026-04-24,NVDA,645.05724883,208.27,134346.08
visionnaire,2026-04-24,RKLB,745.71215511,79.68,59418.34
visionnaire,2026-04-24,SMR,1103.75275938,11.96,13200.88
visionnaire,2026-04-24,TSLA,342.78858514,376.3,128991.34
visionnaire,2026-04-24,XPEV,578.7037037,16.66,9641.2
visionnaire,2026-04-27,AMD,204.05664612,334.63,68283.48
visionnaire,2026-04-27,AMZN,336.91303432,261.12,87974.73
visionnaire,2026-04-27,BMNR,953.28884652,21.55,20543.37
visionnaire,2026-04-27,CASH,110000.0,1.0,110000.0
visionnaire,2026-04-27,CELH,2921.41396436,33.14,96815.66
visionnaire,2026-04-27,CRSP,391.46604032,50.99,19960.85
visionnaire,2026-04-27,DUOL,221.8770801,103.3,22919.9
visionnaire,2026-04-27,HIMS,4138.6445939,29.39,121634.76
visionnaire,2026-04-27,LFMD,2915.45189504,4.57,13323.62
visionnaire,2026-04-27,META,158.85623511,678.62,107803.02
visionnaire,2026-04-27,MTPLF,23255.81395349,2.168,50418.6
visionnaire,2026-04-27,NBIS,350.38542397,144.96,50791.87
visionnaire,2026-04-27,NVDA,645.05724883,216.61,139725.85
visionnaire,2026-04-27,RKLB,745.71215511,82.29,61364.65
visionnaire,2026-04-27,SMR,1103.75275938,12.65,13962.47
visionnaire,2026-04-27,TSLA,342.78858514,378.67,129803.76
visionnaire,2026-04-27,XPEV,578.7037037,16.56,9583.33
visionnaire,2026-04-28,AMD,204.05664612,323.21,65953.15
visionnaire,2026-04-28,AMZN,336.91303432,259.7,87496.32
visionnaire,2026-04-28,BMNR,953.28884652,21.48,20476.64
visionnaire,2026-04-28,CASH,110000.0,1.0,110000.0
visionnaire,2026-04-28,CELH,2921.41396436,32.62,95296.52
visionnaire,2026-04-28,CRSP,391.46604032,52.06,20379.72
visionnaire,2026-04-28,DUOL,221.8770801,106.24,23572.22
visionnaire,2026-04-28,HIMS,4138.6445939,27.91,115509.57
visionnaire,2026-04-28,LFMD,2915.45189504,4.55,13265.31
visionnaire,2026-04-28,META,158.85623511,671.34,106646.55
visionnaire,2026-04-28,MTPLF,23255.81395349,2.03,47209.3
visionnaire,2026-04-28,NBIS,350.38542397,135.51,47480.73
visionnaire,2026-04-28,NVDA,645.05724883,213.17,137506.85
visionnaire,2026-04-28,RKLB,745.71215511,78.59,58605.52
visionnaire,2026-04-28,SMR,1103.75275938,11.82,13046.36
visionnaire,2026-04-28,TSLA,342.78858514,376.02,128895.36
visionnaire,2026-04-28,XPEV,578.7037037,16.15,9346.06
visionnaire,2026-04-29,AMD,204.05664612,337.11,68789.53
visionnaire,2026-04-29,AMZN,336.91303432,263.04,88621.61
visionnaire,2026-04-29,BMNR,953.28884652,20.66,19694.95
visionnaire,2026-04-29,CASH,110000.0,1.0,110000.0
visionnaire,2026-04-29,CELH,2921.41396436,32.66,95413.38
visionnaire,2026-04-29,CRSP,391.46604032,50.71,19851.24
visionnaire,2026-04-29,DUOL,221.8770801,106.82,23700.91
visionnaire,2026-04-29,HIMS,4138.6445939,26.33,108970.51
visionnaire,2026-04-29,LFMD,2915.45189504,4.43,12915.45
visionnaire,2026-04-29,META,158.85623511,669.12,106293.88
visionnaire,2026-04-29,MTPLF,23255.81395349,2.01,46744.19
visionnaire,2026-04-29,NBIS,350.38542397,141.19,49470.92
visionnaire,2026-04-29,NVDA,645.05724883,209.25,134978.23
visionnaire,2026-04-29,RKLB,745.71215511,77.02,57434.75
visionnaire,2026-04-29,SMR,1103.75275938,11.32,12494.48
visionnaire,2026-04-29,TSLA,342.78858514,372.8,127791.58
visionnaire,2026-04-29,XPEV,578.7037037,15.86,9178.24
visionnaire,2026-04-30,AMD,204.05664612,354.49,72336.04
visionnaire,2026-04-30,AMZN,336.91303432,265.06,89302.17
visionnaire,2026-04-30,BMNR,953.28884652,21.4,20400.38
visionnaire,2026-04-30,CASH,110000.0,1.0,110000.0
visionnaire,2026-04-30,CELH,2921.41396436,33.57,98071.87
visionnaire,2026-04-30,CRSP,391.46604032,52.34,20489.33
visionnaire,2026-04-30,DUOL,221.8770801,110.1,24428.67
visionnaire,2026-04-30,HIMS,4138.6445939,27.17,112446.97
visionnaire,2026-04-30,LFMD,2915.45189504,4.68,13644.31
visionnaire,2026-04-30,META,158.85623511,611.91,97205.71
visionnaire,2026-04-30,MTPLF,23255.81395349,2.07,48139.53
visionnaire,2026-04-30,NBIS,350.38542397,138.23,48433.78
visionnaire,2026-04-30,NVDA,645.05724883,199.57,128734.08
visionnaire,2026-04-30,RKLB,745.71215511,82.51,61528.71
visionnaire,2026-04-30,SMR,1103.75275938,12.46,13752.76
visionnaire,2026-04-30,TSLA,342.78858514,381.63,130818.41
visionnaire,2026-04-30,XPEV,578.7037037,16.3,9432.87
visionnaire,2026-05-01,AMD,204.05664612,360.54,73570.58
visionnaire,2026-05-01,AMZN,336.91303432,268.26,90380.29
visionnaire,2026-05-01,BMNR,953.28884652,21.88,20857.96
visionnaire,2026-05-01,CASH,110000.0,1.0,110000.0
visionnaire,2026-05-01,CELH,2921.41396436,33.73,98539.29
visionnaire,2026-05-01,CRSP,391.46604032,51.63,20211.39
visionnaire,2026-05-01,DUOL,221.8770801,111.25,24683.83
visionnaire,2026-05-01,HIMS,4138.6445939,27.41,113440.25
visionnaire,2026-05-01,LFMD,2915.45189504,5.0,14577.26
visionnaire,2026-05-01,META,158.85623511,608.75,96703.73
visionnaire,2026-05-01,MTPLF,23255.81395349,2.13,49534.89
visionnaire,2026-05-01,NBIS,350.38542397,154.49,54131.05
visionnaire,2026-05-01,NVDA,645.05724883,198.45,128011.61
visionnaire,2026-05-01,RKLB,745.71215511,78.81,58769.57
visionnaire,2026-05-01,SMR,1103.75275938,12.14,13399.56
visionnaire,2026-05-01,TSLA,342.78858514,390.82,133968.64
visionnaire,2026-05-01,XPEV,578.7037037,15.83,9160.88
visionnaire,2026-05-04,AMD,204.05664612,341.54,69693.51
visionnaire,2026-05-04,AMZN,336.91303432,272.05,91657.19
visionnaire,2026-05-04,BMNR,953.28884652,22.79,21725.45
visionnaire,2026-05-04,CASH,110000.0,1.0,110000.0
visionnaire,2026-05-04,CELH,2921.41396436,33.57,98071.87
visionnaire,2026-05-04,CRSP,391.46604032,53.58,20974.75
visionnaire,2026-05-04,DUOL,221.8770801,110.23,24457.51
visionnaire,2026-05-04,HIMS,4138.6445939,27.27,112860.84
visionnaire,2026-05-04,LFMD,2915.45189504,5.09,14839.65
visionnaire,2026-05-04,META,158.85623511,610.41,96967.43
visionnaire,2026-05-04,MTPLF,23255.81395349,2.17,50465.12
visionnaire,2026-05-04,NBIS,350.38542397,176.42,61815.0
visionnaire,2026-05-04,NVDA,645.05724883,198.48,128030.96
visionnaire,2026-05-04,RKLB,745.71215511,80.31,59888.14
visionnaire,2026-05-04,SMR,1103.75275938,12.18,13443.71
visionnaire,2026-05-04,TSLA,342.78858514,392.51,134547.95
visionnaire,2026-05-04,XPEV,578.7037037,15.98,9247.68
visionnaire,2026-05-05,AMD,204.05664612,355.26,72493.17
visionnaire,2026-05-05,AMZN,336.91303432,273.55,92162.56
visionnaire,2026-05-05,BMNR,953.28884652,23.1,22020.97
visionnaire,2026-05-05,CASH,110000.0,1.0,110000.0
visionnaire,2026-05-05,CELH,2921.41396436,33.52,97925.8
visionnaire,2026-05-05,CRSP,391.46604032,52.38,20504.99
visionnaire,2026-05-05,DUOL,221.8770801,104.03,23081.87
visionnaire,2026-05-05,HIMS,4138.6445939,26.33,108970.51
visionnaire,2026-05-05,LFMD,2915.45189504,5.13,14956.27
visionnaire,2026-05-05,META,158.85623511,604.96,96101.67
visionnaire,2026-05-05,MTPLF,23255.81395349,2.2,51162.79
visionnaire,2026-05-05,NBIS,350.38542397,175.92,61639.8
visionnaire,2026-05-05,NVDA,645.05724883,196.5,126753.75
visionnaire,2026-05-05,RKLB,745.71215511,78.76,58732.29
visionnaire,2026-05-05,SMR,1103.75275938,11.87,13101.55
visionnaire,2026-05-05,TSLA,342.78858514,389.37,133471.59
visionnaire,2026-05-05,XPEV,578.7037037,15.82,9155.09
visionnaire,2026-05-06,AMD,204.05664612,421.39,85987.43
visionnaire,2026-05-06,AMZN,336.91303432,274.99,92647.71
visionnaire,2026-05-06,BMNR,953.28884652,22.91,21839.85
visionnaire,2026-05-06,CASH,110000.0,1.0,110000.0
visionnaire,2026-05-06,CELH,2921.41396436,32.8,95822.38
visionnaire,2026-05-06,CRSP,391.46604032,55.08,21561.95
visionnaire,2026-05-06,DUOL,221.8770801,105.02,23301.53
visionnaire,2026-05-06,HIMS,4138.6445939,26.88,111246.76
visionnaire,2026-05-06,LFMD,2915.45189504,5.27,15364.43
visionnaire,2026-05-06,META,158.85623511,612.88,97359.81
visionnaire,2026-05-06,MTPLF,23255.81395349,2.235,51976.74
visionnaire,2026-05-06,NBIS,350.38542397,195.09,68356.69
visionnaire,2026-05-06,NVDA,645.05724883,207.83,134062.25
visionnaire,2026-05-06,RKLB,745.71215511,84.65,63124.54
visionnaire,2026-05-06,SMR,1103.75275938,13.52,14922.74
visionnaire,2026-05-06,TSLA,342.78858514,398.73,136680.1
visionnaire,2026-05-06,XPEV,578.7037037,15.93,9218.75
visionnaire,2026-05-07,AMD,204.05664612,408.46,83348.98
visionnaire,2026-05-07,AMZN,336.91303432,271.17,91360.71
visionnaire,2026-05-07,BMNR,953.28884652,22.0,20972.35
visionnaire,2026-05-07,CASH,110000.0,1.0,110000.0
visionnaire,2026-05-07,CELH,2921.41396436,34.26,100087.64
visionnaire,2026-05-07,CRSP,391.46604032,52.42,20520.65
visionnaire,2026-05-07,DUOL,221.8770801,113.61,25207.46
visionnaire,2026-05-07,HIMS,4138.6445939,25.65,106156.23
visionnaire,2026-05-07,LFMD,2915.45189504,4.49,13090.38
visionnaire,2026-05-07,META,158.85623511,616.81,97984.11
visionnaire,2026-05-07,MTPLF,23255.81395349,2.24,52093.02
visionnaire,2026-05-07,NBIS,350.38542397,184.77,64740.72
visionnaire,2026-05-07,NVDA,645.05724883,211.5,136429.61
visionnaire,2026-05-07,RKLB,745.71215511,78.58,58598.06
visionnaire,2026-05-07,SMR,1103.75275938,12.58,13885.21
visionnaire,2026-05-07,TSLA,342.78858514,411.79,141156.91
visionnaire,2026-05-07,XPEV,578.7037037,15.55,8998.84
visionnaire,2026-05-08,AMD,204.05664612,455.19,92884.55
visionnaire,2026-05-08,AMZN,336.91303432,272.68,91869.44
visionnaire,2026-05-08,BMNR,953.28884652,22.17,21134.41
visionnaire,2026-05-08,CASH,110000.0,1.0,110000.0
visionnaire,2026-05-08,CELH,2921.41396436,32.29,94332.46
visionnaire,2026-05-08,CRSP,391.46604032,54.83,21464.08
visionnaire,2026-05-08,DUOL,221.8770801,107.99,23960.51
visionnaire,2026-05-08,HIMS,4138.6445939,28.27,116999.48
visionnaire,2026-05-08,LFMD,2915.45189504,4.78,13935.86
visionnaire,2026-05-08,META,158.85623511,609.63,96843.53
visionnaire,2026-05-08,MTPLF,23255.81395349,2.23,51860.47
visionnaire,2026-05-08,NBIS,350.38542397,177.05,62035.74
visionnaire,2026-05-08,NVDA,645.05724883,215.2,138816.32
visionnaire,2026-05-08,RKLB,745.71215511,105.47,78650.26
visionnaire,2026-05-08,SMR,1103.75275938,12.55,13852.1
visionnaire,2026-05-08,TSLA,342.78858514,428.35,146833.49
visionnaire,2026-05-08,XPEV,578.7037037,15.62,9039.35
visionnaire,2026-05-11,AMD,204.05664612,458.79,93619.15
visionnaire,2026-05-11,AMZN,336.91303432,268.99,90626.23
visionnaire,2026-05-11,BMNR,953.28884652,23.02,21944.71
visionnaire,2026-05-11,CASH,110000.0,1.0,110000.0
visionnaire,2026-05-11,CELH,2921.41396436,30.64,89512.12
visionnaire,2026-05-11,CRSP,391.46604032,54.01,21143.08
visionnaire,2026-05-11,DUOL,221.8770801,105.15,23330.38
visionnaire,2026-05-11,HIMS,4138.6445939,29.14,120600.1
visionnaire,2026-05-11,LFMD,2915.45189504,4.39,12798.83
visionnaire,2026-05-11,META,158.85623511,598.86,95132.64
visionnaire,2026-05-11,MTPLF,23255.81395349,2.23,51860.47
visionnaire,2026-05-11,NBIS,350.38542397,186.1,65206.73
visionnaire,2026-05-11,NVDA,645.05724883,219.44,141551.36
visionnaire,2026-05-11,RKLB,745.71215511,117.35,87509.32
visionnaire,2026-05-11,SMR,1103.75275938,13.29,14668.87
visionnaire,2026-05-11,TSLA,342.78858514,445.0,152540.92
visionnaire,2026-05-11,XPEV,578.7037037,16.15,9346.06
visionnaire,2026-05-12,AMD,204.05664612,448.29,91476.56
visionnaire,2026-05-12,AMZN,336.91303432,265.82,89558.23
visionnaire,2026-05-12,BMNR,953.28884652,21.67,20657.77
visionnaire,2026-05-12,CASH,110000.0,1.0,110000.0
visionnaire,2026-05-12,CELH,2921.41396436,29.61,86503.07
visionnaire,2026-05-12,CRSP,391.46604032,52.83,20681.15
visionnaire,2026-05-12,DUOL,221.8770801,106.01,23521.19
visionnaire,2026-05-12,HIMS,4138.6445939,25.03,103590.28
visionnaire,2026-05-12,LFMD,2915.45189504,4.28,12478.13
visionnaire,2026-05-12,META,158.85623511,603.0,95790.31
visionnaire,2026-05-12,MTPLF,23255.81395349,2.14,49767.44
visionnaire,2026-05-12,NBIS,350.38542397,179.11,62757.53
visionnaire,2026-05-12,NVDA,645.05724883,220.78,142415.74
visionnaire,2026-05-12,RKLB,745.71215511,117.56,87665.92
visionnaire,2026-05-12,SMR,1103.75275938,12.0,13245.03
visionnaire,2026-05-12,TSLA,342.78858514,433.45,148581.72
visionnaire,2026-05-12,XPEV,578.7037037,16.16,9351.85
visionnaire,2026-05-13,AMD,204.05664612,445.5,90907.24
visionnaire,2026-05-13,AMZN,336.91303432,270.13,91010.32
visionnaire,2026-05-13,BMNR,953.28884652,21.18,20190.66
visionnaire,2026-05-13,CASH,110000.0,1.0,110000.0
visionnaire,2026-05-13,CELH,2921.41396436,27.86,81390.59
visionnaire,2026-05-13,CRSP,391.46604032,52.75,20649.83
visionnaire,2026-05-13,DUOL,221.8770801,104.98,23292.66
visionnaire,2026-05-13,HIMS,4138.6445939,24.14,99906.88
visionnaire,2026-05-13,LFMD,2915.45189504,4.54,13236.15
visionnaire,2026-05-13,META,158.85623511,616.63,97955.52
visionnaire,2026-05-13,MTPLF,23255.81395349,2.025,47093.03
visionnaire,2026-05-13,NBIS,350.38542397,207.27,72624.39
visionnaire,2026-05-13,NVDA,645.05724883,225.83,145673.28
visionnaire,2026-05-13,RKLB,745.71215511,124.15,92580.17
visionnaire,2026-05-13,SMR,1103.75275938,11.96,13200.88
visionnaire,2026-05-13,TSLA,342.78858514,445.27,152633.47
visionnaire,2026-05-13,XPEV,578.7037037,16.68,9652.78
visionnaire,2026-05-14,AMD,128.32523871,449.7,57707.86
visionnaire,2026-05-14,AMZN,336.91303432,267.22,90029.9
visionnaire,2026-05-14,BMNR,953.28884652,22.0,20972.35
visionnaire,2026-05-14,CASH,170333.92,1.0,170333.92
visionnaire,2026-05-14,CELH,4115.29728576,29.01,119384.78
visionnaire,2026-05-14,CRSP,391.46604032,50.45,19749.46
visionnaire,2026-05-14,DUOL,221.8770801,109.155,24218.99
visionnaire,2026-05-14,HIMS,4665.70337363,24.24,113096.65
visionnaire,2026-05-14,LFMD,2915.45189504,4.45,12973.76
visionnaire,2026-05-14,META,158.85623511,618.43,98241.46
visionnaire,2026-05-14,MTPLF,23255.81395349,2.0,46511.63
visionnaire,2026-05-14,NBIS,350.38542397,221.15,77487.73
visionnaire,2026-05-14,NVDA,645.05724883,235.74,152065.8
visionnaire,2026-05-14,RKLB,451.73837628,132.55,59877.92
visionnaire,2026-05-14,SMR,1103.75275938,12.06,13311.26
visionnaire,2026-05-14,TSLA,259.99956595,443.3,115257.8
visionnaire,2026-05-14,XPEV,578.7037037,16.12,9328.7
visionnaire,2026-05-15,AMD,128.32523871,424.1,54422.73
visionnaire,2026-05-15,AMZN,336.91303432,264.14,88992.21
visionnaire,2026-05-15,BMNR,953.28884652,19.87,18941.85
visionnaire,2026-05-15,CASH,170333.92,1.0,170333.92
visionnaire,2026-05-15,CELH,4115.29728576,30.16,124117.37
visionnaire,2026-05-15,CRSP,391.46604032,48.41,18950.87
visionnaire,2026-05-15,DUOL,221.8770801,112.06,24863.55
visionnaire,2026-05-15,HIMS,4665.70337363,25.05,116875.87
visionnaire,2026-05-15,LFMD,2915.45189504,4.33,12623.91
visionnaire,2026-05-15,META,158.85623511,614.23,97574.26
visionnaire,2026-05-15,MTPLF,23255.81395349,2.0,46511.63
visionnaire,2026-05-15,NBIS,350.38542397,219.94,77063.77
visionnaire,2026-05-15,NVDA,645.05724883,225.32,145344.3
visionnaire,2026-05-15,RKLB,451.73837628,124.77,56363.4
visionnaire,2026-05-15,SMR,1103.75275938,11.23,12395.14
visionnaire,2026-05-15,TSLA,259.99956595,422.24,109782.21
visionnaire,2026-05-15,XPEV,578.7037037,15.62,9039.35
visionnaire,2026-05-16,AMD,128.32523871,424.1,54422.73
visionnaire,2026-05-16,AMZN,336.91303432,264.14,88992.21
visionnaire,2026-05-16,BMNR,953.28884652,19.87,18941.85
visionnaire,2026-05-16,CASH,170333.92,1.0,170333.92
visionnaire,2026-05-16,CELH,4115.29728576,30.16,124117.37
visionnaire,2026-05-16,CRSP,391.46604032,48.41,18950.87
visionnaire,2026-05-16,DUOL,221.8770801,112.06,24863.55
visionnaire,2026-05-16,HIMS,4665.70337363,25.05,116875.87
visionnaire,2026-05-16,LFMD,2915.45189504,4.33,12623.91
visionnaire,2026-05-16,META,158.85623511,614.23,97574.26
visionnaire,2026-05-16,MTPLF,23255.81395349,2.0,46511.63
visionnaire,2026-05-16,NBIS,350.38542397,219.94,77063.77
visionnaire,2026-05-16,NVDA,645.05724883,225.32,145344.3
visionnaire,2026-05-16,RKLB,451.73837628,124.77,56363.4
visionnaire,2026-05-16,SMR,1103.75275938,11.23,12395.14
visionnaire,2026-05-16,TSLA,259.99956595,422.24,109782.21
visionnaire,2026-05-16,XPEV,578.7037037,15.62,9039.35
visionnaire,2026-05-17,AMD,128.32523871,424.1,54422.73
visionnaire,2026-05-17,AMZN,336.91303432,264.14,88992.21
visionnaire,2026-05-17,BMNR,953.28884652,19.87,18941.85
visionnaire,2026-05-17,CASH,170333.92,1.0,170333.92
visionnaire,2026-05-17,CELH,4115.29728576,30.16,124117.37
visionnaire,2026-05-17,CRSP,391.46604032,48.41,18950.87
visionnaire,2026-05-17,DUOL,221.8770801,112.06,24863.55
visionnaire,2026-05-17,HIMS,4665.70337363,25.05,116875.87
visionnaire,2026-05-17,LFMD,2915.45189504,4.33,12623.91
visionnaire,2026-05-17,META,158.85623511,614.23,97574.26
visionnaire,2026-05-17,MTPLF,23255.81395349,2.0,46511.63
visionnaire,2026-05-17,NBIS,350.38542397,219.94,77063.77
visionnaire,2026-05-17,NVDA,645.05724883,225.32,145344.3
visionnaire,2026-05-17,RKLB,451.73837628,124.77,56363.4
visionnaire,2026-05-17,SMR,1103.75275938,11.23,12395.14
visionnaire,2026-05-17,TSLA,259.99956595,422.24,109782.21
visionnaire,2026-05-17,XPEV,578.7037037,15.62,9039.35
visionnaire,2026-05-18,AMD,128.32523871,420.99,54023.64
visionnaire,2026-05-18,AMZN,336.91303432,264.86,89234.78
visionnaire,2026-05-18,BMNR,953.28884652,18.73,17855.1
visionnaire,2026-05-18,CASH,170333.92,1.0,170333.92
visionnaire,2026-05-18,CELH,4115.29728576,29.33,120701.67
visionnaire,2026-05-18,CRSP,391.46604032,48.56,19009.59
visionnaire,2026-05-18,DUOL,221.8770801,113.24,25125.36
visionnaire,2026-05-18,HIMS,4665.70337363,22.29,103998.53
visionnaire,2026-05-18,LFMD,2915.45189504,4.24,12361.52
visionnaire,2026-05-18,META,158.85623511,611.21,97094.52
visionnaire,2026-05-18,MTPLF,23255.81395349,1.89,43953.49
visionnaire,2026-05-18,NBIS,350.38542397,199.86,70028.03
visionnaire,2026-05-18,NVDA,645.05724883,222.32,143409.13
visionnaire,2026-05-18,RKLB,451.73837628,131.16,59250.01
visionnaire,2026-05-18,SMR,1103.75275938,10.48,11567.33
visionnaire,2026-05-18,TSLA,259.99956595,409.99,106597.22
visionnaire,2026-05-18,XPEV,578.7037037,15.06,8715.28
visionnaire,2026-05-19,AMD,128.32523871,414.05,53133.06
visionnaire,2026-05-19,AMZN,336.91303432,259.34,87375.03
visionnaire,2026-05-19,BMNR,953.28884652,18.63,17759.77
visionnaire,2026-05-19,CASH,170333.92,1.0,170333.92
visionnaire,2026-05-19,CELH,4115.29728576,29.13,119878.61
visionnaire,2026-05-19,CRSP,391.46604032,47.59,18629.87
visionnaire,2026-05-19,DUOL,221.8770801,114.1,25316.17
visionnaire,2026-05-19,HIMS,4665.70337363,22.44,104698.39
visionnaire,2026-05-19,LFMD,2915.45189504,4.3,12536.44
visionnaire,2026-05-19,META,158.85623511,602.61,95728.35
visionnaire,2026-05-19,MTPLF,23255.81395349,1.94,45116.28
visionnaire,2026-05-19,NBIS,350.38542397,197.73,69281.71
visionnaire,2026-05-19,NVDA,645.05724883,220.61,142306.08
visionnaire,2026-05-19,RKLB,451.73837628,127.31,57510.81
visionnaire,2026-05-19,SMR,1103.75275938,10.06,11103.75
visionnaire,2026-05-19,TSLA,259.99956595,404.11,105068.42
visionnaire,2026-05-19,XPEV,578.7037037,14.94,8645.83
visionnaire,2026-05-20,AMD,128.32523871,447.58,57435.81
visionnaire,2026-05-20,AMZN,336.91303432,265.01,89285.33
visionnaire,2026-05-20,BMNR,953.28884652,19.39,18484.27
visionnaire,2026-05-20,CASH,170333.92,1.0,170333.92
visionnaire,2026-05-20,CELH,4115.29728576,28.63,117820.96
visionnaire,2026-05-20,CRSP,391.46604032,48.55,19005.68
visionnaire,2026-05-20,DUOL,221.8770801,106.82,23700.91
visionnaire,2026-05-20,HIMS,4665.70337363,23.04,107497.81
visionnaire,2026-05-20,LFMD,2915.45189504,4.26,12419.83
visionnaire,2026-05-20,META,158.85623511,605.06,96117.55
visionnaire,2026-05-20,MTPLF,23255.81395349,1.92,44651.16
visionnaire,2026-05-20,NBIS,350.38542397,191.82,67210.93
visionnaire,2026-05-20,NVDA,645.05724883,223.47,144150.94
visionnaire,2026-05-20,RKLB,451.73837628,134.28,60659.43
visionnaire,2026-05-20,SMR,1103.75275938,10.39,11467.99
visionnaire,2026-05-20,TSLA,259.99956595,417.26,108487.42
visionnaire,2026-05-20,XPEV,578.7037037,15.14,8761.57
visionnaire,2026-05-21,AMD,128.32523871,449.59,57693.74
visionnaire,2026-05-21,AMZN,336.91303432,268.46,90447.67
visionnaire,2026-05-21,BMNR,953.28884652,19.61,18693.99
visionnaire,2026-05-21,CASH,170333.92,1.0,170333.92
visionnaire,2026-05-21,CELH,4115.29728576,29.7,122224.33
visionnaire,2026-05-21,CRSP,391.46604032,49.9,19534.16
visionnaire,2026-05-21,DUOL,221.8770801,105.64,23439.09
visionnaire,2026-05-21,HIMS,4665.70337363,24.01,112023.54
visionnaire,2026-05-21,LFMD,2915.45189504,4.07,11865.89
visionnaire,2026-05-21,META,158.85623511,607.38,96486.1
visionnaire,2026-05-21,MTPLF,23255.81395349,1.89,43953.49
visionnaire,2026-05-21,NBIS,350.38542397,219.93,77060.26
visionnaire,2026-05-21,NVDA,645.05724883,219.51,141596.51
visionnaire,2026-05-21,RKLB,451.73837628,125.45,56670.58
visionnaire,2026-05-21,SMR,1103.75275938,11.33,12505.52
visionnaire,2026-05-21,TSLA,259.99956595,417.85,108640.82
visionnaire,2026-05-21,XPEV,578.7037037,15.63,9045.14
visionnaire,2026-05-22,AMD,128.32523871,467.51,59993.33
visionnaire,2026-05-22,AMZN,336.91303432,266.32,89726.68
visionnaire,2026-05-22,BMNR,953.28884652,18.88,17998.09
visionnaire,2026-05-22,CASH,170333.92,1.0,170333.92
visionnaire,2026-05-22,CELH,4115.29728576,30.12,123952.76
visionnaire,2026-05-22,CRSP,391.46604032,50.36,19714.23
visionnaire,2026-05-22,DUOL,221.8770801,106.61,23654.32
visionnaire,2026-05-22,HIMS,4665.70337363,23.75,110810.46
visionnaire,2026-05-22,LFMD,2915.45189504,4.19,12215.74
visionnaire,2026-05-22,META,158.85623511,610.26,96943.61
visionnaire,2026-05-22,MTPLF,23255.81395349,1.93,44883.72
visionnaire,2026-05-22,NBIS,350.38542397,214.77,75252.28
visionnaire,2026-05-22,NVDA,645.05724883,215.33,138900.18
visionnaire,2026-05-22,RKLB,451.73837628,135.76,61328.0
visionnaire,2026-05-22,SMR,1103.75275938,11.4,12582.78
visionnaire,2026-05-22,TSLA,259.99956595,426.01,110762.42
visionnaire,2026-05-22,XPEV,578.7037037,15.59,9021.99
visionnaire,2026-05-23,AMD,128.32523871,467.51,59993.33
visionnaire,2026-05-23,AMZN,336.91303432,266.32,89726.68
visionnaire,2026-05-23,BMNR,953.28884652,18.88,17998.09
visionnaire,2026-05-23,CASH,170333.92,1.0,170333.92
visionnaire,2026-05-23,CELH,4115.29728576,30.12,123952.76
visionnaire,2026-05-23,CRSP,391.46604032,50.36,19714.23
visionnaire,2026-05-23,DUOL,221.8770801,106.61,23654.32
visionnaire,2026-05-23,HIMS,4665.70337363,23.75,110810.46
visionnaire,2026-05-23,LFMD,2915.45189504,4.19,12215.74
visionnaire,2026-05-23,META,158.85623511,610.26,96943.61
visionnaire,2026-05-23,MTPLF,23255.81395349,1.932,44930.23
visionnaire,2026-05-23,NBIS,350.38542397,214.77,75252.28
visionnaire,2026-05-23,NVDA,645.05724883,215.33,138900.18
visionnaire,2026-05-23,RKLB,451.73837628,135.76,61328.0
visionnaire,2026-05-23,SMR,1103.75275938,11.4,12582.78
visionnaire,2026-05-23,TSLA,259.99956595,426.01,110762.42
visionnaire,2026-05-23,XPEV,578.7037037,15.59,9021.99
visionnaire,2026-05-24,AMD,128.32523871,467.51,59993.33
visionnaire,2026-05-24,AMZN,336.91303432,266.32,89726.68
visionnaire,2026-05-24,BMNR,953.28884652,18.88,17998.09
visionnaire,2026-05-24,CASH,170333.92,1.0,170333.92
visionnaire,2026-05-24,CELH,4115.29728576,30.12,123952.76
visionnaire,2026-05-24,CRSP,391.46604032,50.36,19714.23
visionnaire,2026-05-24,DUOL,221.8770801,106.61,23654.32
visionnaire,2026-05-24,HIMS,4665.70337363,23.75,110810.46
visionnaire,2026-05-24,LFMD,2915.45189504,4.19,12215.74
visionnaire,2026-05-24,META,158.85623511,610.26,96943.61
visionnaire,2026-05-24,MTPLF,23255.81395349,1.932,44930.23
visionnaire,2026-05-24,NBIS,350.38542397,214.77,75252.28
visionnaire,2026-05-24,NVDA,645.05724883,215.33,138900.18
visionnaire,2026-05-24,RKLB,451.73837628,135.76,61328.0
visionnaire,2026-05-24,SMR,1103.75275938,11.4,12582.78
visionnaire,2026-05-24,TSLA,259.99956595,426.01,110762.42
visionnaire,2026-05-24,XPEV,578.7037037,15.59,9021.99
visionnaire,2026-05-25,AMD,128.32523871,467.51,59993.33
visionnaire,2026-05-25,AMZN,336.91303432,266.32,89726.68
visionnaire,2026-05-25,BMNR,953.28884652,18.88,17998.09
visionnaire,2026-05-25,CASH,170333.92,1.0,170333.92
visionnaire,2026-05-25,CELH,4115.29728576,30.12,123952.76
visionnaire,2026-05-25,CRSP,391.46604032,50.36,19714.23
visionnaire,2026-05-25,DUOL,221.8770801,106.61,23654.32
visionnaire,2026-05-25,HIMS,4665.70337363,23.75,110810.46
visionnaire,2026-05-25,LFMD,2915.45189504,4.19,12215.74
visionnaire,2026-05-25,META,158.85623511,610.26,96943.61
visionnaire,2026-05-25,MTPLF,23255.81395349,1.932,44930.23
visionnaire,2026-05-25,NBIS,350.38542397,214.77,75252.28
visionnaire,2026-05-25,NVDA,645.05724883,215.33,138900.18
visionnaire,2026-05-25,RKLB,451.73837628,135.76,61328.0
visionnaire,2026-05-25,SMR,1103.75275938,11.4,12582.78
visionnaire,2026-05-25,TSLA,259.99956595,426.01,110762.42
visionnaire,2026-05-25,XPEV,578.7037037,15.59,9021.99
visionnaire,2026-05-26,AMD,128.32523871,503.89,64661.81
visionnaire,2026-05-26,AMZN,336.91303432,265.29,89379.66
visionnaire,2026-05-26,BMNR,953.28884652,19.2,18303.15
visionnaire,2026-05-26,CASH,52526.52,1.0,52526.52
visionnaire,2026-05-26,CELH,4115.29728576,29.67,122100.87
visionnaire,2026-05-26,CRSP,391.46604032,51.59,20195.73
visionnaire,2026-05-26,DUOL,221.8770801,106.48,23625.47
visionnaire,2026-05-26,HIMS,4665.70337363,23.85,111277.03
visionnaire,2026-05-26,LFMD,2915.45189504,4.24,12361.52
visionnaire,2026-05-26,META,158.85623511,612.34,97274.03
visionnaire,2026-05-26,MTPLF,23255.81395349,1.8,41860.46
visionnaire,2026-05-26,NBIS,350.38542397,208.06,72901.19
visionnaire,2026-05-26,NIO,2231.20075758,5.26,11736.12
visionnaire,2026-05-26,NU,3667.15642023,12.98,47599.69
visionnaire,2026-05-26,NVDA,645.05724883,214.86,138597.0
visionnaire,2026-05-26,RKLB,451.73837628,143.2,64688.93
visionnaire,2026-05-26,SMCI,325.88492393,37.1,12090.33
visionnaire,2026-05-26,SMR,1103.75275938,12.22,13487.86
visionnaire,2026-05-26,SOFI,2923.26054591,15.98,46713.7
visionnaire,2026-05-26,TSLA,259.99956595,433.59,112733.21
visionnaire,2026-05-26,XPEV,578.7037037,16.55,9577.55
visionnaire,2026-05-27,AMD,128.32523871,495.54,63590.29
visionnaire,2026-05-27,AMZN,336.91303432,271.85,91589.81
visionnaire,2026-05-27,BMNR,953.28884652,18.82,17940.9
visionnaire,2026-05-27,CASH,52526.52,1.0,52526.52
visionnaire,2026-05-27,CELH,4115.29728576,31.65,130249.16
visionnaire,2026-05-27,CRSP,391.46604032,53.53,20955.18
visionnaire,2026-05-27,DUOL,221.8770801,107.82,23922.79
visionnaire,2026-05-27,HIMS,4665.70337363,25.2,117575.73
visionnaire,2026-05-27,LFMD,2915.45189504,4.57,13323.62
visionnaire,2026-05-27,META,158.85623511,635.255,100914.22
visionnaire,2026-05-27,MTPLF,23255.81395349,1.82,42325.58
visionnaire,2026-05-27,NBIS,350.38542397,208.37,73009.81
visionnaire,2026-05-27,NIO,2231.20075758,5.75,12829.4
visionnaire,2026-05-27,NU,3667.15642023,13.03,47783.05
visionnaire,2026-05-27,NVDA,645.05724883,212.6,137139.18
visionnaire,2026-05-27,RKLB,451.73837628,150.23,67864.65
visionnaire,2026-05-27,SMCI,325.88492393,38.19,12445.54
visionnaire,2026-05-27,SMR,1103.75275938,12.07,13322.3
visionnaire,2026-05-27,SOFI,2923.26054591,16.17,47269.12
visionnaire,2026-05-27,TSLA,259.99956595,440.36,114493.41
visionnaire,2026-05-27,XPEV,578.7037037,16.45,9519.68
visionnaire,2026-05-28,AMD,128.32523871,518.09,66484.03
visionnaire,2026-05-28,AMZN,336.91303432,274.0,92314.17
visionnaire,2026-05-28,BMNR,953.28884652,19.25,18350.81
visionnaire,2026-05-28,CASH,52526.52,1.0,52526.52
visionnaire,2026-05-28,CELH,4115.29728576,33.22,136710.18
visionnaire,2026-05-28,CRSP,391.46604032,56.38,22070.86
visionnaire,2026-05-28,DUOL,221.8770801,108.67,24111.38
visionnaire,2026-05-28,HIMS,4665.70337363,25.38,118415.55
visionnaire,2026-05-28,LFMD,2915.45189504,4.59,13381.92
visionnaire,2026-05-28,META,158.85623511,635.29,100919.77
visionnaire,2026-05-28,MTPLF,23255.81395349,1.81,42093.02
visionnaire,2026-05-28,NBIS,350.38542397,226.34,79306.24
visionnaire,2026-05-28,NIO,2231.20075758,5.55,12383.16
visionnaire,2026-05-28,NU,3667.15642023,13.05,47856.39
visionnaire,2026-05-28,NVDA,645.05724883,214.25,138203.52
visionnaire,2026-05-28,RKLB,451.73837628,148.03,66870.83
visionnaire,2026-05-28,SMCI,325.88492393,41.3,13459.05
visionnaire,2026-05-28,SMR,1103.75275938,12.19,13454.75
visionnaire,2026-05-28,SOFI,2923.26054591,16.97,49607.73
visionnaire,2026-05-28,TSLA,259.99956595,442.1,114945.81
visionnaire,2026-05-28,XPEV,578.7037037,16.44,9513.89
visionnaire,2026-05-29,AMD,128.32523871,516.1,66228.65
visionnaire,2026-05-29,AMZN,336.91303432,270.64,91182.15
visionnaire,2026-05-29,BMNR,953.28884652,19.27,18369.88
visionnaire,2026-05-29,CASH,52526.52,1.0,52526.52
visionnaire,2026-05-29,CELH,4115.29728576,33.27,136915.94
visionnaire,2026-05-29,CRSP,391.46604032,56.18,21992.56
visionnaire,2026-05-29,DUOL,221.8770801,111.36,24708.23
visionnaire,2026-05-29,HIMS,4665.70337363,26.15,122008.14
visionnaire,2026-05-29,LFMD,2915.45189504,4.28,12478.13
visionnaire,2026-05-29,META,158.85623511,632.51,100478.16
visionnaire,2026-05-29,MTPLF,23255.81395349,1.82,42325.58
visionnaire,2026-05-29,NBIS,350.38542397,231.09,80970.57
visionnaire,2026-05-29,NIO,2231.20075758,5.6,12494.72
visionnaire,2026-05-29,NU,3667.15642023,13.13,48149.76
visionnaire,2026-05-29,NVDA,645.05724883,211.14,136197.39
visionnaire,2026-05-29,RKLB,451.73837628,143.48,64815.42
visionnaire,2026-05-29,SMCI,325.88492393,46.09,15020.04
visionnaire,2026-05-29,SMR,1103.75275938,12.67,13984.55
visionnaire,2026-05-29,SOFI,2923.26054591,18.22,53261.81
visionnaire,2026-05-29,TSLA,259.99956595,435.79,113305.21
visionnaire,2026-05-29,XPEV,578.7037037,16.45,9519.68
visionnaire,2026-05-30,AMD,128.32523871,516.1,66228.65
visionnaire,2026-05-30,AMZN,336.91303432,270.64,91182.15
visionnaire,2026-05-30,BMNR,953.28884652,19.27,18369.88
visionnaire,2026-05-30,CASH,52526.52,1.0,52526.52
visionnaire,2026-05-30,CELH,4115.29728576,33.27,136915.94
visionnaire,2026-05-30,CRSP,391.46604032,56.18,21992.56
visionnaire,2026-05-30,DUOL,221.8770801,111.36,24708.23
visionnaire,2026-05-30,HIMS,4665.70337363,26.15,122008.14
visionnaire,2026-05-30,LFMD,2915.45189504,4.28,12478.13
visionnaire,2026-05-30,META,158.85623511,632.51,100478.16
visionnaire,2026-05-30,MTPLF,23255.81395349,1.816,42232.56
visionnaire,2026-05-30,NBIS,350.38542397,231.09,80970.57
visionnaire,2026-05-30,NIO,2231.20075758,5.6,12494.72
visionnaire,2026-05-30,NU,3667.15642023,13.13,48149.76
visionnaire,2026-05-30,NVDA,645.05724883,211.14,136197.39
visionnaire,2026-05-30,RKLB,451.73837628,143.48,64815.42
visionnaire,2026-05-30,SMCI,325.88492393,46.09,15020.04
visionnaire,2026-05-30,SMR,1103.75275938,12.67,13984.55
visionnaire,2026-05-30,SOFI,2923.26054591,18.22,53261.81
visionnaire,2026-05-30,TSLA,259.99956595,435.79,113305.21
visionnaire,2026-05-30,XPEV,578.7037037,16.45,9519.68
visionnaire,2026-05-31,AMD,128.32523871,516.1,66228.65
visionnaire,2026-05-31,AMZN,336.91303432,270.64,91182.15
visionnaire,2026-05-31,BMNR,953.28884652,19.27,18369.88
visionnaire,2026-05-31,CASH,52526.52,1.0,52526.52
visionnaire,2026-05-31,CELH,4115.29728576,33.27,136915.94
visionnaire,2026-05-31,CRSP,391.46604032,56.18,21992.56
visionnaire,2026-05-31,DUOL,221.8770801,111.36,24708.23
visionnaire,2026-05-31,HIMS,4665.70337363,26.15,122008.14
visionnaire,2026-05-31,LFMD,2915.45189504,4.28,12478.13
visionnaire,2026-05-31,META,158.85623511,632.51,100478.16
visionnaire,2026-05-31,MTPLF,23255.81395349,1.816,42232.56
visionnaire,2026-05-31,NBIS,350.38542397,231.09,80970.57
visionnaire,2026-05-31,NIO,2231.20075758,5.6,12494.72
visionnaire,2026-05-31,NU,3667.15642023,13.13,48149.76
visionnaire,2026-05-31,NVDA,645.05724883,211.14,136197.39
visionnaire,2026-05-31,RKLB,451.73837628,143.48,64815.42
visionnaire,2026-05-31,SMCI,325.88492393,46.09,15020.04
visionnaire,2026-05-31,SMR,1103.75275938,12.67,13984.55
visionnaire,2026-05-31,SOFI,2923.26054591,18.22,53261.81
visionnaire,2026-05-31,TSLA,259.99956595,435.79,113305.21
visionnaire,2026-05-31,XPEV,578.7037037,16.45,9519.68
visionnaire,2026-06-01,AMD,128.32523871,510.13,65462.55
visionnaire,2026-06-01,BMNR,953.28884652,18.85,17969.5
visionnaire,2026-06-01,CASH,92408.64,1.0,92408.64
visionnaire,2026-06-01,CELH,4115.29728576,30.88,127080.38
visionnaire,2026-06-01,CRSP,391.46604032,54.19,21213.54
visionnaire,2026-06-01,DUOL,221.8770801,117.97,26174.84
visionnaire,2026-06-01,HIMS,4665.70337363,27.76,129519.93
visionnaire,2026-06-01,LFMD,2915.45189504,4.63,13498.54
visionnaire,2026-06-01,META,158.85623511,600.47,95388.4
visionnaire,2026-06-01,MTPLF,23255.81395349,1.77,41162.79
visionnaire,2026-06-01,NBIS,350.38542397,264.51,92680.45
visionnaire,2026-06-01,NIO,2231.20075758,5.98,13342.58
visionnaire,2026-06-01,NU,3667.15642023,12.99,47636.36
visionnaire,2026-06-01,NVDA,645.05724883,224.36,144725.04
visionnaire,2026-06-01,RKLB,451.73837628,122.39,55288.26
visionnaire,2026-06-01,SMCI,325.88492393,46.88,15277.49
visionnaire,2026-06-01,SMR,1103.75275938,12.89,14227.37
visionnaire,2026-06-01,SOFI,2923.26054591,18.58,54314.18
visionnaire,2026-06-01,TSLA,259.99956595,415.88,108128.62
visionnaire,2026-06-01,XPEV,578.7037037,17.2,9953.7
visionnaire,2026-06-01,ZETA,2017.83523654,25.22,50889.8
visionnaire,2026-06-02,AMD,128.32523871,521.54,66926.74
visionnaire,2026-06-02,BMNR,953.28884652,17.97,17130.6
visionnaire,2026-06-02,CASH,92408.64,1.0,92408.64
visionnaire,2026-06-02,CELH,4115.29728576,30.54,125681.18
visionnaire,2026-06-02,CRSP,391.46604032,52.02,20364.06
visionnaire,2026-06-02,DUOL,221.8770801,109.95,24395.38
visionnaire,2026-06-02,HIMS,4665.70337363,27.51,128353.5
visionnaire,2026-06-02,LFMD,2915.45189504,4.69,13673.47
visionnaire,2026-06-02,META,158.85623511,597.63,94937.25
visionnaire,2026-06-02,MTPLF,23255.81395349,1.6,37209.3
visionnaire,2026-06-02,NBIS,350.38542397,260.58,91303.43
visionnaire,2026-06-02,NIO,2231.20075758,6.01,13409.52
visionnaire,2026-06-02,NU,3667.15642023,11.93,43749.18
visionnaire,2026-06-02,NVDA,645.05724883,222.82,143731.66
visionnaire,2026-06-02,RKLB,451.73837628,123.32,55708.38
visionnaire,2026-06-02,SMCI,325.88492393,50.17,16349.65
visionnaire,2026-06-02,SMR,1103.75275938,13.95,15397.35
visionnaire,2026-06-02,SOFI,2923.26054591,17.74,51858.64
visionnaire,2026-06-02,TSLA,259.99956595,423.74,110172.21
visionnaire,2026-06-02,XPEV,578.7037037,17.89,10353.01
visionnaire,2026-06-02,ZETA,2017.83523654,25.25,50950.34
visionnaire,2026-06-03,AMD,128.32523871,542.52,69619.01
visionnaire,2026-06-03,BMNR,953.28884652,16.9,16110.58
visionnaire,2026-06-03,CASH,92408.64,1.0,92408.64
visionnaire,2026-06-03,CELH,4115.29728576,30.01,123500.07
visionnaire,2026-06-03,CRSP,391.46604032,52.08,20387.55
visionnaire,2026-06-03,DUOL,221.8770801,107.4,23829.6
visionnaire,2026-06-03,HIMS,4665.70337363,27.51,128353.5
visionnaire,2026-06-03,LFMD,2915.45189504,4.56,13294.46
visionnaire,2026-06-03,META,158.85623511,622.98,98964.25
visionnaire,2026-06-03,MTPLF,23255.81395349,1.55,36046.51
visionnaire,2026-06-03,NBIS,350.38542397,251.68,88185.0
visionnaire,2026-06-03,NIO,2231.20075758,5.75,12829.4
visionnaire,2026-06-03,NU,3667.15642023,11.64,42685.7
visionnaire,2026-06-03,NVDA,645.05724883,214.75,138526.04
visionnaire,2026-06-03,RKLB,451.73837628,114.7,51814.39
visionnaire,2026-06-03,SMCI,325.88492393,47.42,15453.46
visionnaire,2026-06-03,SMR,1103.75275938,12.27,13543.05
visionnaire,2026-06-03,SOFI,2923.26054591,16.68,48759.99
visionnaire,2026-06-03,TSLA,259.99956595,423.7,110161.82
visionnaire,2026-06-03,XPEV,578.7037037,17.46,10104.17
visionnaire,2026-06-03,ZETA,2017.83523654,23.27,46955.03
visionnaire,2026-06-04,AMD,128.32523871,523.2,67139.77
visionnaire,2026-06-04,BMNR,953.28884652,17.89,17054.34
visionnaire,2026-06-04,CASH,92408.64,1.0,92408.64
visionnaire,2026-06-04,CELH,4115.29728576,27.75,114199.5
visionnaire,2026-06-04,CRSP,391.46604032,56.95,22293.99
visionnaire,2026-06-04,DUOL,221.8770801,109.15,24217.88
visionnaire,2026-06-04,HIMS,4665.70337363,28.01,130686.35
visionnaire,2026-06-04,LFMD,2915.45189504,4.87,14198.25
visionnaire,2026-06-04,META,158.85623511,627.57,99693.41
visionnaire,2026-06-04,MTPLF,23255.81395349,1.52,35348.84
visionnaire,2026-06-04,NBIS,350.38542397,259.67,90984.59
visionnaire,2026-06-04,NIO,2231.20075758,5.69,12695.53
visionnaire,2026-06-04,NU,3667.15642023,12.12,44445.94
visionnaire,2026-06-04,NVDA,645.05724883,218.66,141048.22
visionnaire,2026-06-04,RKLB,451.73837628,119.95,54186.02
visionnaire,2026-06-04,SMCI,325.88492393,46.9,15284.0
visionnaire,2026-06-04,SMR,1103.75275938,12.0,13245.03
visionnaire,2026-06-04,SOFI,2923.26054591,17.15,50133.92
visionnaire,2026-06-04,TSLA,259.99956595,418.45,108796.82
visionnaire,2026-06-04,XPEV,578.7037037,16.81,9728.01
visionnaire,2026-06-04,ZETA,2017.83523654,23.15,46712.88
visionnaire,2026-06-05,AMD,128.32523871,466.38,59848.33
visionnaire,2026-06-05,BMNR,953.28884652,15.9,15157.29
visionnaire,2026-06-05,CASH,92408.64,1.0,92408.64
visionnaire,2026-06-05,CELH,4115.29728576,28.13,115763.31
visionnaire,2026-06-05,CRSP,391.46604032,51.84,20293.6
visionnaire,2026-06-05,DUOL,221.8770801,109.03,24191.26
visionnaire,2026-06-05,HIMS,4665.70337363,26.19,122194.77
visionnaire,2026-06-05,LFMD,2915.45189504,4.89,14256.56
visionnaire,2026-06-05,META,158.85623511,593.0,94201.75
visionnaire,2026-06-05,MTPLF,23255.81395349,1.53,35581.39
visionnaire,2026-06-05,NBIS,350.38542397,227.81,79821.3
visionnaire,2026-06-05,NIO,2231.20075758,5.36,11959.24
visionnaire,2026-06-05,NU,3667.15642023,11.97,43895.86
visionnaire,2026-06-05,NVDA,645.05724883,205.1,132301.25
visionnaire,2026-06-05,RKLB,451.73837628,110.08,49727.36
visionnaire,2026-06-05,SMCI,325.88492393,41.64,13569.85
visionnaire,2026-06-05,SMR,1103.75275938,10.5,11589.4
visionnaire,2026-06-05,SOFI,2923.26054591,16.03,46859.87
visionnaire,2026-06-05,TSLA,259.99956595,391.0,101659.83
visionnaire,2026-06-05,XPEV,578.7037037,15.95,9230.32
visionnaire,2026-06-05,ZETA,2017.83523654,22.02,44432.73
visionnaire,2026-06-06,AMD,128.32523871,466.38,59848.33
visionnaire,2026-06-06,BMNR,953.28884652,15.9,15157.29
visionnaire,2026-06-06,CASH,92408.64,1.0,92408.64
visionnaire,2026-06-06,CELH,4115.29728576,28.13,115763.31
visionnaire,2026-06-06,CRSP,391.46604032,51.84,20293.6
visionnaire,2026-06-06,DUOL,221.8770801,109.03,24191.26
visionnaire,2026-06-06,HIMS,4665.70337363,26.19,122194.77
visionnaire,2026-06-06,LFMD,2915.45189504,4.89,14256.56
visionnaire,2026-06-06,META,158.85623511,593.0,94201.75
visionnaire,2026-06-06,MTPLF,23255.81395349,1.4,32558.14
visionnaire,2026-06-06,NBIS,350.38542397,227.81,79821.3
visionnaire,2026-06-06,NIO,2231.20075758,5.36,11959.24
visionnaire,2026-06-06,NU,3667.15642023,11.97,43895.86
visionnaire,2026-06-06,NVDA,645.05724883,205.1,132301.25
visionnaire,2026-06-06,RKLB,451.73837628,110.08,49727.36
visionnaire,2026-06-06,SMCI,325.88492393,41.64,13569.85
visionnaire,2026-06-06,SMR,1103.75275938,10.5,11589.4
visionnaire,2026-06-06,SOFI,2923.26054591,16.03,46859.87
visionnaire,2026-06-06,TSLA,259.99956595,391.0,101659.83
visionnaire,2026-06-06,XPEV,578.7037037,15.95,9230.32
visionnaire,2026-06-06,ZETA,2017.83523654,22.02,44432.73
visionnaire,2026-06-07,AMD,128.32523871,466.38,59848.33
visionnaire,2026-06-07,BMNR,953.28884652,15.9,15157.29
visionnaire,2026-06-07,CASH,92408.64,1.0,92408.64
visionnaire,2026-06-07,CELH,4115.29728576,28.13,115763.31
visionnaire,2026-06-07,CRSP,391.46604032,51.84,20293.6
visionnaire,2026-06-07,DUOL,221.8770801,109.03,24191.26
visionnaire,2026-06-07,HIMS,4665.70337363,26.19,122194.77
visionnaire,2026-06-07,LFMD,2915.45189504,4.89,14256.56
visionnaire,2026-06-07,META,158.85623511,593.0,94201.75
visionnaire,2026-06-07,MTPLF,23255.81395349,1.4,32558.14
visionnaire,2026-06-07,NBIS,350.38542397,227.81,79821.3
visionnaire,2026-06-07,NIO,2231.20075758,5.36,11959.24
visionnaire,2026-06-07,NU,3667.15642023,11.97,43895.86
visionnaire,2026-06-07,NVDA,645.05724883,205.1,132301.25
visionnaire,2026-06-07,RKLB,451.73837628,110.08,49727.36
visionnaire,2026-06-07,SMCI,325.88492393,41.64,13569.85
visionnaire,2026-06-07,SMR,1103.75275938,10.5,11589.4
visionnaire,2026-06-07,SOFI,2923.26054591,16.03,46859.87
visionnaire,2026-06-07,TSLA,259.99956595,391.0,101659.83
visionnaire,2026-06-07,XPEV,578.7037037,15.95,9230.32
visionnaire,2026-06-07,ZETA,2017.83523654,22.02,44432.73
visionnaire,2026-06-08,AMD,128.32523871,490.33,62921.71
visionnaire,2026-06-08,BMNR,953.28884652,16.85,16062.92
visionnaire,2026-06-08,CASH,92408.64,1.0,92408.64
visionnaire,2026-06-08,CELH,4115.29728576,28.0,115228.32
visionnaire,2026-06-08,CRSP,391.46604032,51.6,20199.65
visionnaire,2026-06-08,DUOL,221.8770801,117.96,26172.62
visionnaire,2026-06-08,HIMS,4665.70337363,27.17,126767.16
visionnaire,2026-06-08,LFMD,2915.45189504,5.02,14635.57
visionnaire,2026-06-08,META,158.85623511,585.39,92992.85
visionnaire,2026-06-08,MTPLF,23255.81395349,1.48,34418.61
visionnaire,2026-06-08,NBIS,350.38542397,218.0,76384.02
visionnaire,2026-06-08,NIO,2231.20075758,5.45,12160.04
visionnaire,2026-06-08,NU,3667.15642023,11.6,42539.02
visionnaire,2026-06-08,NVDA,645.05724883,208.64,134584.74
visionnaire,2026-06-08,RKLB,451.73837628,113.65,51340.07
visionnaire,2026-06-08,SMCI,325.88492393,43.99,14335.68
visionnaire,2026-06-08,SMR,1103.75275938,10.76,11876.38
visionnaire,2026-06-08,SOFI,2923.26054591,16.5,48233.8
visionnaire,2026-06-08,TSLA,259.99956595,408.95,106326.83
visionnaire,2026-06-08,XPEV,578.7037037,15.83,9160.88
visionnaire,2026-06-08,ZETA,2017.83523654,21.76,43908.1
visionnaire,2026-06-09,AMD,128.32523871,475.505,61019.29
visionnaire,2026-06-09,BMNR,953.28884652,16.2,15443.28
visionnaire,2026-06-09,CASH,92408.64,1.0,92408.64
visionnaire,2026-06-09,CELH,4115.29728576,28.19,116010.23
visionnaire,2026-06-09,CRSP,391.46604032,51.48,20152.67
visionnaire,2026-06-09,DUOL,221.8770801,117.86,26150.43
visionnaire,2026-06-09,HIMS,4665.70337363,28.98,135212.08
visionnaire,2026-06-09,LFMD,2915.45189504,4.82,14052.48
visionnaire,2026-06-09,META,158.85623511,584.59,92865.77
visionnaire,2026-06-09,MTPLF,23255.81395349,1.44,33488.37
visionnaire,2026-06-09,NBIS,350.38542397,220.12,77126.84
visionnaire,2026-06-09,NIO,2231.20075758,5.28,11780.74
visionnaire,2026-06-09,NU,3667.15642023,11.88,43565.82
visionnaire,2026-06-09,NVDA,645.05724883,208.19,134294.47
visionnaire,2026-06-09,RKLB,451.73837628,108.23,48891.65
visionnaire,2026-06-09,SMCI,325.88492393,40.64,13243.96
visionnaire,2026-06-09,SMR,1103.75275938,10.0,11037.53
visionnaire,2026-06-09,SOFI,2923.26054591,16.47,48146.1
visionnaire,2026-06-09,TSLA,259.99956595,396.68,103136.63
visionnaire,2026-06-09,XPEV,578.7037037,15.48,8958.33
visionnaire,2026-06-09,ZETA,2017.83523654,21.08,42535.97
visionnaire,2026-06-10,AMD,128.32523871,452.4,58054.34
visionnaire,2026-06-10,BMNR,953.28884652,15.64,14909.44
visionnaire,2026-06-10,CASH,92408.64,1.0,92408.64
visionnaire,2026-06-10,CELH,4115.29728576,28.37,116750.99
visionnaire,2026-06-10,CRSP,391.46604032,49.44,19354.08
visionnaire,2026-06-10,DUOL,221.8770801,121.92,27051.25
visionnaire,2026-06-10,HIMS,4665.70337363,27.78,129613.24
visionnaire,2026-06-10,LFMD,2915.45189504,4.97,14489.8
visionnaire,2026-06-10,META,158.85623511,570.98,90703.73
visionnaire,2026-06-10,MTPLF,23255.81395349,1.44,33488.37
visionnaire,2026-06-10,NBIS,350.38542397,211.69,74173.09
visionnaire,2026-06-10,NIO,2231.20075758,5.18,11557.62
visionnaire,2026-06-10,NU,3667.15642023,11.62,42612.36
visionnaire,2026-06-10,NVDA,645.05724883,200.42,129282.37
visionnaire,2026-06-10,RKLB,451.73837628,105.05,47455.12
visionnaire,2026-06-10,SMCI,325.88492393,29.27,9538.65
visionnaire,2026-06-10,SMR,1103.75275938,9.29,10253.86
visionnaire,2026-06-10,SOFI,2923.26054591,15.87,46392.14
visionnaire,2026-06-10,TSLA,259.99956595,381.59,99213.23
visionnaire,2026-06-10,XPEV,578.7037037,14.86,8599.54
visionnaire,2026-06-10,ZETA,2017.83523654,19.93,40215.46
visionnaire,2026-06-11,AMD,128.32523871,488.45,62680.46
visionnaire,2026-06-11,BMNR,953.28884652,16.52,15748.33
visionnaire,2026-06-11,CASH,92408.64,1.0,92408.64
visionnaire,2026-06-11,CELH,4115.29728576,28.4,116874.44
visionnaire,2026-06-11,CRSP,391.46604032,50.23,19663.34
visionnaire,2026-06-11,DUOL,221.8770801,123.845,27478.37
visionnaire,2026-06-11,HIMS,4665.70337363,28.87,134698.86
visionnaire,2026-06-11,LFMD,2915.45189504,4.9,14285.71
visionnaire,2026-06-11,META,158.85623511,568.43,90298.65
visionnaire,2026-06-11,MTPLF,23255.81395349,1.43,33255.81
visionnaire,2026-06-11,NBIS,350.38542397,222.24,77869.66
visionnaire,2026-06-11,NIO,2231.20075758,5.23,11669.18
visionnaire,2026-06-11,NU,3667.15642023,12.09,44335.92
visionnaire,2026-06-11,NVDA,645.05724883,204.87,132152.88
visionnaire,2026-06-11,RKLB,451.73837628,114.78,51850.53
visionnaire,2026-06-11,SMCI,325.88492393,31.97,10418.54
visionnaire,2026-06-11,SMR,1103.75275938,9.57,10562.91
visionnaire,2026-06-11,SOFI,2923.26054591,16.67,48730.75
visionnaire,2026-06-11,TSLA,259.99956595,399.15,103778.83
visionnaire,2026-06-11,XPEV,578.7037037,14.46,8368.06
visionnaire,2026-06-11,ZETA,2017.83523654,20.06,40477.77
visionnaire,2026-06-12,AMD,128.32523871,511.57,65647.34
visionnaire,2026-06-12,BMNR,953.28884652,16.11,15357.48
visionnaire,2026-06-12,CASH,54456.56,1.0,54456.56
visionnaire,2026-06-12,CELH,4115.29728576,29.18,120084.38
visionnaire,2026-06-12,CRSP,391.46604032,49.8,19495.01
visionnaire,2026-06-12,DUOL,221.8770801,122.63,27208.79
visionnaire,2026-06-12,HIMS,4665.70337363,26.82,125134.16
visionnaire,2026-06-12,LFMD,2915.45189504,4.7,13702.62
visionnaire,2026-06-12,META,158.85623511,566.98,90068.31
visionnaire,2026-06-12,MTPLF,34557.44883168,1.51,52181.75
visionnaire,2026-06-12,NBIS,350.38542397,232.36,81415.56
visionnaire,2026-06-12,NIO,2231.20075758,5.21,11624.56
visionnaire,2026-06-12,NU,3667.15642023,12.19,44702.64
visionnaire,2026-06-12,NVDA,645.05724883,205.19,132359.3
visionnaire,2026-06-12,RKLB,451.73837628,102.39,46253.49
visionnaire,2026-06-12,SMCI,325.88492393,30.46,9926.45
visionnaire,2026-06-12,SMR,1103.75275938,9.89,10916.12
visionnaire,2026-06-12,SOFI,2923.26054591,16.58,48467.66
visionnaire,2026-06-12,TSLA,259.99956595,406.43,105671.62
visionnaire,2026-06-12,XPEV,578.7037037,14.49,8385.42
visionnaire,2026-06-12,ZETA,3073.56213556,20.21,62116.69
visionnaire,2026-06-13,AMD,128.32523871,511.57,65647.34
visionnaire,2026-06-13,BMNR,953.28884652,16.11,15357.48
visionnaire,2026-06-13,CASH,54456.56,1.0,54456.56
visionnaire,2026-06-13,CELH,4115.29728576,29.18,120084.38
visionnaire,2026-06-13,CRSP,391.46604032,49.8,19495.01
visionnaire,2026-06-13,DUOL,221.8770801,122.63,27208.79
visionnaire,2026-06-13,HIMS,4665.70337363,26.82,125134.16
visionnaire,2026-06-13,LFMD,2915.45189504,4.7,13702.62
visionnaire,2026-06-13,META,158.85623511,566.98,90068.31
visionnaire,2026-06-13,MTPLF,34557.44883168,1.51,52181.75
visionnaire,2026-06-13,NBIS,350.38542397,232.36,81415.56
visionnaire,2026-06-13,NIO,2231.20075758,5.21,11624.56
visionnaire,2026-06-13,NU,3667.15642023,12.19,44702.64
visionnaire,2026-06-13,NVDA,645.05724883,205.19,132359.3
visionnaire,2026-06-13,RKLB,451.73837628,102.39,46253.49
visionnaire,2026-06-13,SMCI,325.88492393,30.46,9926.45
visionnaire,2026-06-13,SMR,1103.75275938,9.89,10916.12
visionnaire,2026-06-13,SOFI,2923.26054591,16.58,48467.66
visionnaire,2026-06-13,TSLA,259.99956595,406.43,105671.62
visionnaire,2026-06-13,XPEV,578.7037037,14.49,8385.42
visionnaire,2026-06-13,ZETA,3073.56213556,20.21,62116.69
visionnaire,2026-06-14,AMD,128.32523871,511.57,65647.34
visionnaire,2026-06-14,BMNR,953.28884652,16.11,15357.48
visionnaire,2026-06-14,CASH,54456.56,1.0,54456.56
visionnaire,2026-06-14,CELH,4115.29728576,29.18,120084.38
visionnaire,2026-06-14,CRSP,391.46604032,49.8,19495.01
visionnaire,2026-06-14,DUOL,221.8770801,122.63,27208.79
visionnaire,2026-06-14,HIMS,4665.70337363,26.82,125134.16
visionnaire,2026-06-14,LFMD,2915.45189504,4.7,13702.62
visionnaire,2026-06-14,META,158.85623511,566.98,90068.31
visionnaire,2026-06-14,MTPLF,34557.44883168,1.51,52181.75
visionnaire,2026-06-14,NBIS,350.38542397,232.36,81415.56
visionnaire,2026-06-14,NIO,2231.20075758,5.21,11624.56
visionnaire,2026-06-14,NU,3667.15642023,12.19,44702.64
visionnaire,2026-06-14,NVDA,645.05724883,205.19,132359.3
visionnaire,2026-06-14,RKLB,451.73837628,102.39,46253.49
visionnaire,2026-06-14,SMCI,325.88492393,30.46,9926.45
visionnaire,2026-06-14,SMR,1103.75275938,9.89,10916.12
visionnaire,2026-06-14,SOFI,2923.26054591,16.58,48467.66
visionnaire,2026-06-14,TSLA,259.99956595,406.43,105671.62
visionnaire,2026-06-14,XPEV,578.7037037,14.49,8385.42
visionnaire,2026-06-14,ZETA,3073.56213556,20.21,62116.69
visionnaire,2026-06-15,AMD,128.32523871,547.26,70227.27
visionnaire,2026-06-15,BMNR,953.28884652,17.11,16310.77
visionnaire,2026-06-15,CASH,54456.56,1.0,54456.56
visionnaire,2026-06-15,CELH,4115.29728576,28.74,118273.64
visionnaire,2026-06-15,CRSP,391.46604032,52.61,20595.03
visionnaire,2026-06-15,DUOL,221.8770801,127.06,28191.7
visionnaire,2026-06-15,HIMS,4665.70337363,30.17,140764.27
visionnaire,2026-06-15,LFMD,2915.45189504,4.91,14314.87
visionnaire,2026-06-15,META,158.85623511,593.48,94278.0
visionnaire,2026-06-15,MTPLF,34557.44883168,1.51,52181.75
visionnaire,2026-06-15,NBIS,350.38542397,260.07,91124.74
visionnaire,2026-06-15,NIO,2231.20075758,5.2,11602.24
visionnaire,2026-06-15,NU,3667.15642023,12.43,45582.76
visionnaire,2026-06-15,NVDA,645.05724883,212.45,137042.41
visionnaire,2026-06-15,RKLB,451.73837628,109.25,49352.42
visionnaire,2026-06-15,SMCI,325.88492393,30.85,10053.55
visionnaire,2026-06-15,SMR,1103.75275938,10.64,11743.93
visionnaire,2026-06-15,SOFI,2923.26054591,17.13,50075.45
visionnaire,2026-06-15,TSLA,259.99956595,411.15,106898.82
visionnaire,2026-06-15,XPEV,578.7037037,14.49,8385.42
visionnaire,2026-06-15,ZETA,3073.56213556,19.77,60764.32
visionnaire,2026-06-16,AMD,128.32523871,507.29,65098.11
visionnaire,2026-06-16,BMNR,953.28884652,16.21,15452.81
visionnaire,2026-06-16,CASH,54456.56,1.0,54456.56
visionnaire,2026-06-16,CELH,4115.29728576,30.01,123500.07
visionnaire,2026-06-16,CRSP,391.46604032,52.02,20364.06
visionnaire,2026-06-16,DUOL,221.8770801,128.07,28415.8
visionnaire,2026-06-16,HIMS,4665.70337363,31.47,146829.68
visionnaire,2026-06-16,LFMD,2915.45189504,4.82,14052.48
visionnaire,2026-06-16,META,158.85623511,600.21,95347.1
visionnaire,2026-06-16,MTPLF,34557.44883168,1.6,55291.92
visionnaire,2026-06-16,NBIS,350.38542397,265.1,92887.18
visionnaire,2026-06-16,NIO,2231.20075758,5.01,11178.32
visionnaire,2026-06-16,NU,3667.15642023,12.72,46646.23
visionnaire,2026-06-16,NVDA,645.05724883,207.41,133791.33
visionnaire,2026-06-16,RKLB,451.73837628,104.63,47265.39
visionnaire,2026-06-16,SMCI,325.88492393,29.22,9522.36
visionnaire,2026-06-16,SMR,1103.75275938,9.89,10916.12
visionnaire,2026-06-16,SOFI,2923.26054591,17.71,51770.94
visionnaire,2026-06-16,TSLA,259.99956595,404.66,105211.43
visionnaire,2026-06-16,XPEV,578.7037037,13.84,8009.26
visionnaire,2026-06-16,ZETA,3073.56213556,19.73,60641.38
visionnaire,2026-06-17,AMD,128.32523871,512.48,65764.12
visionnaire,2026-06-17,BMNR,953.28884652,15.7,14966.63
visionnaire,2026-06-17,CASH,54456.56,1.0,54456.56
visionnaire,2026-06-17,CELH,4115.29728576,30.38,125022.73
visionnaire,2026-06-17,CRSP,391.46604032,53.09,20782.93
visionnaire,2026-06-17,DUOL,221.8770801,123.39,27377.41
visionnaire,2026-06-17,HIMS,4665.70337363,31.89,148789.28
visionnaire,2026-06-17,LFMD,2915.45189504,4.91,14314.87
visionnaire,2026-06-17,META,158.85623511,567.58,90163.62
visionnaire,2026-06-17,MTPLF,34557.44883168,1.58,54600.77
visionnaire,2026-06-17,NBIS,350.38542397,280.91,98426.77
visionnaire,2026-06-17,NIO,2231.20075758,5.05,11267.56
visionnaire,2026-06-17,NU,3667.15642023,12.89,47269.65
visionnaire,2026-06-17,NVDA,645.05724883,204.65,132010.96
visionnaire,2026-06-17,RKLB,451.73837628,107.98,48778.71
visionnaire,2026-06-17,SMCI,325.88492393,27.78,9053.08
visionnaire,2026-06-17,SMR,1103.75275938,10.34,11412.8
visionnaire,2026-06-17,SOFI,2923.26054591,17.42,50923.2
visionnaire,2026-06-17,TSLA,259.99956595,396.38,103058.63
visionnaire,2026-06-17,XPEV,578.7037037,13.44,7777.78
visionnaire,2026-06-17,ZETA,3073.56213556,18.5,56860.9
visionnaire,2026-06-18,AMD,128.32523871,537.37,68958.13
visionnaire,2026-06-18,BMNR,953.28884652,16.14,15386.08
visionnaire,2026-06-18,CASH,54456.56,1.0,54456.56
visionnaire,2026-06-18,CELH,4115.29728576,30.8,126751.15
visionnaire,2026-06-18,CRSP,391.46604032,54.09,21174.4
visionnaire,2026-06-18,DUOL,221.8770801,125.56,27858.89
visionnaire,2026-06-18,HIMS,4665.70337363,35.47,165492.5
visionnaire,2026-06-18,LFMD,2915.45189504,4.75,13848.4
visionnaire,2026-06-18,META,158.85623511,577.22,91694.99
visionnaire,2026-06-18,MTPLF,34557.44883168,1.57,54255.2
visionnaire,2026-06-18,NBIS,350.38542397,286.69,100452.0
visionnaire,2026-06-18,NIO,2231.20075758,5.02,11200.63
visionnaire,2026-06-18,NU,3667.15642023,12.71,46609.56
visionnaire,2026-06-18,NVDA,645.05724883,210.69,135907.11
visionnaire,2026-06-18,RKLB,451.73837628,107.24,48444.42
visionnaire,2026-06-18,SMCI,325.88492393,30.66,9991.63
visionnaire,2026-06-18,SMR,1103.75275938,11.74,12958.06
visionnaire,2026-06-18,SOFI,2923.26054591,17.91,52355.6
visionnaire,2026-06-18,TSLA,259.99956595,400.49,104127.22
visionnaire,2026-06-18,XPEV,578.7037037,13.21,7644.68
visionnaire,2026-06-18,ZETA,3073.56213556,18.9,58090.32
visionnaire,2026-06-19,AMD,128.32523871,537.37,68958.13
visionnaire,2026-06-19,BMNR,953.28884652,16.14,15386.08
visionnaire,2026-06-19,CASH,54456.56,1.0,54456.56
visionnaire,2026-06-19,CELH,4115.29728576,30.8,126751.15
visionnaire,2026-06-19,CRSP,391.46604032,54.09,21174.4
visionnaire,2026-06-19,DUOL,221.8770801,125.56,27858.89
visionnaire,2026-06-19,HIMS,4665.70337363,35.47,165492.5
visionnaire,2026-06-19,LFMD,2915.45189504,4.75,13848.4
visionnaire,2026-06-19,META,158.85623511,577.22,91694.99
visionnaire,2026-06-19,MTPLF,34557.44883168,1.425,49244.36
visionnaire,2026-06-19,NBIS,350.38542397,286.69,100452.0
visionnaire,2026-06-19,NIO,2231.20075758,5.02,11200.63
visionnaire,2026-06-19,NU,3667.15642023,12.71,46609.56
visionnaire,2026-06-19,NVDA,645.05724883,210.69,135907.11
visionnaire,2026-06-19,RKLB,451.73837628,107.24,48444.42
visionnaire,2026-06-19,SMCI,325.88492393,30.66,9991.63
visionnaire,2026-06-19,SMR,1103.75275938,11.74,12958.06
visionnaire,2026-06-19,SOFI,2923.26054591,17.91,52355.6
visionnaire,2026-06-19,TSLA,259.99956595,400.49,104127.22
visionnaire,2026-06-19,XPEV,578.7037037,13.21,7644.68
visionnaire,2026-06-19,ZETA,3073.56213556,18.9,58090.32
visionnaire,2026-06-20,AMD,128.32523871,537.37,68958.13
visionnaire,2026-06-20,BMNR,953.28884652,16.14,15386.08
visionnaire,2026-06-20,CASH,54456.56,1.0,54456.56
visionnaire,2026-06-20,CELH,4115.29728576,30.8,126751.15
visionnaire,2026-06-20,CRSP,391.46604032,54.09,21174.4
visionnaire,2026-06-20,DUOL,221.8770801,125.56,27858.89
visionnaire,2026-06-20,HIMS,4665.70337363,35.47,165492.5
visionnaire,2026-06-20,LFMD,2915.45189504,4.75,13848.4
visionnaire,2026-06-20,META,158.85623511,577.22,91694.99
visionnaire,2026-06-20,MTPLF,34557.44883168,1.425,49244.36
visionnaire,2026-06-20,NBIS,350.38542397,286.69,100452.0
visionnaire,2026-06-20,NIO,2231.20075758,5.02,11200.63
visionnaire,2026-06-20,NU,3667.15642023,12.71,46609.56
visionnaire,2026-06-20,NVDA,645.05724883,210.69,135907.11
visionnaire,2026-06-20,RKLB,451.73837628,107.24,48444.42
visionnaire,2026-06-20,SMCI,325.88492393,30.66,9991.63
visionnaire,2026-06-20,SMR,1103.75275938,11.74,12958.06
visionnaire,2026-06-20,SOFI,2923.26054591,17.91,52355.6
visionnaire,2026-06-20,TSLA,259.99956595,400.49,104127.22
visionnaire,2026-06-20,XPEV,578.7037037,13.21,7644.68
visionnaire,2026-06-20,ZETA,3073.56213556,18.9,58090.32
visionnaire,2026-06-21,AMD,128.32523871,537.37,68958.13
visionnaire,2026-06-21,BMNR,953.28884652,16.14,15386.08
visionnaire,2026-06-21,CASH,54456.56,1.0,54456.56
visionnaire,2026-06-21,CELH,4115.29728576,30.8,126751.15
visionnaire,2026-06-21,CRSP,391.46604032,54.09,21174.4
visionnaire,2026-06-21,DUOL,221.8770801,125.56,27858.89
visionnaire,2026-06-21,HIMS,4665.70337363,35.47,165492.5
visionnaire,2026-06-21,LFMD,2915.45189504,4.75,13848.4
visionnaire,2026-06-21,META,158.85623511,577.22,91694.99
visionnaire,2026-06-21,MTPLF,34557.44883168,1.425,49244.36
visionnaire,2026-06-21,NBIS,350.38542397,286.69,100452.0
visionnaire,2026-06-21,NIO,2231.20075758,5.02,11200.63
visionnaire,2026-06-21,NU,3667.15642023,12.71,46609.56
visionnaire,2026-06-21,NVDA,645.05724883,210.69,135907.11
visionnaire,2026-06-21,RKLB,451.73837628,107.24,48444.42
visionnaire,2026-06-21,SMCI,325.88492393,30.66,9991.63
visionnaire,2026-06-21,SMR,1103.75275938,11.74,12958.06
visionnaire,2026-06-21,SOFI,2923.26054591,17.91,52355.6
visionnaire,2026-06-21,TSLA,259.99956595,400.49,104127.22
visionnaire,2026-06-21,XPEV,578.7037037,13.21,7644.68
visionnaire,2026-06-21,ZETA,3073.56213556,18.9,58090.32
visionnaire,2026-06-22,AMD,128.32523871,551.63,70788.05
visionnaire,2026-06-22,BMNR,953.28884652,15.86,15119.16
visionnaire,2026-06-22,CASH,54456.56,1.0,54456.56
visionnaire,2026-06-22,CELH,4115.29728576,29.12,119837.46
visionnaire,2026-06-22,CRSP,391.46604032,54.36,21280.09
visionnaire,2026-06-22,DUOL,221.8770801,127.25,28233.86
visionnaire,2026-06-22,HIMS,4665.70337363,33.54,156487.7
visionnaire,2026-06-22,LFMD,2915.45189504,4.31,12565.6
visionnaire,2026-06-22,META,158.85623511,563.85,89571.08
visionnaire,2026-06-22,MTPLF,34557.44883168,1.52,52527.32
visionnaire,2026-06-22,NBIS,350.38542397,283.61,99372.8
visionnaire,2026-06-22,NIO,2231.20075758,5.05,11267.56
visionnaire,2026-06-22,NU,3667.15642023,12.79,46902.93
visionnaire,2026-06-22,NVDA,645.05724883,208.65,134591.19
visionnaire,2026-06-22,RKLB,451.73837628,100.29,45304.84
visionnaire,2026-06-22,SMCI,325.88492393,35.46,11555.88
visionnaire,2026-06-22,SMR,1103.75275938,11.24,12406.18
visionnaire,2026-06-22,SOFI,2923.26054591,17.1,49987.76
visionnaire,2026-06-22,TSLA,259.99956595,405.05,105312.82
visionnaire,2026-06-22,XPEV,578.7037037,13.35,7725.69
visionnaire,2026-06-22,ZETA,3073.56213556,18.47,56768.69
visionnaire,2026-06-23,AMD,128.32523871,519.85,66709.87
visionnaire,2026-06-23,BMNR,953.28884652,15.13,14423.26
visionnaire,2026-06-23,CASH,54456.56,1.0,54456.56
visionnaire,2026-06-23,CELH,4115.29728576,28.16,115886.77
visionnaire,2026-06-23,CRSP,391.46604032,53.99,21135.25
visionnaire,2026-06-23,DUOL,221.8770801,132.18,29327.71
visionnaire,2026-06-23,HIMS,4665.70337363,32.96,153781.58
visionnaire,2026-06-23,LFMD,2915.45189504,4.55,13265.31
visionnaire,2026-06-23,META,158.85623511,562.2,89308.98
visionnaire,2026-06-23,MTPLF,34557.44883168,1.52,52527.32
visionnaire,2026-06-23,NBIS,350.38542397,275.25,96443.59
visionnaire,2026-06-23,NIO,2231.20075758,5.09,11356.81
visionnaire,2026-06-23,NU,3667.15642023,12.59,46169.5
visionnaire,2026-06-23,NVDA,645.05724883,200.04,129037.25
visionnaire,2026-06-23,RKLB,451.73837628,95.12,42969.36
visionnaire,2026-06-23,SMCI,325.88492393,33.32,10858.49
visionnaire,2026-06-23,SMR,1103.75275938,10.86,11986.75
visionnaire,2026-06-23,SOFI,2923.26054591,17.29,50543.18
visionnaire,2026-06-23,TSLA,259.99956595,381.61,99218.43
visionnaire,2026-06-23,XPEV,578.7037037,12.76,7384.26
visionnaire,2026-06-23,ZETA,3073.56213556,19.51,59965.2
visionnaire,2026-06-24,AMD,128.32523871,519.74,66695.76
visionnaire,2026-06-24,BMNR,953.28884652,14.02,13365.11
visionnaire,2026-06-24,CASH,54456.56,1.0,54456.56
visionnaire,2026-06-24,CELH,4115.29728576,28.52,117368.28
visionnaire,2026-06-24,CRSP,391.46604032,53.55,20963.01
visionnaire,2026-06-24,DUOL,221.8770801,132.15,29321.05
visionnaire,2026-06-24,HIMS,4665.70337363,32.7,152568.5
visionnaire,2026-06-24,LFMD,2915.45189504,4.5,13119.53
visionnaire,2026-06-24,META,158.85623511,557.67,88589.35
visionnaire,2026-06-24,MTPLF,34557.44883168,1.43,49417.15
visionnaire,2026-06-24,NBIS,350.38542397,259.66,90981.08
visionnaire,2026-06-24,NIO,2231.20075758,4.9,10932.88
visionnaire,2026-06-24,NU,3667.15642023,12.46,45692.77
visionnaire,2026-06-24,NVDA,645.05724883,199.0,128366.39
visionnaire,2026-06-24,RKLB,451.73837628,85.41,38582.98
visionnaire,2026-06-24,SMCI,325.88492393,32.45,10574.97
visionnaire,2026-06-24,SMR,1103.75275938,10.21,11269.32
visionnaire,2026-06-24,SOFI,2923.26054591,17.31,50601.64
visionnaire,2026-06-24,TSLA,259.99956595,375.53,97637.64
visionnaire,2026-06-24,XPEV,578.7037037,12.48,7222.22
visionnaire,2026-06-24,ZETA,3073.56213556,18.84,57905.91
visionnaire,2026-06-25,AMD,128.32523871,532.57,68342.17
visionnaire,2026-06-25,BMNR,953.28884652,13.32,12697.81
visionnaire,2026-06-25,CASH,54456.56,1.0,54456.56
visionnaire,2026-06-25,CELH,4115.29728576,28.22,116133.69
visionnaire,2026-06-25,CRSP,391.46604032,53.98,21131.34
visionnaire,2026-06-25,DUOL,221.8770801,119.94,26611.94
visionnaire,2026-06-25,HIMS,4665.70337363,32.71,152615.15
visionnaire,2026-06-25,LFMD,2915.45189504,4.2,12244.9
visionnaire,2026-06-25,META,158.85623511,542.87,86238.28
visionnaire,2026-06-25,MTPLF,34557.44883168,1.36,46998.13
visionnaire,2026-06-25,NBIS,350.38542397,256.63,89919.41
visionnaire,2026-06-25,NIO,2231.20075758,4.73,10553.58
visionnaire,2026-06-25,NU,3667.15642023,12.46,45692.77
visionnaire,2026-06-25,NVDA,645.05724883,195.74,126263.51
visionnaire,2026-06-25,RKLB,451.73837628,80.69,36450.77
visionnaire,2026-06-25,SMCI,325.88492393,31.68,10324.03
visionnaire,2026-06-25,SMR,1103.75275938,10.07,11114.79
visionnaire,2026-06-25,SOFI,2923.26054591,17.3,50572.41
visionnaire,2026-06-25,TSLA,259.99956595,375.12,97531.04
visionnaire,2026-06-25,XPEV,578.7037037,12.19,7054.4
visionnaire,2026-06-25,ZETA,3073.56213556,17.88,54955.29
visionnaire,2026-06-26,AMD,128.32523871,521.58,66931.88
visionnaire,2026-06-26,BMNR,953.28884652,13.56,12926.6
visionnaire,2026-06-26,CASH,54456.56,1.0,54456.56
visionnaire,2026-06-26,CELH,4115.29728576,29.85,122841.63
visionnaire,2026-06-26,CRSP,391.46604032,54.92,21499.31
visionnaire,2026-06-26,DUOL,221.8770801,121.49,26955.85
visionnaire,2026-06-26,HIMS,4665.70337363,33.94,158353.97
visionnaire,2026-06-26,LFMD,2915.45189504,4.13,12040.82
visionnaire,2026-06-26,META,158.85623511,550.25,87410.64
visionnaire,2026-06-26,MTPLF,34557.44883168,1.285,44406.32
visionnaire,2026-06-26,NBIS,350.38542397,240.3,84197.62
visionnaire,2026-06-26,NIO,2231.20075758,4.86,10843.64
visionnaire,2026-06-26,NU,3667.15642023,13.17,48296.45
visionnaire,2026-06-26,NVDA,645.05724883,192.53,124192.87
visionnaire,2026-06-26,RKLB,451.73837628,84.54,38189.96
visionnaire,2026-06-26,SMCI,325.88492393,30.63,9981.85
visionnaire,2026-06-26,SMR,1103.75275938,10.1,11147.9
visionnaire,2026-06-26,SOFI,2923.26054591,17.88,52267.9
visionnaire,2026-06-26,TSLA,259.99956595,379.71,98724.43
visionnaire,2026-06-26,XPEV,578.7037037,12.09,6996.53
visionnaire,2026-06-26,ZETA,3073.56213556,18.98,58336.21
visionnaire,2026-06-27,AMD,128.32523871,521.58,66931.88
visionnaire,2026-06-27,BMNR,953.28884652,13.56,12926.6
visionnaire,2026-06-27,CASH,54456.56,1.0,54456.56
visionnaire,2026-06-27,CELH,4115.29728576,29.85,122841.63
visionnaire,2026-06-27,CRSP,391.46604032,54.92,21499.31
visionnaire,2026-06-27,DUOL,221.8770801,121.49,26955.85
visionnaire,2026-06-27,HIMS,4665.70337363,33.94,158353.97
visionnaire,2026-06-27,LFMD,2915.45189504,4.13,12040.82
visionnaire,2026-06-27,META,158.85623511,550.25,87410.64
visionnaire,2026-06-27,MTPLF,34557.44883168,1.22,42160.09
visionnaire,2026-06-27,NBIS,350.38542397,240.3,84197.62
visionnaire,2026-06-27,NIO,2231.20075758,4.86,10843.64
visionnaire,2026-06-27,NU,3667.15642023,13.17,48296.45
visionnaire,2026-06-27,NVDA,645.05724883,192.53,124192.87
visionnaire,2026-06-27,RKLB,451.73837628,84.54,38189.96
visionnaire,2026-06-27,SMCI,325.88492393,30.63,9981.85
visionnaire,2026-06-27,SMR,1103.75275938,10.1,11147.9
visionnaire,2026-06-27,SOFI,2923.26054591,17.88,52267.9
visionnaire,2026-06-27,TSLA,259.99956595,379.71,98724.43
visionnaire,2026-06-27,XPEV,578.7037037,12.09,6996.53
visionnaire,2026-06-27,ZETA,3073.56213556,18.98,58336.21
visionnaire,2026-06-28,AMD,128.32523871,521.58,66931.88
visionnaire,2026-06-28,BMNR,953.28884652,13.56,12926.6
visionnaire,2026-06-28,CASH,54456.56,1.0,54456.56
visionnaire,2026-06-28,CELH,4115.29728576,29.85,122841.63
visionnaire,2026-06-28,CRSP,391.46604032,54.92,21499.31
visionnaire,2026-06-28,DUOL,221.8770801,121.49,26955.85
visionnaire,2026-06-28,HIMS,4665.70337363,33.94,158353.97
visionnaire,2026-06-28,LFMD,2915.45189504,4.13,12040.82
visionnaire,2026-06-28,META,158.85623511,550.25,87410.64
visionnaire,2026-06-28,MTPLF,34557.44883168,1.22,42160.09
visionnaire,2026-06-28,NBIS,350.38542397,240.3,84197.62
visionnaire,2026-06-28,NIO,2231.20075758,4.86,10843.64
visionnaire,2026-06-28,NU,3667.15642023,13.17,48296.45
visionnaire,2026-06-28,NVDA,645.05724883,192.53,124192.87
visionnaire,2026-06-28,RKLB,451.73837628,84.54,38189.96
visionnaire,2026-06-28,SMCI,325.88492393,30.63,9981.85
visionnaire,2026-06-28,SMR,1103.75275938,10.1,11147.9
visionnaire,2026-06-28,SOFI,2923.26054591,17.88,52267.9
visionnaire,2026-06-28,TSLA,259.99956595,379.71,98724.43
visionnaire,2026-06-28,XPEV,578.7037037,12.09,6996.53
visionnaire,2026-06-28,ZETA,3073.56213556,18.98,58336.21
visionnaire,2026-06-29,AMD,128.32523871,539.49,69230.18
visionnaire,2026-06-29,BMNR,953.28884652,13.8,13155.39
visionnaire,2026-06-29,CASH,54456.56,1.0,54456.56
visionnaire,2026-06-29,CELH,4115.29728576,29.79,122594.71
visionnaire,2026-06-29,CRSP,391.46604032,56.35,22059.11
visionnaire,2026-06-29,DUOL,221.8770801,116.03,25744.4
visionnaire,2026-06-29,HIMS,4665.70337363,33.39,155787.83
visionnaire,2026-06-29,LFMD,2915.45189504,4.2,12244.9
visionnaire,2026-06-29,META,158.85623511,562.6,89372.51
visionnaire,2026-06-29,MTPLF,34557.44883168,1.3,44924.68
visionnaire,2026-06-29,NBIS,350.38542397,261.15,91503.15
visionnaire,2026-06-29,NIO,2231.20075758,4.95,11044.44
visionnaire,2026-06-29,NU,3667.15642023,13.13,48149.76
visionnaire,2026-06-29,NVDA,645.05724883,194.97,125766.81
visionnaire,2026-06-29,RKLB,451.73837628,98.01,44274.88
visionnaire,2026-06-29,SMCI,325.88492393,28.15,9173.66
visionnaire,2026-06-29,SMR,1103.75275938,10.26,11324.5
visionnaire,2026-06-29,SOFI,2923.26054591,18.19,53174.11
visionnaire,2026-06-29,TSLA,259.99956595,411.84,107078.22
visionnaire,2026-06-29,XPEV,578.7037037,12.8,7407.41
visionnaire,2026-06-29,ZETA,3073.56213556,19.73,60641.38
visionnaire,2026-06-30,AMD,128.32523871,580.91,74545.41
visionnaire,2026-06-30,BMNR,953.28884652,13.31,12688.27
visionnaire,2026-06-30,CASH,54456.56,1.0,54456.56
visionnaire,2026-06-30,CELH,4115.29728576,29.28,120495.91
visionnaire,2026-06-30,CRSP,391.46604032,54.54,21350.56
visionnaire,2026-06-30,DUOL,221.8770801,115.02,25520.3
visionnaire,2026-06-30,HIMS,4665.70337363,34.67,161759.93
visionnaire,2026-06-30,LFMD,2915.45189504,4.13,12040.82
visionnaire,2026-06-30,META,158.85623511,563.29,89482.13
visionnaire,2026-06-30,MTPLF,34557.44883168,1.31,45270.26
visionnaire,2026-06-30,NBIS,350.38542397,276.17,96765.95
visionnaire,2026-06-30,NIO,2231.20075758,5.06,11289.88
visionnaire,2026-06-30,NU,3667.15642023,13.36,48993.21
visionnaire,2026-06-30,NVDA,645.05724883,200.09,129069.5
visionnaire,2026-06-30,RKLB,451.73837628,101.65,45919.21
visionnaire,2026-06-30,SMCI,325.88492393,29.33,9558.2
visionnaire,2026-06-30,SMR,1103.75275938,10.03,11070.64
visionnaire,2026-06-30,SOFI,2923.26054591,17.93,52414.06
visionnaire,2026-06-30,TSLA,259.99956595,420.6,109355.82
visionnaire,2026-06-30,XPEV,578.7037037,13.24,7662.04
visionnaire,2026-06-30,ZETA,3073.56213556,19.68,60487.7
visionnaire,2026-07-01,AMD,128.32523871,540.88,69408.56
visionnaire,2026-07-01,BMNR,953.28884652,14.15,13489.04
visionnaire,2026-07-01,CASH,54456.56,1.0,54456.56
visionnaire,2026-07-01,CELH,4115.29728576,31.87,131154.53
visionnaire,2026-07-01,CRSP,391.46604032,55.62,21773.34
visionnaire,2026-07-01,DUOL,221.8770801,121.215,26894.83
visionnaire,2026-07-01,HIMS,4665.70337363,37.57,175290.47
visionnaire,2026-07-01,LFMD,2915.45189504,4.54,13236.15
visionnaire,2026-07-01,META,158.85623511,612.91,97364.57
visionnaire,2026-07-01,MTPLF,34557.44883168,1.27,43887.96
visionnaire,2026-07-01,NBIS,350.38542397,229.18,80301.33
visionnaire,2026-07-01,NIO,2231.20075758,4.97,11089.07
visionnaire,2026-07-01,NU,3667.15642023,13.39,49103.23
visionnaire,2026-07-01,NVDA,645.05724883,197.58,127450.41
visionnaire,2026-07-01,RKLB,451.73837628,100.07,45205.46
visionnaire,2026-07-01,SMCI,325.88492393,27.65,9010.72
visionnaire,2026-07-01,SMR,1103.75275938,10.15,11203.09
visionnaire,2026-07-01,SOFI,2923.26054591,18.44,53904.93
visionnaire,2026-07-01,TSLA,259.99956595,425.3,110577.81
visionnaire,2026-07-01,XPEV,578.7037037,13.6,7870.37
visionnaire,2026-07-01,ZETA,3073.56213556,20.84,64053.04
visionnaire,2026-07-02,AMD,128.32523871,517.82,66449.38
visionnaire,2026-07-02,BMNR,953.28884652,14.36,13689.23
visionnaire,2026-07-02,CASH,54456.56,1.0,54456.56
visionnaire,2026-07-02,CELH,4115.29728576,33.16,136463.26
visionnaire,2026-07-02,CRSP,391.46604032,60.08,23519.28
visionnaire,2026-07-02,DUOL,221.8770801,125.76,27903.26
visionnaire,2026-07-02,HIMS,4665.70337363,36.8,171697.88
visionnaire,2026-07-02,LFMD,2915.45189504,4.87,14198.25
visionnaire,2026-07-02,META,158.85623511,582.9,92597.3
visionnaire,2026-07-02,MTPLF,34557.44883168,1.33,45961.41
visionnaire,2026-07-02,NBIS,350.38542397,215.62,75550.1
visionnaire,2026-07-02,NIO,2231.20075758,4.79,10687.45
visionnaire,2026-07-02,NU,3667.15642023,13.61,49910.0
visionnaire,2026-07-02,NVDA,645.05724883,194.83,125676.5
visionnaire,2026-07-02,RKLB,451.73837628,100.46,45381.64
visionnaire,2026-07-02,SMCI,325.88492393,27.22,8870.59
visionnaire,2026-07-02,SMR,1103.75275938,9.76,10772.63
visionnaire,2026-07-02,SOFI,2923.26054591,18.24,53320.27
visionnaire,2026-07-02,TSLA,259.99956595,393.45,102296.83
visionnaire,2026-07-02,XPEV,578.7037037,13.08,7569.44
visionnaire,2026-07-02,ZETA,3073.56213556,20.7,63622.74
visionnaire,2026-07-03,AMD,128.32523871,517.82,66449.38
visionnaire,2026-07-03,BMNR,953.28884652,14.36,13689.23
visionnaire,2026-07-03,CASH,54456.56,1.0,54456.56
visionnaire,2026-07-03,CELH,4115.29728576,33.16,136463.26
visionnaire,2026-07-03,CRSP,391.46604032,60.08,23519.28
visionnaire,2026-07-03,DUOL,221.8770801,125.76,27903.26
visionnaire,2026-07-03,HIMS,4665.70337363,36.8,171697.88
visionnaire,2026-07-03,LFMD,2915.45189504,4.87,14198.25
visionnaire,2026-07-03,META,158.85623511,582.9,92597.3
visionnaire,2026-07-03,MTPLF,34557.44883168,1.324,45754.06
visionnaire,2026-07-03,NBIS,350.38542397,215.62,75550.1
visionnaire,2026-07-03,NIO,2231.20075758,4.79,10687.45
visionnaire,2026-07-03,NU,3667.15642023,13.61,49910.0
visionnaire,2026-07-03,NVDA,645.05724883,194.83,125676.5
visionnaire,2026-07-03,RKLB,451.73837628,100.46,45381.64
visionnaire,2026-07-03,SMCI,325.88492393,27.22,8870.59
visionnaire,2026-07-03,SMR,1103.75275938,9.76,10772.63
visionnaire,2026-07-03,SOFI,2923.26054591,18.24,53320.27
visionnaire,2026-07-03,TSLA,259.99956595,393.45,102296.83
visionnaire,2026-07-03,XPEV,578.7037037,13.08,7569.44
visionnaire,2026-07-03,ZETA,3073.56213556,20.7,63622.74
visionnaire,2026-07-04,AMD,128.32523871,517.82,66449.38
visionnaire,2026-07-04,BMNR,953.28884652,14.36,13689.23
visionnaire,2026-07-04,CASH,54456.56,1.0,54456.56
visionnaire,2026-07-04,CELH,4115.29728576,33.16,136463.26
visionnaire,2026-07-04,CRSP,391.46604032,60.08,23519.28
visionnaire,2026-07-04,DUOL,221.8770801,125.76,27903.26
visionnaire,2026-07-04,HIMS,4665.70337363,36.8,171697.88
visionnaire,2026-07-04,LFMD,2915.45189504,4.87,14198.25
visionnaire,2026-07-04,META,158.85623511,582.9,92597.3
visionnaire,2026-07-04,MTPLF,34557.44883168,1.324,45754.06
visionnaire,2026-07-04,NBIS,350.38542397,215.62,75550.1
visionnaire,2026-07-04,NIO,2231.20075758,4.79,10687.45
visionnaire,2026-07-04,NU,3667.15642023,13.61,49910.0
visionnaire,2026-07-04,NVDA,645.05724883,194.83,125676.5
visionnaire,2026-07-04,RKLB,451.73837628,100.46,45381.64
visionnaire,2026-07-04,SMCI,325.88492393,27.22,8870.59
visionnaire,2026-07-04,SMR,1103.75275938,9.76,10772.63
visionnaire,2026-07-04,SOFI,2923.26054591,18.24,53320.27
visionnaire,2026-07-04,TSLA,259.99956595,393.45,102296.83
visionnaire,2026-07-04,XPEV,578.7037037,13.08,7569.44
visionnaire,2026-07-04,ZETA,3073.56213556,20.7,63622.74
visionnaire,2026-07-05,AMD,128.32523871,517.82,66449.38
visionnaire,2026-07-05,BMNR,953.28884652,14.36,13689.23
visionnaire,2026-07-05,CASH,54456.56,1.0,54456.56
visionnaire,2026-07-05,CELH,4115.29728576,33.16,136463.26
visionnaire,2026-07-05,CRSP,391.46604032,60.08,23519.28
visionnaire,2026-07-05,DUOL,221.8770801,125.76,27903.26
visionnaire,2026-07-05,HIMS,4665.70337363,36.8,171697.88
visionnaire,2026-07-05,LFMD,2915.45189504,4.87,14198.25
visionnaire,2026-07-05,META,158.85623511,582.9,92597.3
visionnaire,2026-07-05,MTPLF,34557.44883168,1.324,45754.06
visionnaire,2026-07-05,NBIS,350.38542397,215.62,75550.1
visionnaire,2026-07-05,NIO,2231.20075758,4.79,10687.45
visionnaire,2026-07-05,NU,3667.15642023,13.61,49910.0
visionnaire,2026-07-05,NVDA,645.05724883,194.83,125676.5
visionnaire,2026-07-05,RKLB,451.73837628,100.46,45381.64
visionnaire,2026-07-05,SMCI,325.88492393,27.22,8870.59
visionnaire,2026-07-05,SMR,1103.75275938,9.76,10772.63
visionnaire,2026-07-05,SOFI,2923.26054591,18.24,53320.27
visionnaire,2026-07-05,TSLA,259.99956595,393.45,102296.83
visionnaire,2026-07-05,XPEV,578.7037037,13.08,7569.44
visionnaire,2026-07-05,ZETA,3073.56213556,20.7,63622.74
visionnaire,2026-07-06,AMD,128.32523871,552.05,70841.95
visionnaire,2026-07-06,BMNR,953.28884652,15.55,14823.64
visionnaire,2026-07-06,CASH,54456.56,1.0,54456.56
visionnaire,2026-07-06,CELH,4115.29728576,33.04,135969.43
visionnaire,2026-07-06,CRSP,391.46604032,61.89,24227.83
visionnaire,2026-07-06,DUOL,221.8770801,129.72,28781.9
visionnaire,2026-07-06,HIMS,4665.70337363,38.28,178603.12
visionnaire,2026-07-06,LFMD,2915.45189504,4.91,14314.87
visionnaire,2026-07-06,META,158.85623511,600.29,95359.81
visionnaire,2026-07-06,MTPLF,34557.44883168,1.42,49071.58
visionnaire,2026-07-06,NBIS,350.38542397,213.02,74639.1
visionnaire,2026-07-06,NIO,2231.20075758,5.02,11200.63
visionnaire,2026-07-06,NU,3667.15642023,14.06,51560.22
visionnaire,2026-07-06,NVDA,645.05724883,195.55,126140.95
visionnaire,2026-07-06,RKLB,451.73837628,93.09,42052.32
visionnaire,2026-07-06,SMCI,325.88492393,27.19,8860.81
visionnaire,2026-07-06,SMR,1103.75275938,9.61,10607.06
visionnaire,2026-07-06,SOFI,2923.26054591,18.61,54401.88
visionnaire,2026-07-06,TSLA,259.99956595,419.77,109140.01
visionnaire,2026-07-06,XPEV,578.7037037,13.56,7847.22
visionnaire,2026-07-06,ZETA,3073.56213556,21.82,67065.12
visionnaire,2026-07-07,AMD,128.32523871,516.11,66229.94
visionnaire,2026-07-07,BMNR,953.28884652,14.8,14108.68
visionnaire,2026-07-07,CASH,54456.56,1.0,54456.56
visionnaire,2026-07-07,CELH,4115.29728576,31.7,130454.93
visionnaire,2026-07-07,CRSP,391.46604032,60.77,23789.39
visionnaire,2026-07-07,DUOL,221.8770801,131.95,29276.68
visionnaire,2026-07-07,HIMS,4665.70337363,36.17,168758.48
visionnaire,2026-07-07,LFMD,2915.45189504,4.88,14227.41
visionnaire,2026-07-07,META,158.85623511,615.58,97788.72
visionnaire,2026-07-07,MTPLF,34557.44883168,1.4,48380.43
visionnaire,2026-07-07,NBIS,350.38542397,195.19,68391.73
visionnaire,2026-07-07,NIO,2231.20075758,4.88,10888.26
visionnaire,2026-07-07,NU,3667.15642023,13.61,49910.0
visionnaire,2026-07-07,NVDA,645.05724883,196.93,127031.12
visionnaire,2026-07-07,RKLB,451.73837628,83.41,37679.5
visionnaire,2026-07-07,SMCI,325.88492393,26.25,8554.48
visionnaire,2026-07-07,SMR,1103.75275938,8.96,9889.62
visionnaire,2026-07-07,SOFI,2923.26054591,17.75,51887.87
visionnaire,2026-07-07,TSLA,259.99956595,402.9,104753.82
visionnaire,2026-07-07,XPEV,578.7037037,13.17,7621.53
visionnaire,2026-07-07,ZETA,3073.56213556,21.87,67218.81
visionnaire,2026-07-08,AMD,128.32523871,517.405,66396.12
visionnaire,2026-07-08,BMNR,953.28884652,14.86,14165.87
visionnaire,2026-07-08,CASH,54456.56,1.0,54456.56
visionnaire,2026-07-08,CELH,4115.29728576,30.6,125928.1
visionnaire,2026-07-08,CRSP,391.46604032,59.2,23174.79
visionnaire,2026-07-08,DUOL,221.8770801,127.57,28304.86
visionnaire,2026-07-08,HIMS,4665.70337363,36.07,168291.92
visionnaire,2026-07-08,LFMD,2915.45189504,4.69,13673.47
visionnaire,2026-07-08,META,158.85623511,603.12,95809.37
visionnaire,2026-07-08,MTPLF,34557.44883168,1.38,47689.28
visionnaire,2026-07-08,NBIS,350.38542397,216.48,75851.44
visionnaire,2026-07-08,NIO,2231.20075758,4.9,10932.88
visionnaire,2026-07-08,NU,3667.15642023,13.37,49029.88
visionnaire,2026-07-08,NVDA,645.05724883,204.12,131669.08
visionnaire,2026-07-08,RKLB,451.73837628,83.35,37652.39
visionnaire,2026-07-08,SMCI,325.88492393,28.17,9180.18
visionnaire,2026-07-08,SMR,1103.75275938,8.76,9668.87
visionnaire,2026-07-08,SOFI,2923.26054591,17.73,51829.41
visionnaire,2026-07-08,TSLA,259.99956595,394.06,102455.43
visionnaire,2026-07-08,XPEV,578.7037037,13.27,7679.4
visionnaire,2026-07-08,ZETA,3073.56213556,21.66,66573.36
visionnaire,2026-07-09,AMD,128.32523871,546.72,70157.97
visionnaire,2026-07-09,BMNR,953.28884652,14.69,14003.81
visionnaire,2026-07-09,CASH,54456.56,1.0,54456.56
visionnaire,2026-07-09,CELH,4115.29728576,30.52,125598.88
visionnaire,2026-07-09,CRSP,391.46604032,56.34,22055.2
visionnaire,2026-07-09,DUOL,221.8770801,129.95,28832.93
visionnaire,2026-07-09,HIMS,4665.70337363,35.45,165399.19
visionnaire,2026-07-09,LFMD,2915.45189504,4.73,13790.09
visionnaire,2026-07-09,META,158.85623511,631.48,100314.53
visionnaire,2026-07-09,MTPLF,34557.44883168,1.49,51490.6
visionnaire,2026-07-09,NBIS,350.38542397,216.2,75753.33
visionnaire,2026-07-09,NIO,2231.20075758,4.78,10665.14
visionnaire,2026-07-09,NU,3667.15642023,13.67,50130.03
visionnaire,2026-07-09,NVDA,645.05724883,202.78,130804.71
visionnaire,2026-07-09,RKLB,451.73837628,82.55,37291.0
visionnaire,2026-07-09,SMCI,325.88492393,28.24,9202.99
visionnaire,2026-07-09,SMR,1103.75275938,9.03,9966.89
visionnaire,2026-07-09,SOFI,2923.26054591,18.62,54431.11
visionnaire,2026-07-09,TSLA,259.99956595,406.55,105702.82
visionnaire,2026-07-09,XPEV,578.7037037,12.98,7511.57
visionnaire,2026-07-09,ZETA,3073.56213556,21.92,67372.48
visionnaire,2026-07-10,AMD,128.32523871,557.89,71591.37
visionnaire,2026-07-10,BMNR,953.28884652,14.98,14280.27
visionnaire,2026-07-10,CASH,54456.56,1.0,54456.56
visionnaire,2026-07-10,CELH,4115.29728576,30.6,125928.1
visionnaire,2026-07-10,CRSP,391.46604032,53.35,20884.71
visionnaire,2026-07-10,DUOL,221.8770801,124.76,27681.38
visionnaire,2026-07-10,HIMS,4665.70337363,34.38,160406.89
visionnaire,2026-07-10,LFMD,2915.45189504,4.64,13527.7
visionnaire,2026-07-10,META,158.85623511,669.21,106308.18
visionnaire,2026-07-10,MTPLF,34557.44883168,1.53,52872.9
visionnaire,2026-07-10,NBIS,350.38542397,219.65,76962.16
visionnaire,2026-07-10,NIO,2231.20075758,4.78,10665.14
visionnaire,2026-07-10,NU,3667.15642023,13.76,50460.07
visionnaire,2026-07-10,NVDA,645.05724883,210.96,136081.28
visionnaire,2026-07-10,RKLB,451.73837628,81.04,36608.88
visionnaire,2026-07-10,SMCI,325.88492393,28.31,9225.8
visionnaire,2026-07-10,SMR,1103.75275938,9.04,9977.92
visionnaire,2026-07-10,SOFI,2923.26054591,18.78,54898.84
visionnaire,2026-07-10,TSLA,259.99956595,407.76,106017.43
visionnaire,2026-07-10,XPEV,578.7037037,13.03,7540.51
visionnaire,2026-07-10,ZETA,3073.56213556,21.49,66050.85
visionnaire,2026-07-11,AMD,128.32523871,557.89,71591.37
visionnaire,2026-07-11,BMNR,953.28884652,14.98,14280.27
visionnaire,2026-07-11,CASH,54456.56,1.0,54456.56
visionnaire,2026-07-11,CELH,4115.29728576,30.6,125928.1
visionnaire,2026-07-11,CRSP,391.46604032,53.35,20884.71
visionnaire,2026-07-11,DUOL,221.8770801,124.76,27681.38
visionnaire,2026-07-11,HIMS,4665.70337363,34.38,160406.89
visionnaire,2026-07-11,LFMD,2915.45189504,4.64,13527.7
visionnaire,2026-07-11,META,158.85623511,669.21,106308.18
visionnaire,2026-07-11,MTPLF,34557.44883168,1.53,52872.9
visionnaire,2026-07-11,NBIS,350.38542397,219.65,76962.16
visionnaire,2026-07-11,NIO,2231.20075758,4.78,10665.14
visionnaire,2026-07-11,NU,3667.15642023,13.76,50460.07
visionnaire,2026-07-11,NVDA,645.05724883,210.96,136081.28
visionnaire,2026-07-11,RKLB,451.73837628,81.04,36608.88
visionnaire,2026-07-11,SMCI,325.88492393,28.31,9225.8
visionnaire,2026-07-11,SMR,1103.75275938,9.04,9977.92
visionnaire,2026-07-11,SOFI,2923.26054591,18.78,54898.84
visionnaire,2026-07-11,TSLA,259.99956595,407.76,106017.43
visionnaire,2026-07-11,XPEV,578.7037037,13.03,7540.51
visionnaire,2026-07-11,ZETA,3073.56213556,21.49,66050.85
visionnaire,2026-07-12,AMD,128.32523871,557.89,71591.37
visionnaire,2026-07-12,BMNR,953.28884652,14.98,14280.27
visionnaire,2026-07-12,CASH,54456.56,1.0,54456.56
visionnaire,2026-07-12,CELH,4115.29728576,30.6,125928.1
visionnaire,2026-07-12,CRSP,391.46604032,53.35,20884.71
visionnaire,2026-07-12,DUOL,221.8770801,124.76,27681.38
visionnaire,2026-07-12,HIMS,4665.70337363,34.38,160406.89
visionnaire,2026-07-12,LFMD,2915.45189504,4.64,13527.7
visionnaire,2026-07-12,META,158.85623511,669.21,106308.18
visionnaire,2026-07-12,MTPLF,34557.44883168,1.53,52872.9
visionnaire,2026-07-12,NBIS,350.38542397,219.65,76962.16
visionnaire,2026-07-12,NIO,2231.20075758,4.78,10665.14
visionnaire,2026-07-12,NU,3667.15642023,13.76,50460.07
visionnaire,2026-07-12,NVDA,645.05724883,210.96,136081.28
visionnaire,2026-07-12,RKLB,451.73837628,81.04,36608.88
visionnaire,2026-07-12,SMCI,325.88492393,28.31,9225.8
visionnaire,2026-07-12,SMR,1103.75275938,9.04,9977.92
visionnaire,2026-07-12,SOFI,2923.26054591,18.78,54898.84
visionnaire,2026-07-12,TSLA,259.99956595,407.76,106017.43
visionnaire,2026-07-12,XPEV,578.7037037,13.03,7540.51
visionnaire,2026-07-12,ZETA,3073.56213556,21.49,66050.85
visionnaire,2026-07-13,AMD,128.32523871,534.39,68575.73
visionnaire,2026-07-13,BMNR,953.28884652,14.61,13927.55
visionnaire,2026-07-13,CASH,54456.56,1.0,54456.56
visionnaire,2026-07-13,CELH,4115.29728576,29.83,122759.32
visionnaire,2026-07-13,CRSP,391.46604032,50.63,19819.93
visionnaire,2026-07-13,DUOL,221.8770801,132.34,29363.21
visionnaire,2026-07-13,HIMS,4665.70337363,34.38,160406.89
visionnaire,2026-07-13,LFMD,2915.45189504,4.76,13877.55
visionnaire,2026-07-13,META,158.85623511,656.73,104325.65
visionnaire,2026-07-13,MTPLF,34557.44883168,1.43,49417.15
visionnaire,2026-07-13,NBIS,350.38542397,210.51,73759.63
visionnaire,2026-07-13,NIO,2231.20075758,4.93,10999.82
visionnaire,2026-07-13,NU,3667.15642023,13.67,50130.03
visionnaire,2026-07-13,NVDA,645.05724883,203.53,131288.5
visionnaire,2026-07-13,RKLB,451.73837628,76.73,34661.89
visionnaire,2026-07-13,SMCI,325.88492393,27.66,9013.98
visionnaire,2026-07-13,SMR,1103.75275938,8.35,9216.34
visionnaire,2026-07-13,SOFI,2923.26054591,18.13,52998.71
visionnaire,2026-07-13,TSLA,259.99956595,394.76,102637.43
visionnaire,2026-07-13,XPEV,578.7037037,12.95,7494.21
visionnaire,2026-07-13,ZETA,3073.56213556,21.87,67218.81
visionnaire,2026-07-14,AMD,128.32523871,548.13,70338.91
visionnaire,2026-07-14,BMNR,953.28884652,16.29,15529.08
visionnaire,2026-07-14,CASH,54456.56,1.0,54456.56
visionnaire,2026-07-14,CELH,4115.29728576,30.14,124035.06
visionnaire,2026-07-14,CRSP,391.46604032,50.46,19753.38
visionnaire,2026-07-14,DUOL,221.8770801,128.35,28477.92
visionnaire,2026-07-14,HIMS,4665.70337363,35.15,163999.48
visionnaire,2026-07-14,LFMD,2915.45189504,4.51,13148.69
visionnaire,2026-07-14,META,158.85623511,661.04,105010.32
visionnaire,2026-07-14,MTPLF,34557.44883168,1.56,53909.62
visionnaire,2026-07-14,NBIS,350.38542397,194.09,68006.31
visionnaire,2026-07-14,NIO,2231.20075758,5.01,11178.32
visionnaire,2026-07-14,NU,3667.15642023,13.99,51303.52
visionnaire,2026-07-14,NVDA,645.05724883,211.8,136623.13
visionnaire,2026-07-14,RKLB,451.73837628,78.81,35601.5
visionnaire,2026-07-14,SMCI,325.88492393,27.65,9010.72
visionnaire,2026-07-14,SMR,1103.75275938,8.6,9492.27
visionnaire,2026-07-14,SOFI,2923.26054591,18.55,54226.48
visionnaire,2026-07-14,TSLA,259.99956595,396.18,103006.63
visionnaire,2026-07-14,XPEV,578.7037037,13.36,7731.48
visionnaire,2026-07-14,ZETA,3073.56213556,22.53,69247.36
visionnaire,2026-07-15,AMD,128.32523871,529.14,67902.02
visionnaire,2026-07-15,BMNR,953.28884652,15.79,15052.43
visionnaire,2026-07-15,CASH,54456.56,1.0,54456.56
visionnaire,2026-07-15,CELH,4115.29728576,30.21,124323.13
visionnaire,2026-07-15,CRSP,391.46604032,51.37,20109.61
visionnaire,2026-07-15,DUOL,221.8770801,131.22,29114.71
visionnaire,2026-07-15,HIMS,4665.70337363,37.17,173424.19
visionnaire,2026-07-15,LFMD,2915.45189504,4.53,13207.0
visionnaire,2026-07-15,META,158.85623511,681.31,108230.34
visionnaire,2026-07-15,MTPLF,34557.44883168,1.51,52181.75
visionnaire,2026-07-15,NBIS,350.38542397,199.51,69905.39
visionnaire,2026-07-15,NIO,2231.20075758,5.03,11222.94
visionnaire,2026-07-15,NU,3667.15642023,13.88,50900.13
visionnaire,2026-07-15,NVDA,645.05724883,212.5,137074.67
visionnaire,2026-07-15,RKLB,451.73837628,76.2,34422.46
visionnaire,2026-07-15,SMCI,325.88492393,26.89,8763.05
visionnaire,2026-07-15,SMR,1103.75275938,8.36,9227.37
visionnaire,2026-07-15,SOFI,2923.26054591,17.87,52238.67
visionnaire,2026-07-15,TSLA,259.99956595,394.46,102559.43
visionnaire,2026-07-15,XPEV,578.7037037,13.78,7974.54
visionnaire,2026-07-15,ZETA,3073.56213556,22.41,68878.53
visionnaire,2026-07-16,AMD,128.32523871,500.94,64283.25
visionnaire,2026-07-16,BMNR,953.28884652,15.44,14718.78
visionnaire,2026-07-16,CASH,54456.56,1.0,54456.56
visionnaire,2026-07-16,CELH,4115.29728576,29.98,123376.61
visionnaire,2026-07-16,CRSP,391.46604032,48.57,19013.51
visionnaire,2026-07-16,DUOL,221.8770801,128.94,28608.83
visionnaire,2026-07-16,HIMS,4665.70337363,33.68,157140.89
visionnaire,2026-07-16,LFMD,2915.45189504,4.5,13119.53
visionnaire,2026-07-16,META,158.85623511,664.54,105566.32
visionnaire,2026-07-16,MTPLF,34557.44883168,1.42,49071.58
visionnaire,2026-07-16,NBIS,350.38542397,171.77,60185.71
visionnaire,2026-07-16,NIO,2231.20075758,4.99,11133.69
visionnaire,2026-07-16,NU,3667.15642023,13.79,50570.09
visionnaire,2026-07-16,NVDA,645.05724883,207.4,133784.87
visionnaire,2026-07-16,RKLB,451.73837628,67.35,30424.58
visionnaire,2026-07-16,SMCI,325.88492393,24.68,8042.84
visionnaire,2026-07-16,SMR,1103.75275938,7.64,8432.67
visionnaire,2026-07-16,SOFI,2923.26054591,17.32,50630.87
visionnaire,2026-07-16,TSLA,259.99956595,391.06,101675.43
visionnaire,2026-07-16,XPEV,578.7037037,14.04,8125.0
visionnaire,2026-07-16,ZETA,3073.56213556,21.4,65774.23
visionnaire,2026-07-17,AMD,128.32523871,495.76,63618.52
visionnaire,2026-07-17,BMNR,953.28884652,15.69,14957.1
visionnaire,2026-07-17,CASH,54456.56,1.0,54456.56
visionnaire,2026-07-17,CELH,4115.29728576,28.99,119302.47
visionnaire,2026-07-17,CRSP,391.46604032,47.78,18704.25
visionnaire,2026-07-17,DUOL,221.8770801,133.85,29698.25
visionnaire,2026-07-17,HIMS,4665.70337363,32.84,153221.7
visionnaire,2026-07-17,LFMD,2915.45189504,4.15,12099.13
visionnaire,2026-07-17,META,158.85623511,646.01,102622.72
visionnaire,2026-07-17,MTPLF,34557.44883168,1.4,48380.43
visionnaire,2026-07-17,NBIS,350.38542397,177.71,62267.0
visionnaire,2026-07-17,NIO,2231.20075758,4.88,10888.26
visionnaire,2026-07-17,NU,3667.15642023,13.59,49836.66
visionnaire,2026-07-17,NVDA,645.05724883,202.81,130824.06
visionnaire,2026-07-17,RKLB,451.73837628,67.62,30546.55
visionnaire,2026-07-17,SMCI,325.88492393,24.18,7879.9
visionnaire,2026-07-17,SMR,1103.75275938,7.72,8520.97
visionnaire,2026-07-17,SOFI,2923.26054591,17.28,50513.94
visionnaire,2026-07-17,TSLA,259.99956595,380.84,99018.23
visionnaire,2026-07-17,XPEV,578.7037037,13.53,7829.86
visionnaire,2026-07-17,ZETA,3073.56213556,21.68,66634.83
visionnaire,2026-07-18,AMD,128.32523871,495.76,63618.52
visionnaire,2026-07-18,BMNR,953.28884652,15.69,14957.1
visionnaire,2026-07-18,CASH,54456.56,1.0,54456.56
visionnaire,2026-07-18,CELH,4115.29728576,28.99,119302.47
visionnaire,2026-07-18,CRSP,391.46604032,47.78,18704.25
visionnaire,2026-07-18,DUOL,221.8770801,133.85,29698.25
visionnaire,2026-07-18,HIMS,4665.70337363,32.84,153221.7
visionnaire,2026-07-18,LFMD,2915.45189504,4.15,12099.13
visionnaire,2026-07-18,META,158.85623511,646.01,102622.72
visionnaire,2026-07-18,MTPLF,34557.44883168,1.39,48034.85
visionnaire,2026-07-18,NBIS,350.38542397,177.71,62267.0
visionnaire,2026-07-18,NIO,2231.20075758,4.88,10888.26
visionnaire,2026-07-18,NU,3667.15642023,13.59,49836.66
visionnaire,2026-07-18,NVDA,645.05724883,202.81,130824.06
visionnaire,2026-07-18,RKLB,451.73837628,67.62,30546.55
visionnaire,2026-07-18,SMCI,325.88492393,24.18,7879.9
visionnaire,2026-07-18,SMR,1103.75275938,7.72,8520.97
visionnaire,2026-07-18,SOFI,2923.26054591,17.28,50513.94
visionnaire,2026-07-18,TSLA,259.99956595,380.84,99018.23
visionnaire,2026-07-18,XPEV,578.7037037,13.53,7829.86
visionnaire,2026-07-18,ZETA,3073.56213556,21.68,66634.83
visionnaire,2026-07-19,AMD,128.32523871,495.76,63618.52
visionnaire,2026-07-19,BMNR,953.28884652,15.69,14957.1
visionnaire,2026-07-19,CASH,54456.56,1.0,54456.56
visionnaire,2026-07-19,CELH,4115.29728576,28.99,119302.47
visionnaire,2026-07-19,CRSP,391.46604032,47.78,18704.25
visionnaire,2026-07-19,DUOL,221.8770801,133.85,29698.25
visionnaire,2026-07-19,HIMS,4665.70337363,32.84,153221.7
visionnaire,2026-07-19,LFMD,2915.45189504,4.15,12099.13
visionnaire,2026-07-19,META,158.85623511,646.01,102622.72
visionnaire,2026-07-19,MTPLF,34557.44883168,1.39,48034.85
visionnaire,2026-07-19,NBIS,350.38542397,177.71,62267.0
visionnaire,2026-07-19,NIO,2231.20075758,4.88,10888.26
visionnaire,2026-07-19,NU,3667.15642023,13.59,49836.66
visionnaire,2026-07-19,NVDA,645.05724883,202.81,130824.06
visionnaire,2026-07-19,RKLB,451.73837628,67.62,30546.55
visionnaire,2026-07-19,SMCI,325.88492393,24.18,7879.9
visionnaire,2026-07-19,SMR,1103.75275938,7.72,8520.97
visionnaire,2026-07-19,SOFI,2923.26054591,17.28,50513.94
visionnaire,2026-07-19,TSLA,259.99956595,380.84,99018.23
visionnaire,2026-07-19,XPEV,578.7037037,13.53,7829.86
visionnaire,2026-07-19,ZETA,3073.56213556,21.68,66634.83
visionnaire,2026-07-20,AMD,128.32523871,503.57,64620.74
visionnaire,2026-07-20,BMNR,953.28884652,16.63,15853.19
visionnaire,2026-07-20,CASH,54456.56,1.0,54456.56
visionnaire,2026-07-20,CELH,4115.29728576,29.42,121072.05
visionnaire,2026-07-20,CRSP,391.46604032,46.99,18394.99
visionnaire,2026-07-20,DUOL,221.8770801,133.89,29707.12
visionnaire,2026-07-20,HIMS,4665.70337363,32.7,152568.5
visionnaire,2026-07-20,LFMD,2915.45189504,4.32,12594.75
visionnaire,2026-07-20,META,158.85623511,645.85,102597.3
visionnaire,2026-07-20,MTPLF,34557.44883168,1.4,48380.43
visionnaire,2026-07-20,NBIS,350.38542397,182.62,63987.38
visionnaire,2026-07-20,NIO,2231.20075758,4.81,10732.08
visionnaire,2026-07-20,NU,3667.15642023,13.99,51303.52
visionnaire,2026-07-20,NVDA,645.05724883,203.28,131127.24
visionnaire,2026-07-20,RKLB,451.73837628,65.74,29697.28
visionnaire,2026-07-20,SMCI,325.88492393,23.83,7765.84
visionnaire,2026-07-20,SMR,1103.75275938,7.96,8785.87
visionnaire,2026-07-20,SOFI,2923.26054591,17.01,49724.66
visionnaire,2026-07-20,TSLA,259.99956595,369.57,96088.04
visionnaire,2026-07-20,XPEV,578.7037037,13.19,7633.1
visionnaire,2026-07-20,ZETA,3073.56213556,21.34,65589.82
visionnaire,2026-07-21,AMD,128.32523871,544.43,69864.11
visionnaire,2026-07-21,BMNR,953.28884652,17.23,16425.17
visionnaire,2026-07-21,CASH,54456.56,1.0,54456.56
visionnaire,2026-07-21,CELH,4115.29728576,28.02,115310.63
visionnaire,2026-07-21,CRSP,391.46604032,48.15,18849.09
visionnaire,2026-07-21,DUOL,221.8770801,124.71,27670.29
visionnaire,2026-07-21,HIMS,4665.70337363,32.73,152708.47
visionnaire,2026-07-21,LFMD,2915.45189504,4.09,11924.2
visionnaire,2026-07-21,META,158.85623511,643.81,102273.23
visionnaire,2026-07-21,MTPLF,34557.44883168,1.51,52181.75
visionnaire,2026-07-21,NBIS,350.38542397,216.92,76005.61
visionnaire,2026-07-21,NIO,2231.20075758,4.79,10687.45
visionnaire,2026-07-21,NU,3667.15642023,14.39,52770.38
visionnaire,2026-07-21,NVDA,645.05724883,207.29,133713.91
visionnaire,2026-07-21,RKLB,451.73837628,69.12,31224.16
visionnaire,2026-07-21,SMCI,325.88492393,25.5,8310.07
visionnaire,2026-07-21,SMR,1103.75275938,8.71,9613.69
visionnaire,2026-07-21,SOFI,2923.26054591,17.64,51566.31
visionnaire,2026-07-21,TSLA,259.99956595,378.93,98521.63
visionnaire,2026-07-21,XPEV,578.7037037,13.33,7714.12
visionnaire,2026-07-21,ZETA,3073.56213556,21.19,65128.78
visionnaire,2026-07-22,AMD,128.32523871,552.33,70877.88
visionnaire,2026-07-22,BMNR,953.28884652,17.74,16911.34
visionnaire,2026-07-22,CASH,54456.56,1.0,54456.56
visionnaire,2026-07-22,CELH,4115.29728576,28.47,117162.51
visionnaire,2026-07-22,CRSP,391.46604032,47.24,18492.86
visionnaire,2026-07-22,DUOL,221.8770801,119.51,26516.53
visionnaire,2026-07-22,HIMS,4665.70337363,31.68,147809.48
visionnaire,2026-07-22,LFMD,2915.45189504,3.88,11311.95
visionnaire,2026-07-22,META,158.85623511,627.17,99629.86
visionnaire,2026-07-22,MTPLF,34557.44883168,1.57,54255.2
visionnaire,2026-07-22,NBIS,350.38542397,218.16,76440.09
visionnaire,2026-07-22,NIO,2231.20075758,4.67,10419.71
visionnaire,2026-07-22,NU,3667.15642023,14.51,53210.44
visionnaire,2026-07-22,NVDA,645.05724883,212.06,136790.84
visionnaire,2026-07-22,RKLB,451.73837628,69.75,31508.75
visionnaire,2026-07-22,SMCI,325.88492393,30.56,9959.04
visionnaire,2026-07-22,SMR,1103.75275938,8.68,9580.57
visionnaire,2026-07-22,SOFI,2923.26054591,17.07,49900.06
visionnaire,2026-07-22,TSLA,259.99956595,374.01,97242.44
visionnaire,2026-07-22,XPEV,578.7037037,12.85,7436.34
visionnaire,2026-07-22,ZETA,3073.56213556,20.18,62024.48
visionnaire,2026-07-23,AMD,128.32523871,539.69,69255.85
visionnaire,2026-07-23,BMNR,953.28884652,16.59,15815.06
visionnaire,2026-07-23,CASH,54456.56,1.0,54456.56
visionnaire,2026-07-23,CELH,4115.29728576,27.17,111812.63
visionnaire,2026-07-23,CRSP,391.46604032,47.53,18606.38
visionnaire,2026-07-23,DUOL,221.8770801,120.67,26773.91
visionnaire,2026-07-23,HIMS,4665.70337363,32.74,152755.14
visionnaire,2026-07-23,LFMD,2915.45189504,3.87,11282.8
visionnaire,2026-07-23,META,158.85623511,606.1,96282.76
visionnaire,2026-07-23,MTPLF,34557.44883168,1.44,49762.73
visionnaire,2026-07-23,NBIS,350.38542397,220.97,77424.67
visionnaire,2026-07-23,NIO,2231.20075758,4.64,10352.77
visionnaire,2026-07-23,NU,3667.15642023,14.19,52036.95
visionnaire,2026-07-23,NVDA,645.05724883,208.76,134662.15
visionnaire,2026-07-23,RKLB,451.73837628,69.99,31617.17
visionnaire,2026-07-23,SMCI,325.88492393,31.2,10167.61
visionnaire,2026-07-23,SMR,1103.75275938,8.81,9724.06
visionnaire,2026-07-23,SOFI,2923.26054591,16.65,48672.29
visionnaire,2026-07-23,TSLA,259.99956595,319.69,83119.26
visionnaire,2026-07-23,XPEV,578.7037037,12.76,7384.26
visionnaire,2026-07-23,ZETA,3073.56213556,19.38,59565.63
visionnaire,2026-07-24,AMD,128.32523871,521.95,66979.36
visionnaire,2026-07-24,BMNR,953.28884652,15.79,15052.43
visionnaire,2026-07-24,CASH,54456.56,1.0,54456.56
visionnaire,2026-07-24,CELH,4115.29728576,27.12,111606.87
visionnaire,2026-07-24,CRSP,391.46604032,46.54,18218.83
visionnaire,2026-07-24,DUOL,221.8770801,122.24,27122.25
visionnaire,2026-07-24,HIMS,4665.70337363,28.09,131059.61
visionnaire,2026-07-24,LFMD,2915.45189504,3.71,10816.33
visionnaire,2026-07-24,META,158.85623511,595.19,94549.64
visionnaire,2026-07-24,MTPLF,34557.44883168,1.36,46998.13
visionnaire,2026-07-24,NBIS,350.38542397,187.77,65791.87
visionnaire,2026-07-24,NIO,2231.20075758,4.49,10018.09
visionnaire,2026-07-24,NU,3667.15642023,14.09,51670.23
visionnaire,2026-07-24,NVDA,645.05724883,206.84,133423.64
visionnaire,2026-07-24,RKLB,451.73837628,63.91,28870.6
visionnaire,2026-07-24,SMCI,325.88492393,30.1,9809.14
visionnaire,2026-07-24,SMR,1103.75275938,8.09,8929.36
visionnaire,2026-07-24,SOFI,2923.26054591,16.46,48116.87
visionnaire,2026-07-24,TSLA,259.99956595,313.03,81387.66
visionnaire,2026-07-24,XPEV,578.7037037,12.33,7135.42
visionnaire,2026-07-24,ZETA,3073.56213556,19.13,58797.24
visionnaire,2026-07-25,AMD,128.32523871,521.95,66979.36
visionnaire,2026-07-25,BMNR,953.28884652,15.79,15052.43
visionnaire,2026-07-25,CASH,54456.56,1.0,54456.56
visionnaire,2026-07-25,CELH,4115.29728576,27.12,111606.87
visionnaire,2026-07-25,CRSP,391.46604032,46.54,18218.83
visionnaire,2026-07-25,DUOL,221.8770801,122.24,27122.25
visionnaire,2026-07-25,HIMS,4665.70337363,28.09,131059.61
visionnaire,2026-07-25,LFMD,2915.45189504,3.71,10816.33
visionnaire,2026-07-25,META,158.85623511,595.19,94549.64
visionnaire,2026-07-25,MTPLF,34557.44883168,1.355,46825.34
visionnaire,2026-07-25,NBIS,350.38542397,187.77,65791.87
visionnaire,2026-07-25,NIO,2231.20075758,4.49,10018.09
visionnaire,2026-07-25,NU,3667.15642023,14.09,51670.23
visionnaire,2026-07-25,NVDA,645.05724883,206.84,133423.64
visionnaire,2026-07-25,RKLB,451.73837628,63.91,28870.6
visionnaire,2026-07-25,SMCI,325.88492393,30.1,9809.14
visionnaire,2026-07-25,SMR,1103.75275938,8.09,8929.36
visionnaire,2026-07-25,SOFI,2923.26054591,16.46,48116.87
visionnaire,2026-07-25,TSLA,259.99956595,313.03,81387.66
visionnaire,2026-07-25,XPEV,578.7037037,12.33,7135.42
visionnaire,2026-07-25,ZETA,3073.56213556,19.13,58797.24
visionnaire,2026-07-26,AMD,128.32523871,521.95,66979.36
visionnaire,2026-07-26,BMNR,953.28884652,15.79,15052.43
visionnaire,2026-07-26,CASH,54456.56,1.0,54456.56
visionnaire,2026-07-26,CELH,4115.29728576,27.12,111606.87
visionnaire,2026-07-26,CRSP,391.46604032,46.54,18218.83
visionnaire,2026-07-26,DUOL,221.8770801,122.24,27122.25
visionnaire,2026-07-26,HIMS,4665.70337363,28.09,131059.61
visionnaire,2026-07-26,LFMD,2915.45189504,3.71,10816.33
visionnaire,2026-07-26,META,158.85623511,595.19,94549.64
visionnaire,2026-07-26,MTPLF,34557.44883168,1.355,46825.34
visionnaire,2026-07-26,NBIS,350.38542397,187.77,65791.87
visionnaire,2026-07-26,NIO,2231.20075758,4.49,10018.09
visionnaire,2026-07-26,NU,3667.15642023,14.09,51670.23
visionnaire,2026-07-26,NVDA,645.05724883,206.84,133423.64
visionnaire,2026-07-26,RKLB,451.73837628,63.91,28870.6
visionnaire,2026-07-26,SMCI,325.88492393,30.1,9809.14
visionnaire,2026-07-26,SMR,1103.75275938,8.09,8929.36
visionnaire,2026-07-26,SOFI,2923.26054591,16.46,48116.87
visionnaire,2026-07-26,TSLA,259.99956595,313.03,81387.66
visionnaire,2026-07-26,XPEV,578.7037037,12.33,7135.42
visionnaire,2026-07-26,ZETA,3073.56213556,19.13,58797.24
visionnaire,2026-07-27,AMD,128.32523871,494.95,63514.58
visionnaire,2026-07-27,BMNR,953.28884652,17.92,17082.94
visionnaire,2026-07-27,CASH,54456.56,1.0,54456.56
visionnaire,2026-07-27,CELH,4115.29728576,28.79,118479.41
visionnaire,2026-07-27,CRSP,391.46604032,46.73,18293.21
visionnaire,2026-07-27,DUOL,221.8770801,132.82,29469.72
visionnaire,2026-07-27,HIMS,4665.70337363,30.24,141090.87
visionnaire,2026-07-27,LFMD,2915.45189504,3.87,11282.8
visionnaire,2026-07-27,META,158.85623511,593.87,94339.95
visionnaire,2026-07-27,MTPLF,34557.44883168,1.38,47689.28
visionnaire,2026-07-27,NBIS,350.38542397,187.88,65830.42
visionnaire,2026-07-27,NIO,2231.20075758,4.62,10308.15
visionnaire,2026-07-27,NU,3667.15642023,14.53,53283.78
visionnaire,2026-07-27,NVDA,645.05724883,196.51,126760.2
visionnaire,2026-07-27,RKLB,451.73837628,66.94,30239.37
visionnaire,2026-07-27,SMCI,325.88492393,29.81,9714.63
visionnaire,2026-07-27,SMR,1103.75275938,8.54,9426.05
visionnaire,2026-07-27,SOFI,2923.26054591,16.88,49344.64
visionnaire,2026-07-27,TSLA,259.99956595,309.22,80397.07
visionnaire,2026-07-27,XPEV,578.7037037,12.78,7395.83
visionnaire,2026-07-27,ZETA,3073.56213556,20.74,63745.68
visionnaire,2026-07-28,AMD,128.32523871,454.62,58339.22
visionnaire,2026-07-28,BMNR,953.28884652,17.57,16749.28
visionnaire,2026-07-28,CASH,54456.56,1.0,54456.56
visionnaire,2026-07-28,CELH,4115.29728576,29.45,121195.51
visionnaire,2026-07-28,CRSP,391.46604032,47.55,18614.21
visionnaire,2026-07-28,DUOL,221.8770801,140.73,31224.76
visionnaire,2026-07-28,HIMS,4665.70337363,29.32,136798.42
visionnaire,2026-07-28,LFMD,2915.45189504,3.84,11195.34
visionnaire,2026-07-28,META,158.85623511,593.41,94266.87
visionnaire,2026-07-28,MTPLF,34557.44883168,1.35,46652.56
visionnaire,2026-07-28,NBIS,350.38542397,169.69,59456.9
visionnaire,2026-07-28,NIO,2231.20075758,4.68,10442.02
visionnaire,2026-07-28,NU,3667.15642023,14.68,53833.86
visionnaire,2026-07-28,NVDA,645.05724883,197.01,127082.73
visionnaire,2026-07-28,RKLB,451.73837628,63.89,28861.56
visionnaire,2026-07-28,SMCI,325.88492393,28.45,9271.43
visionnaire,2026-07-28,SMR,1103.75275938,8.22,9072.85
visionnaire,2026-07-28,SOFI,2923.26054591,16.74,48935.38
visionnaire,2026-07-28,TSLA,259.99956595,307.44,79934.27
visionnaire,2026-07-28,XPEV,578.7037037,12.71,7355.32
visionnaire,2026-07-28,ZETA,3073.56213556,21.89,67280.27
visionnaire,2026-07-29,AMD,128.32523871,429.56,55123.39
visionnaire,2026-07-29,BMNR,953.28884652,16.59,15815.06
visionnaire,2026-07-29,CASH,54456.56,1.0,54456.56
visionnaire,2026-07-29,CELH,4115.29728576,28.88,118849.78
visionnaire,2026-07-29,CRSP,391.46604032,47.64,18649.44
visionnaire,2026-07-29,DUOL,221.8770801,140.17,31100.51
visionnaire,2026-07-29,HIMS,4665.70337363,25.0,116642.58
visionnaire,2026-07-29,LFMD,2915.45189504,3.64,10612.25
visionnaire,2026-07-29,META,158.85623511,585.61,93027.8
visionnaire,2026-07-29,MTPLF,34557.44883168,1.33,45961.41
visionnaire,2026-07-29,NBIS,350.38542397,148.22,51934.13
visionnaire,2026-07-29,NIO,2231.20075758,4.76,10620.52
visionnaire,2026-07-29,NU,3667.15642023,14.04,51486.88
visionnaire,2026-07-29,NVDA,645.05724883,190.01,122567.32
visionnaire,2026-07-29,RKLB,451.73837628,58.6,26471.87
visionnaire,2026-07-29,SMCI,325.88492393,25.7,8375.24
visionnaire,2026-07-29,SMR,1103.75275938,7.59,8377.48
visionnaire,2026-07-29,SOFI,2923.26054591,15.25,44579.72
visionnaire,2026-07-29,TSLA,259.99956595,298.32,77563.07
visionnaire,2026-07-29,XPEV,578.7037037,13.06,7557.87
visionnaire,2026-07-29,ZETA,3073.56213556,22.08,67864.25
visionnaire,2026-07-30,AMD,128.32523871,485.39,62287.79
visionnaire,2026-07-30,BMNR,953.28884652,18.08,17235.46
visionnaire,2026-07-30,CASH,54456.56,1.0,54456.56
visionnaire,2026-07-30,CELH,4115.29728576,29.35,120783.98
visionnaire,2026-07-30,CRSP,391.46604032,48.44,18962.61
visionnaire,2026-07-30,DUOL,221.8770801,133.6,29642.78
visionnaire,2026-07-30,HIMS,4665.70337363,27.04,126160.62
visionnaire,2026-07-30,LFMD,2915.45189504,3.64,10612.25
visionnaire,2026-07-30,META,158.85623511,539.03,85628.28
visionnaire,2026-07-30,MTPLF,34557.44883168,1.36,46998.13
visionnaire,2026-07-30,NBIS,350.38542397,188.43,66023.12
visionnaire,2026-07-30,NIO,2231.20075758,4.84,10799.01
visionnaire,2026-07-30,NU,3667.15642023,14.49,53137.1
visionnaire,2026-07-30,NVDA,645.05724883,195.04,125811.96
visionnaire,2026-07-30,RKLB,451.73837628,64.68,29218.44
visionnaire,2026-07-30,SMCI,325.88492393,27.73,9036.79
visionnaire,2026-07-30,SMR,1103.75275938,8.6,9492.27
visionnaire,2026-07-30,SOFI,2923.26054591,16.47,48146.1
visionnaire,2026-07-30,TSLA,259.99956595,308.85,80300.87
visionnaire,2026-07-30,XPEV,578.7037037,12.98,7511.57
visionnaire,2026-07-30,ZETA,3073.56213556,21.37,65682.03
visionnaire,2026-07-31,AMD,128.32523871,476.15,61102.06
visionnaire,2026-07-31,BMNR,953.28884652,17.28,16472.83
visionnaire,2026-07-31,CASH,54456.56,1.0,54456.56
visionnaire,2026-07-31,CELH,4115.29728576,29.21,120207.83
visionnaire,2026-07-31,CRSP,391.46604032,47.99,18786.46
visionnaire,2026-07-31,DUOL,221.8770801,134.81,29911.25
visionnaire,2026-07-31,HIMS,4665.70337363,27.77,129566.58
visionnaire,2026-07-31,LFMD,2915.45189504,3.5,10204.08
visionnaire,2026-07-31,META,158.85623511,556.71,88436.86
visionnaire,2026-07-31,MTPLF,34557.44883168,1.4,48380.43
visionnaire,2026-07-31,NBIS,350.38542397,190.41,66716.89
visionnaire,2026-07-31,NIO,2231.20075758,4.88,10888.26
visionnaire,2026-07-31,NU,3667.15642023,14.33,52550.35
visionnaire,2026-07-31,NVDA,645.05724883,200.75,129495.24
visionnaire,2026-07-31,RKLB,451.73837628,64.95,29340.41
visionnaire,2026-07-31,SMCI,325.88492393,28.4,9255.13
visionnaire,2026-07-31,SMR,1103.75275938,8.42,9293.6
visionnaire,2026-07-31,SOFI,2923.26054591,16.31,47678.38
visionnaire,2026-07-31,TSLA,259.99956595,311.21,80914.46
visionnaire,2026-07-31,XPEV,578.7037037,13.0,7523.15
visionnaire,2026-07-31,ZETA,3073.56213556,21.6,66388.94
visionnaire,2026-08-01,AMD,128.32523871,476.15,61102.06
visionnaire,2026-08-01,BMNR,953.28884652,17.28,16472.83
visionnaire,2026-08-01,CASH,54456.56,1.0,54456.56
visionnaire,2026-08-01,CELH,4115.29728576,29.21,120207.83
visionnaire,2026-08-01,CRSP,391.46604032,47.99,18786.46
visionnaire,2026-08-01,DUOL,221.8770801,134.81,29911.25
visionnaire,2026-08-01,HIMS,4665.70337363,27.77,129566.58
visionnaire,2026-08-01,LFMD,2915.45189504,3.5,10204.08
visionnaire,2026-08-01,META,158.85623511,556.71,88436.86
visionnaire,2026-08-01,MTPLF,34557.44883168,1.4,48380.43
visionnaire,2026-08-01,NBIS,350.38542397,190.41,66716.89
visionnaire,2026-08-01,NIO,2231.20075758,4.88,10888.26
visionnaire,2026-08-01,NU,3667.15642023,14.33,52550.35
visionnaire,2026-08-01,NVDA,645.05724883,200.75,129495.24
visionnaire,2026-08-01,RKLB,451.73837628,64.95,29340.41
visionnaire,2026-08-01,SMCI,325.88492393,28.4,9255.13
visionnaire,2026-08-01,SMR,1103.75275938,8.42,9293.6
visionnaire,2026-08-01,SOFI,2923.26054591,16.31,47678.38
visionnaire,2026-08-01,TSLA,259.99956595,311.21,80914.46
visionnaire,2026-08-01,XPEV,578.7037037,13.0,7523.15
visionnaire,2026-08-01,ZETA,3073.56213556,21.6,66388.94
visionnaire,2026-08-02,AMD,128.32523871,476.15,61102.06
visionnaire,2026-08-02,BMNR,953.28884652,17.28,16472.83
visionnaire,2026-08-02,CASH,54456.56,1.0,54456.56
visionnaire,2026-08-02,CELH,4115.29728576,29.21,120207.83
visionnaire,2026-08-02,CRSP,391.46604032,47.99,18786.46
visionnaire,2026-08-02,DUOL,221.8770801,134.81,29911.25
visionnaire,2026-08-02,HIMS,4665.70337363,27.77,129566.58
visionnaire,2026-08-02,LFMD,2915.45189504,3.5,10204.08
visionnaire,2026-08-02,META,158.85623511,556.71,88436.86
visionnaire,2026-08-02,MTPLF,34557.44883168,1.4,48380.43
visionnaire,2026-08-02,NBIS,350.38542397,190.41,66716.89
visionnaire,2026-08-02,NIO,2231.20075758,4.88,10888.26
visionnaire,2026-08-02,NU,3667.15642023,14.33,52550.35
visionnaire,2026-08-02,NVDA,645.05724883,200.75,129495.24
visionnaire,2026-08-02,RKLB,451.73837628,64.95,29340.41
visionnaire,2026-08-02,SMCI,325.88492393,28.4,9255.13
visionnaire,2026-08-02,SMR,1103.75275938,8.42,9293.6
visionnaire,2026-08-02,SOFI,2923.26054591,16.31,47678.38
visionnaire,2026-08-02,TSLA,259.99956595,311.21,80914.46
visionnaire,2026-08-02,XPEV,578.7037037,13.0,7523.15
visionnaire,2026-08-02,ZETA,3073.56213556,21.6,66388.94
visionnaire,2026-08-03,AMD,128.32523871,484.64,62191.55
visionnaire,2026-08-03,BMNR,953.28884652,17.42,16606.29
visionnaire,2026-08-03,CASH,54456.56,1.0,54456.56
visionnaire,2026-08-03,CELH,4115.29728576,28.23,116174.84
visionnaire,2026-08-03,CRSP,391.46604032,49.57,19404.97
visionnaire,2026-08-03,DUOL,221.8770801,135.8,30130.91
visionnaire,2026-08-03,HIMS,4665.70337363,30.82,143796.98
visionnaire,2026-08-03,LFMD,2915.45189504,3.73,10874.64
visionnaire,2026-08-03,META,158.85623511,590.24,93763.3
visionnaire,2026-08-03,MTPLF,34557.44883168,1.46,50453.88
visionnaire,2026-08-03,NBIS,350.38542397,212.58,74484.93
visionnaire,2026-08-03,NIO,2231.20075758,4.81,10732.08
visionnaire,2026-08-03,NU,3667.15642023,14.44,52953.74
visionnaire,2026-08-03,NVDA,645.05724883,206.64,133294.63
visionnaire,2026-08-03,RKLB,451.73837628,70.43,31815.93
visionnaire,2026-08-03,SMCI,325.88492393,28.64,9333.34
visionnaire,2026-08-03,SMR,1103.75275938,9.01,9944.81
visionnaire,2026-08-03,SOFI,2923.26054591,18.03,52706.39
visionnaire,2026-08-03,TSLA,259.99956595,322.08,83740.66
visionnaire,2026-08-03,XPEV,578.7037037,12.37,7158.56
visionnaire,2026-08-03,ZETA,3073.56213556,22.56,69339.56
visionnaire,2026-08-04,AMD,128.32523871,518.58,66546.9
visionnaire,2026-08-04,BMNR,953.28884652,18.1,17254.53
visionnaire,2026-08-04,CASH,54456.56,1.0,54456.56
visionnaire,2026-08-04,CELH,4115.29728576,29.54,121565.89
visionnaire,2026-08-04,CRSP,391.46604032,53.07,20775.1
visionnaire,2026-08-04,DUOL,221.8770801,137.75,30563.57
visionnaire,2026-08-04,HIMS,4665.70337363,32.16,150049.02
visionnaire,2026-08-04,LFMD,2915.45189504,3.9,11370.26
visionnaire,2026-08-04,META,158.85623511,587.94,93397.94
visionnaire,2026-08-04,MTPLF,34557.44883168,1.41,48726.0
visionnaire,2026-08-04,NBIS,350.38542397,225.74,79096.01
visionnaire,2026-08-04,NIO,2231.20075758,4.76,10620.52
visionnaire,2026-08-04,NU,3667.15642023,14.33,52550.35
visionnaire,2026-08-04,NVDA,645.05724883,211.94,136713.43
visionnaire,2026-08-04,RKLB,451.73837628,74.48,33645.48
visionnaire,2026-08-04,SMCI,325.88492393,31.69,10327.29
visionnaire,2026-08-04,SMR,1103.75275938,9.49,10474.61
visionnaire,2026-08-04,SOFI,2923.26054591,18.7,54664.97
visionnaire,2026-08-04,TSLA,259.99956595,327.35,85110.86
visionnaire,2026-08-04,XPEV,578.7037037,12.05,6973.38
visionnaire,2026-08-04,ZETA,3073.56213556,24.26,74564.62
visionnaire,2026-08-05,AMD,128.32523871,482.05,61859.18
visionnaire,2026-08-05,BMNR,953.28884652,18.43,17569.11
visionnaire,2026-08-05,CASH,54456.56,1.0,54456.56
visionnaire,2026-08-05,CELH,4115.29728576,29.15,119960.91
visionnaire,2026-08-05,CRSP,391.46604032,52.45,20532.39
visionnaire,2026-08-05,DUOL,221.8770801,135.32,30024.41
visionnaire,2026-08-05,HIMS,4665.70337363,31.65,147669.51
visionnaire,2026-08-05,LFMD,2915.45189504,3.68,10728.86
visionnaire,2026-08-05,META,158.85623511,588.77,93529.79
visionnaire,2026-08-05,MTPLF,34557.44883168,1.36,46998.13
visionnaire,2026-08-05,NBIS,350.38542397,218.99,76730.91
visionnaire,2026-08-05,NIO,2231.20075758,4.65,10375.08
visionnaire,2026-08-05,NU,3667.15642023,14.48,53100.42
visionnaire,2026-08-05,NVDA,645.05724883,219.22,141409.45
visionnaire,2026-08-05,RKLB,451.73837628,74.82,33799.07
visionnaire,2026-08-05,SMCI,325.88492393,30.32,9880.83
visionnaire,2026-08-05,SMR,1103.75275938,9.38,10353.2
visionnaire,2026-08-05,SOFI,2923.26054591,18.25,53349.5
visionnaire,2026-08-05,TSLA,259.99956595,321.55,83602.86
visionnaire,2026-08-05,XPEV,578.7037037,11.75,6799.77
visionnaire,2026-08-05,ZETA,3073.56213556,27.07,83201.33
visionnaire,2026-08-06,AMD,128.32523871,489.28,62786.97
visionnaire,2026-08-06,BMNR,953.28884652,18.3,17445.19
visionnaire,2026-08-06,CASH,54456.56,1.0,54456.56
visionnaire,2026-08-06,CELH,4115.29728576,23.77,97820.62
visionnaire,2026-08-06,CRSP,391.46604032,51.64,20215.31
visionnaire,2026-08-06,DUOL,221.8770801,122.58,27197.69
visionnaire,2026-08-06,HIMS,4665.70337363,29.66,138384.76
visionnaire,2026-08-06,LFMD,2915.45189504,3.4,9912.54
visionnaire,2026-08-06,META,158.85623511,589.9,93709.3
visionnaire,2026-08-06,MTPLF,34557.44883168,1.4,48380.43
visionnaire,2026-08-06,NBIS,350.38542397,189.88,66531.19
visionnaire,2026-08-06,NIO,2231.20075758,4.6,10263.52
visionnaire,2026-08-06,NU,3667.15642023,14.12,51780.25
visionnaire,2026-08-06,NVDA,645.05724883,218.99,141261.09
visionnaire,2026-08-06,RKLB,451.73837628,75.67,34183.04
visionnaire,2026-08-06,SMCI,325.88492393,29.38,9574.5
visionnaire,2026-08-06,SMR,1103.75275938,9.47,10452.54
visionnaire,2026-08-06,SOFI,2923.26054591,18.1,52911.02
visionnaire,2026-08-06,TSLA,259.99956595,319.53,83077.66
visionnaire,2026-08-06,XPEV,578.7037037,11.68,6759.26
visionnaire,2026-08-06,ZETA,3073.56213556,25.56,78560.25
visionnaire,2026-08-07,AMD,128.32523871,483.36,62027.29
visionnaire,2026-08-07,BMNR,953.28884652,18.82,17940.9
visionnaire,2026-08-07,CASH,54456.56,1.0,54456.56
visionnaire,2026-08-07,CELH,4115.29728576,27.77,114281.81
visionnaire,2026-08-07,CRSP,391.46604032,53.52,20951.26
visionnaire,2026-08-07,DUOL,221.8770801,130.9,29043.71
visionnaire,2026-08-07,HIMS,4665.70337363,31.59,147389.57
visionnaire,2026-08-07,LFMD,2915.45189504,3.56,10379.01
visionnaire,2026-08-07,META,158.85623511,592.1,94058.77
visionnaire,2026-08-07,MTPLF,34557.44883168,1.41,48726.0
visionnaire,2026-08-07,NBIS,350.38542397,187.97,65861.95
visionnaire,2026-08-07,NIO,2231.20075758,4.74,10575.89
visionnaire,2026-08-07,NU,3667.15642023,13.84,50753.45
visionnaire,2026-08-07,NVDA,645.05724883,223.96,144467.03
visionnaire,2026-08-07,RKLB,451.73837628,82.83,37417.49
visionnaire,2026-08-07,SMCI,325.88492393,31.13,10144.8
visionnaire,2026-08-07,SMR,1103.75275938,9.82,10838.85
visionnaire,2026-08-07,SOFI,2923.26054591,18.38,53729.53
visionnaire,2026-08-07,TSLA,259.99956595,328.58,85430.65
visionnaire,2026-08-07,XPEV,578.7037037,12.13,7019.68
visionnaire,2026-08-07,ZETA,3073.56213556,26.64,81879.69
visionnaire,2026-08-08,AMD,128.32523871,483.36,62027.29
visionnaire,2026-08-08,BMNR,953.28884652,18.82,17940.9
visionnaire,2026-08-08,CASH,54456.56,1.0,54456.56
visionnaire,2026-08-08,CELH,4115.29728576,27.77,114281.81
visionnaire,2026-08-08,CRSP,391.46604032,53.52,20951.26
visionnaire,2026-08-08,DUOL,221.8770801,130.9,29043.71
visionnaire,2026-08-08,HIMS,4665.70337363,31.59,147389.57
visionnaire,2026-08-08,LFMD,2915.45189504,3.56,10379.01
visionnaire,2026-08-08,META,158.85623511,592.1,94058.77
visionnaire,2026-08-08,MTPLF,34557.44883168,1.41,48726.0
visionnaire,2026-08-08,NBIS,350.38542397,187.97,65861.95
visionnaire,2026-08-08,NIO,2231.20075758,4.74,10575.89
visionnaire,2026-08-08,NU,3667.15642023,13.84,50753.45
visionnaire,2026-08-08,NVDA,645.05724883,223.96,144467.03
visionnaire,2026-08-08,RKLB,451.73837628,82.83,37417.49
visionnaire,2026-08-08,SMCI,325.88492393,31.13,10144.8
visionnaire,2026-08-08,SMR,1103.75275938,9.82,10838.85
visionnaire,2026-08-08,SOFI,2923.26054591,18.38,53729.53
visionnaire,2026-08-08,TSLA,259.99956595,328.58,85430.65
visionnaire,2026-08-08,XPEV,578.7037037,12.13,7019.68
visionnaire,2026-08-08,ZETA,3073.56213556,26.64,81879.69
visionnaire,2026-08-09,AMD,128.32523871,483.36,62027.29
visionnaire,2026-08-09,BMNR,953.28884652,18.82,17940.9
visionnaire,2026-08-09,CASH,54456.56,1.0,54456.56
visionnaire,2026-08-09,CELH,4115.29728576,27.77,114281.81
visionnaire,2026-08-09,CRSP,391.46604032,53.52,20951.26
visionnaire,2026-08-09,DUOL,221.8770801,130.9,29043.71
visionnaire,2026-08-09,HIMS,4665.70337363,31.59,147389.57
visionnaire,2026-08-09,LFMD,2915.45189504,3.56,10379.01
visionnaire,2026-08-09,META,158.85623511,592.1,94058.77
visionnaire,2026-08-09,MTPLF,34557.44883168,1.41,48726.0
visionnaire,2026-08-09,NBIS,350.38542397,187.97,65861.95
visionnaire,2026-08-09,NIO,2231.20075758,4.74,10575.89
visionnaire,2026-08-09,NU,3667.15642023,13.84,50753.45
visionnaire,2026-08-09,NVDA,645.05724883,223.96,144467.03
visionnaire,2026-08-09,RKLB,451.73837628,82.83,37417.49
visionnaire,2026-08-09,SMCI,325.88492393,31.13,10144.8
visionnaire,2026-08-09,SMR,1103.75275938,9.82,10838.85
visionnaire,2026-08-09,SOFI,2923.26054591,18.38,53729.53
visionnaire,2026-08-09,TSLA,259.99956595,328.58,85430.65
visionnaire,2026-08-09,XPEV,578.7037037,12.13,7019.68
visionnaire,2026-08-09,ZETA,3073.56213556,26.64,81879.69
visionnaire,2026-08-10,AMD,128.32523871,469.56,60256.4
visionnaire,2026-08-10,BMNR,953.28884652,18.1,17254.53
visionnaire,2026-08-10,CASH,54456.56,1.0,54456.56
visionnaire,2026-08-10,CELH,4115.29728576,27.21,111977.24
visionnaire,2026-08-10,CRSP,391.46604032,53.51,20947.35
visionnaire,2026-08-10,DUOL,221.8770801,137.19,30439.32
visionnaire,2026-08-10,HIMS,4665.70337363,31.77,148229.4
visionnaire,2026-08-10,LFMD,2915.45189504,3.62,10553.94
visionnaire,2026-08-10,META,158.85623511,594.92,94506.75
visionnaire,2026-08-10,MTPLF,34557.44883168,1.44,49762.73
visionnaire,2026-08-10,NBIS,350.38542397,184.11,64509.46
visionnaire,2026-08-10,NIO,2231.20075758,4.82,10754.39
visionnaire,2026-08-10,NU,3667.15642023,13.86,50826.79
visionnaire,2026-08-10,NVDA,645.05724883,217.55,140332.21
visionnaire,2026-08-10,RKLB,451.73837628,80.04,36157.14
visionnaire,2026-08-10,SMCI,325.88492393,31.46,10252.34
visionnaire,2026-08-10,SMR,1103.75275938,9.18,10132.45
visionnaire,2026-08-10,SOFI,2923.26054591,18.12,52969.48
visionnaire,2026-08-10,TSLA,259.99956595,330.88,86028.66
visionnaire,2026-08-10,XPEV,578.7037037,12.0,6944.44
visionnaire,2026-08-10,ZETA,3073.56213556,27.54,84645.9
visionnaire,2026-08-11,AMD,128.32523871,474.32,60867.23
visionnaire,2026-08-11,BMNR,953.28884652,18.09,17245.0
visionnaire,2026-08-11,CASH,54456.56,1.0,54456.56
visionnaire,2026-08-11,CELH,4115.29728576,28.09,115598.7
visionnaire,2026-08-11,CRSP,391.46604032,54.07,21166.57
visionnaire,2026-08-11,DUOL,221.8770801,135.44,30051.03
visionnaire,2026-08-11,HIMS,4665.70337363,30.51,142350.61
visionnaire,2026-08-11,LFMD,2915.45189504,3.38,9854.23
visionnaire,2026-08-11,META,158.85623511,599.12,95173.95
visionnaire,2026-08-11,MTPLF,34557.44883168,1.43,49417.15
visionnaire,2026-08-11,NBIS,350.38542397,193.23,67704.97
visionnaire,2026-08-11,NIO,2231.20075758,4.62,10308.15
visionnaire,2026-08-11,NU,3667.15642023,13.65,50056.68
visionnaire,2026-08-11,NVDA,645.05724883,217.5,140299.95
visionnaire,2026-08-11,RKLB,451.73837628,80.01,36143.59
visionnaire,2026-08-11,SMCI,325.88492393,31.6,10297.96
visionnaire,2026-08-11,SMR,1103.75275938,9.89,10916.12
visionnaire,2026-08-11,SOFI,2923.26054591,17.98,52560.22
visionnaire,2026-08-11,TSLA,259.99956595,332.81,86530.45
visionnaire,2026-08-11,XPEV,578.7037037,11.88,6875.0
visionnaire,2026-08-11,ZETA,3073.56213556,29.15,89594.34
visionnaire,2026-08-12,AMD,128.32523871,482.93,61972.11
visionnaire,2026-08-12,BMNR,953.28884652,17.89,17054.34
visionnaire,2026-08-12,CASH,54456.56,1.0,54456.56
visionnaire,2026-08-12,CELH,4115.29728576,27.62,113664.51
visionnaire,2026-08-12,CRSP,391.46604032,53.99,21135.25
visionnaire,2026-08-12,DUOL,221.8770801,134.63,29871.31
visionnaire,2026-08-12,HIMS,4665.70337363,29.97,139831.13
visionnaire,2026-08-12,LFMD,2915.45189504,3.29,9591.84
visionnaire,2026-08-12,META,158.85623511,578.85,91953.93
visionnaire,2026-08-12,MTPLF,34557.44883168,1.42,49071.58
visionnaire,2026-08-12,NBIS,350.38542397,259.2,90819.91
visionnaire,2026-08-12,NIO,2231.20075758,4.54,10129.65
visionnaire,2026-08-12,NU,3667.15642023,13.56,49726.64
visionnaire,2026-08-12,NVDA,645.05724883,224.09,144550.88
visionnaire,2026-08-12,RKLB,451.73837628,81.17,36667.6
visionnaire,2026-08-12,SMCI,325.88492393,37.61,12256.53
visionnaire,2026-08-12,SMR,1103.75275938,9.59,10584.99
visionnaire,2026-08-12,SOFI,2923.26054591,17.94,52443.3
visionnaire,2026-08-12,TSLA,259.99956595,327.51,85152.46
visionnaire,2026-08-12,XPEV,578.7037037,11.75,6799.77
visionnaire,2026-08-12,ZETA,3073.56213556,28.55,87750.2
visionnaire,2026-08-13,AMD,128.32523871,483.01,61982.37
visionnaire,2026-08-13,BMNR,953.28884652,18.29,17435.65
visionnaire,2026-08-13,CASH,54456.56,1.0,54456.56
visionnaire,2026-08-13,CELH,4115.29728576,28.78,118438.26
visionnaire,2026-08-13,CRSP,391.46604032,53.99,21135.25
visionnaire,2026-08-13,DUOL,221.8770801,144.1,31972.49
visionnaire,2026-08-13,HIMS,4665.70337363,28.77,134232.29
visionnaire,2026-08-13,LFMD,2915.45189504,3.46,10087.46
visionnaire,2026-08-13,META,158.85623511,594.97,94514.69
visionnaire,2026-08-13,MTPLF,34557.44883168,1.37,47343.71
visionnaire,2026-08-13,NBIS,350.38542397,255.04,89362.3
visionnaire,2026-08-13,NIO,2231.20075758,4.5,10040.4
visionnaire,2026-08-13,NU,3667.15642023,13.93,51083.49
visionnaire,2026-08-13,NVDA,645.05724883,225.3,145331.4
visionnaire,2026-08-13,RKLB,451.73837628,80.1,36184.24
visionnaire,2026-08-13,SMCI,325.88492393,39.16,12761.65
visionnaire,2026-08-13,SMR,1103.75275938,9.85,10871.97
visionnaire,2026-08-13,SOFI,2923.26054591,18.43,53875.69
visionnaire,2026-08-13,TSLA,259.99956595,339.96,88389.45
visionnaire,2026-08-13,XPEV,578.7037037,11.78,6817.13
visionnaire,2026-08-13,ZETA,3073.56213556,29.62,91038.91
visionnaire,2026-08-14,AMD,128.32523871,514.39,66009.22
visionnaire,2026-08-14,BMNR,953.28884652,18.08,17235.46
visionnaire,2026-08-14,CASH,54456.56,1.0,54456.56
visionnaire,2026-08-14,CELH,4115.29728576,29.09,119714.0
visionnaire,2026-08-14,CRSP,391.46604032,53.55,20963.01
visionnaire,2026-08-14,DUOL,221.8770801,132.83,29471.93
visionnaire,2026-08-14,HIMS,4665.70337363,28.15,131339.55
visionnaire,2026-08-14,LFMD,2915.45189504,3.45,10058.31
visionnaire,2026-08-14,META,158.85623511,589.85,93701.35
visionnaire,2026-08-14,MTPLF,34557.44883168,1.38,47689.28
visionnaire,2026-08-14,NBIS,350.38542397,277.68,97295.02
visionnaire,2026-08-14,NIO,2231.20075758,4.52,10085.03
visionnaire,2026-08-14,NU,3667.15642023,15.23,55850.79
visionnaire,2026-08-14,NVDA,645.05724883,225.16,145241.09
visionnaire,2026-08-14,RKLB,451.73837628,80.25,36252.0
visionnaire,2026-08-14,SMCI,325.88492393,39.84,12983.26
visionnaire,2026-08-14,SMR,1103.75275938,9.39,10364.24
visionnaire,2026-08-14,SOFI,2923.26054591,18.29,53466.44
visionnaire,2026-08-14,TSLA,259.99956595,342.27,88990.05
visionnaire,2026-08-14,XPEV,578.7037037,11.7,6770.83
visionnaire,2026-08-14,ZETA,3073.56213556,29.05,89286.98
visionnaire,2026-08-15,AMD,128.32523871,514.39,66009.22
visionnaire,2026-08-15,BMNR,953.28884652,18.08,17235.46
visionnaire,2026-08-15,CASH,54456.56,1.0,54456.56
visionnaire,2026-08-15,CELH,4115.29728576,29.09,119714.0
visionnaire,2026-08-15,CRSP,391.46604032,53.55,20963.01
visionnaire,2026-08-15,DUOL,221.8770801,132.83,29471.93
visionnaire,2026-08-15,HIMS,4665.70337363,28.15,131339.55
visionnaire,2026-08-15,LFMD,2915.45189504,3.45,10058.31
visionnaire,2026-08-15,META,158.85623511,589.85,93701.35
visionnaire,2026-08-15,MTPLF,34557.44883168,1.37,47343.71
visionnaire,2026-08-15,NBIS,350.38542397,277.68,97295.02
visionnaire,2026-08-15,NIO,2231.20075758,4.52,10085.03
visionnaire,2026-08-15,NU,3667.15642023,15.23,55850.79
visionnaire,2026-08-15,NVDA,645.05724883,225.16,145241.09
visionnaire,2026-08-15,RKLB,451.73837628,80.25,36252.0
visionnaire,2026-08-15,SMCI,325.88492393,39.84,12983.26
visionnaire,2026-08-15,SMR,1103.75275938,9.39,10364.24
visionnaire,2026-08-15,SOFI,2923.26054591,18.29,53466.44
visionnaire,2026-08-15,TSLA,259.99956595,342.27,88990.05
visionnaire,2026-08-15,XPEV,578.7037037,11.7,6770.83
visionnaire,2026-08-15,ZETA,3073.56213556,29.05,89286.98
visionnaire,2026-08-16,AMD,128.32523871,514.39,66009.22
visionnaire,2026-08-16,BMNR,953.28884652,18.08,17235.46
visionnaire,2026-08-16,CASH,54456.56,1.0,54456.56
visionnaire,2026-08-16,CELH,4115.29728576,29.09,119714.0
visionnaire,2026-08-16,CRSP,391.46604032,53.55,20963.01
visionnaire,2026-08-16,DUOL,221.8770801,132.83,29471.93
visionnaire,2026-08-16,HIMS,4665.70337363,28.15,131339.55
visionnaire,2026-08-16,LFMD,2915.45189504,3.45,10058.31
visionnaire,2026-08-16,META,158.85623511,589.85,93701.35
visionnaire,2026-08-16,MTPLF,34557.44883168,1.37,47343.71
visionnaire,2026-08-16,NBIS,350.38542397,277.68,97295.02
visionnaire,2026-08-16,NIO,2231.20075758,4.52,10085.03
visionnaire,2026-08-16,NU,3667.15642023,15.23,55850.79
visionnaire,2026-08-16,NVDA,645.05724883,225.16,145241.09
visionnaire,2026-08-16,RKLB,451.73837628,80.25,36252.0
visionnaire,2026-08-16,SMCI,325.88492393,39.84,12983.26
visionnaire,2026-08-16,SMR,1103.75275938,9.39,10364.24
visionnaire,2026-08-16,SOFI,2923.26054591,18.29,53466.44
visionnaire,2026-08-16,TSLA,259.99956595,342.27,88990.05
visionnaire,2026-08-16,XPEV,578.7037037,11.7,6770.83
visionnaire,2026-08-16,ZETA,3073.56213556,29.05,89286.98
visionnaire,2026-08-17,AMD,128.32523871,506.0,64932.57
visionnaire,2026-08-17,BMNR,953.28884652,18.73,17855.1
visionnaire,2026-08-17,CASH,54456.56,1.0,54456.56
visionnaire,2026-08-17,CELH,4115.29728576,29.945,123232.58
visionnaire,2026-08-17,CRSP,391.46604032,54.28,21248.78
visionnaire,2026-08-17,DUOL,221.8770801,130.16,28879.52
visionnaire,2026-08-17,HIMS,4665.70337363,28.61,133485.78
visionnaire,2026-08-17,LFMD,2915.45189504,3.32,9679.3
visionnaire,2026-08-17,META,158.85623511,568.97,90384.43
visionnaire,2026-08-17,MTPLF,34557.44883168,1.4,48380.43
visionnaire,2026-08-17,NBIS,350.38542397,268.85,94201.12
visionnaire,2026-08-17,NIO,2231.20075758,4.6,10263.52
visionnaire,2026-08-17,NU,3667.15642023,14.74,54053.88
visionnaire,2026-08-17,NVDA,645.05724883,225.01,145144.33
visionnaire,2026-08-17,RKLB,451.73837628,82.08,37078.69
visionnaire,2026-08-17,SMCI,325.88492393,38.28,12474.87
visionnaire,2026-08-17,SMR,1103.75275938,9.19,10143.49
visionnaire,2026-08-17,SOFI,2923.26054591,18.31,53524.9
visionnaire,2026-08-17,TSLA,259.99956595,339.3,88217.85
visionnaire,2026-08-17,XPEV,578.7037037,12.2,7060.19
visionnaire,2026-08-17,ZETA,3073.56213556,28.83,88610.8
visionnaire,2026-08-18,AMD,128.32523871,484.39,62159.46
visionnaire,2026-08-18,BMNR,953.28884652,18.28,17426.12
visionnaire,2026-08-18,CASH,54456.56,1.0,54456.56
visionnaire,2026-08-18,CELH,4115.29728576,29.9,123047.39
visionnaire,2026-08-18,CRSP,391.46604032,52.97,20735.96
visionnaire,2026-08-18,DUOL,221.8770801,139.64,30982.92
visionnaire,2026-08-18,HIMS,4665.70337363,27.39,127793.61
visionnaire,2026-08-18,LFMD,2915.45189504,3.27,9533.53
visionnaire,2026-08-18,META,158.85623511,543.67,86365.37
visionnaire,2026-08-18,MTPLF,34557.44883168,1.47,50799.45
visionnaire,2026-08-18,NBIS,350.38542397,248.43,87046.25
visionnaire,2026-08-18,NIO,2231.20075758,4.53,10107.34
visionnaire,2026-08-18,NU,3667.15642023,14.35,52623.7
visionnaire,2026-08-18,NVDA,645.05724883,219.74,141744.88
visionnaire,2026-08-18,RKLB,451.73837628,79.16,35759.61
visionnaire,2026-08-18,SMCI,325.88492393,37.41,12191.35
visionnaire,2026-08-18,SMR,1103.75275938,8.64,9536.42
visionnaire,2026-08-18,SOFI,2923.26054591,17.66,51624.78
visionnaire,2026-08-18,TSLA,259.99956595,336.87,87586.05
visionnaire,2026-08-18,XPEV,578.7037037,11.74,6793.98
visionnaire,2026-08-18,ZETA,3073.56213556,28.23,86766.66
visionnaire,2026-08-19,AMD,128.32523871,466.42,59853.46
visionnaire,2026-08-19,BMNR,953.28884652,20.24,19294.57
visionnaire,2026-08-19,CASH,54456.56,1.0,54456.56
visionnaire,2026-08-19,CELH,4115.29728576,32.26,132759.48
visionnaire,2026-08-19,CRSP,391.46604032,59.81,23413.58
visionnaire,2026-08-19,DUOL,221.8770801,146.03,32400.71
visionnaire,2026-08-19,HIMS,4665.70337363,31.09,145056.72
visionnaire,2026-08-19,LFMD,2915.45189504,3.4,9912.54
visionnaire,2026-08-19,META,158.85623511,546.03,86740.27
visionnaire,2026-08-19,MTPLF,34557.44883168,1.51,52181.75
visionnaire,2026-08-19,NBIS,350.38542397,223.9,78451.29
visionnaire,2026-08-19,NIO,2231.20075758,4.58,10218.9
visionnaire,2026-08-19,NU,3667.15642023,14.61,53577.15
visionnaire,2026-08-19,NVDA,645.05724883,217.56,140338.65
visionnaire,2026-08-19,RKLB,451.73837628,75.84,34259.84
visionnaire,2026-08-19,SMCI,325.88492393,36.58,11920.87
visionnaire,2026-08-19,SMR,1103.75275938,9.29,10253.86
visionnaire,2026-08-19,SOFI,2923.26054591,18.42,53846.46
visionnaire,2026-08-19,TSLA,259.99956595,351.12,91291.05
visionnaire,2026-08-19,XPEV,578.7037037,11.99,6938.66
visionnaire,2026-08-19,ZETA,3073.56213556,28.79,88487.86
visionnaire,2026-08-20,AMD,128.32523871,469.455,60242.92
visionnaire,2026-08-20,BMNR,953.28884652,21.57,20562.44
visionnaire,2026-08-20,CASH,54456.56,1.0,54456.56
visionnaire,2026-08-20,CELH,4115.29728576,32.54,133911.78
visionnaire,2026-08-20,CRSP,391.46604032,58.12,22752.01
visionnaire,2026-08-20,DUOL,221.8770801,147.03,32622.59
visionnaire,2026-08-20,HIMS,4665.70337363,31.86,148649.31
visionnaire,2026-08-20,LFMD,2915.45189504,3.28,9562.68
visionnaire,2026-08-20,META,158.85623511,545.83,86708.5
visionnaire,2026-08-20,MTPLF,34557.44883168,1.72,59438.81
visionnaire,2026-08-20,NBIS,350.38542397,220.11,77123.34
visionnaire,2026-08-20,NIO,2231.20075758,4.53,10107.34
visionnaire,2026-08-20,NU,3667.15642023,14.21,52110.29
visionnaire,2026-08-20,NVDA,645.05724883,216.85,139880.67
visionnaire,2026-08-20,RKLB,451.73837628,72.95,32954.31
visionnaire,2026-08-20,SMCI,325.88492393,36.5,11894.8
visionnaire,2026-08-20,SMR,1103.75275938,9.07,10011.04
visionnaire,2026-08-20,SOFI,2923.26054591,17.92,52384.83
visionnaire,2026-08-20,TSLA,259.99956595,345.13,89733.65
visionnaire,2026-08-20,XPEV,578.7037037,12.0,6944.44
visionnaire,2026-08-20,ZETA,3073.56213556,27.85,85598.71
visionnaire,2026-08-21,AMD,128.32523871,473.25,60729.92
visionnaire,2026-08-21,BMNR,953.28884652,22.83,21763.58
visionnaire,2026-08-21,CASH,54456.56,1.0,54456.56
visionnaire,2026-08-21,CELH,4115.29728576,33.36,137286.32
visionnaire,2026-08-21,CRSP,391.46604032,59.5,23292.23
visionnaire,2026-08-21,DUOL,221.8770801,146.13,32422.9
visionnaire,2026-08-21,HIMS,4665.70337363,33.78,157607.45
visionnaire,2026-08-21,LFMD,2915.45189504,3.31,9650.15
visionnaire,2026-08-21,META,158.85623511,549.9,87355.05
visionnaire,2026-08-21,MTPLF,34557.44883168,2.01,69460.47
visionnaire,2026-08-21,NBIS,350.38542397,219.13,76779.96
visionnaire,2026-08-21,NIO,2231.20075758,4.63,10330.46
visionnaire,2026-08-21,NU,3667.15642023,14.58,53467.14
visionnaire,2026-08-21,NVDA,645.05724883,214.72,138506.69
visionnaire,2026-08-21,RKLB,451.73837628,72.57,32782.65
visionnaire,2026-08-21,SMCI,325.88492393,37.24,12135.96
visionnaire,2026-08-21,SMR,1103.75275938,9.4,10375.28
visionnaire,2026-08-21,SOFI,2923.26054591,18.91,55278.86
visionnaire,2026-08-21,TSLA,259.99956595,362.86,94343.44
visionnaire,2026-08-21,XPEV,578.7037037,12.19,7054.4
visionnaire,2026-08-21,ZETA,3073.56213556,29.07,89348.45
visionnaire,2026-08-22,AMD,128.32523871,473.25,60729.92
visionnaire,2026-08-22,BMNR,953.28884652,22.83,21763.58
visionnaire,2026-08-22,CASH,54456.56,1.0,54456.56
visionnaire,2026-08-22,CELH,4115.29728576,33.36,137286.32
visionnaire,2026-08-22,CRSP,391.46604032,59.5,23292.23
visionnaire,2026-08-22,DUOL,221.8770801,146.13,32422.9
visionnaire,2026-08-22,HIMS,4665.70337363,33.78,157607.45
visionnaire,2026-08-22,LFMD,2915.45189504,3.31,9650.15
visionnaire,2026-08-22,META,158.85623511,549.9,87355.05
visionnaire,2026-08-22,MTPLF,34557.44883168,2.004,69253.13
visionnaire,2026-08-22,NBIS,350.38542397,219.13,76779.96
visionnaire,2026-08-22,NIO,2231.20075758,4.63,10330.46
visionnaire,2026-08-22,NU,3667.15642023,14.58,53467.14
visionnaire,2026-08-22,NVDA,645.05724883,214.72,138506.69
visionnaire,2026-08-22,RKLB,451.73837628,72.57,32782.65
visionnaire,2026-08-22,SMCI,325.88492393,37.24,12135.96
visionnaire,2026-08-22,SMR,1103.75275938,9.4,10375.28
visionnaire,2026-08-22,SOFI,2923.26054591,18.91,55278.86
visionnaire,2026-08-22,TSLA,259.99956595,362.86,94343.44
visionnaire,2026-08-22,XPEV,578.7037037,12.19,7054.4
visionnaire,2026-08-22,ZETA,3073.56213556,29.07,89348.45
visionnaire,2026-08-23,AMD,128.32523871,473.25,60729.92
visionnaire,2026-08-23,BMNR,953.28884652,22.83,21763.58
visionnaire,2026-08-23,CASH,54456.56,1.0,54456.56
visionnaire,2026-08-23,CELH,4115.29728576,33.36,137286.32
visionnaire,2026-08-23,CRSP,391.46604032,59.5,23292.23
visionnaire,2026-08-23,DUOL,221.8770801,146.13,32422.9
visionnaire,2026-08-23,HIMS,4665.70337363,33.78,157607.45
visionnaire,2026-08-23,LFMD,2915.45189504,3.31,9650.15
visionnaire,2026-08-23,META,158.85623511,549.9,87355.05
visionnaire,2026-08-23,MTPLF,34557.44883168,2.004,69253.13
visionnaire,2026-08-23,NBIS,350.38542397,219.13,76779.96
visionnaire,2026-08-23,NIO,2231.20075758,4.63,10330.46
visionnaire,2026-08-23,NU,3667.15642023,14.58,53467.14
visionnaire,2026-08-23,NVDA,645.05724883,214.72,138506.69
visionnaire,2026-08-23,RKLB,451.73837628,72.57,32782.65
visionnaire,2026-08-23,SMCI,325.88492393,37.24,12135.96
visionnaire,2026-08-23,SMR,1103.75275938,9.4,10375.28
visionnaire,2026-08-23,SOFI,2923.26054591,18.91,55278.86
visionnaire,2026-08-23,TSLA,259.99956595,362.86,94343.44
visionnaire,2026-08-23,XPEV,578.7037037,12.19,7054.4
visionnaire,2026-08-23,ZETA,3073.56213556,29.07,89348.45
visionnaire,2026-08-24,AMD,128.32523871,456.745,58611.91
visionnaire,2026-08-24,BMNR,953.28884652,24.14,23012.39
visionnaire,2026-08-24,CASH,54456.56,1.0,54456.56
visionnaire,2026-08-24,CELH,4115.29728576,35.03,144158.86
visionnaire,2026-08-24,CRSP,391.46604032,57.075,22342.92
visionnaire,2026-08-24,DUOL,221.8770801,146.84,32580.43
visionnaire,2026-08-24,HIMS,4665.70337363,31.08,145010.06
visionnaire,2026-08-24,LFMD,2915.45189504,3.14,9154.52
visionnaire,2026-08-24,META,158.85623511,559.02,88803.82
visionnaire,2026-08-24,MTPLF,34557.44883168,2.0,69114.9
visionnaire,2026-08-24,NBIS,350.38542397,210.91,73899.79
visionnaire,2026-08-24,NIO,2231.20075758,4.36,9728.04
visionnaire,2026-08-24,NU,3667.15642023,14.76,54127.23
visionnaire,2026-08-24,NVDA,645.05724883,208.48,134481.53
visionnaire,2026-08-24,RKLB,451.73837628,68.28,30844.7
visionnaire,2026-08-24,SMCI,325.88492393,35.17,11461.37
visionnaire,2026-08-24,SMR,1103.75275938,9.05,9988.96
visionnaire,2026-08-24,SOFI,2923.26054591,18.24,53320.27
visionnaire,2026-08-24,TSLA,259.99956595,348.95,90726.85
visionnaire,2026-08-24,XPEV,578.7037037,11.15,6452.55
visionnaire,2026-08-24,ZETA,3073.56213556,28.47,87504.31
visionnaire,2026-08-25,AMD,128.32523871,479.18,61490.89
visionnaire,2026-08-25,BMNR,953.28884652,24.82,23660.63
visionnaire,2026-08-25,CASH,54456.56,1.0,54456.56
visionnaire,2026-08-25,CELH,4115.29728576,35.34,145434.61
visionnaire,2026-08-25,CRSP,391.46604032,60.9,23840.28
visionnaire,2026-08-25,DUOL,221.8770801,146.04,32402.93
visionnaire,2026-08-25,HIMS,4665.70337363,31.75,148136.08
visionnaire,2026-08-25,LFMD,2915.45189504,3.25,9475.22
visionnaire,2026-08-25,META,158.85623511,570.05,90555.99
visionnaire,2026-08-25,MTPLF,34557.44883168,2.02,69806.05
visionnaire,2026-08-25,NBIS,350.38542397,221.97,77775.05
visionnaire,2026-08-25,NIO,2231.20075758,4.45,9928.84
visionnaire,2026-08-25,NU,3667.15642023,15.14,55520.75
visionnaire,2026-08-25,NVDA,645.05724883,213.05,137429.45
visionnaire,2026-08-25,RKLB,451.73837628,66.91,30225.82
visionnaire,2026-08-25,SMCI,325.88492393,38.46,12533.53
visionnaire,2026-08-25,SMR,1103.75275938,9.81,10827.82
visionnaire,2026-08-25,SOFI,2923.26054591,19.0,55541.95
visionnaire,2026-08-25,TSLA,259.99956595,350.25,91064.85
visionnaire,2026-08-25,XPEV,578.7037037,11.6,6712.96
visionnaire,2026-08-25,ZETA,3073.56213556,27.88,85690.91
visionnaire,2026-08-26,AMD,128.32523871,480.93,61715.46
visionnaire,2026-08-26,BMNR,953.28884652,24.91,23746.43
visionnaire,2026-08-26,CASH,54456.56,1.0,54456.56
visionnaire,2026-08-26,CELH,4115.29728576,35.23,144981.92
visionnaire,2026-08-26,CRSP,391.46604032,59.23,23186.53
visionnaire,2026-08-26,DUOL,221.8770801,140.88,31258.04
visionnaire,2026-08-26,HIMS,4665.70337363,29.83,139177.93
visionnaire,2026-08-26,LFMD,2915.45189504,3.24,9446.06
visionnaire,2026-08-26,META,158.85623511,576.14,91523.43
visionnaire,2026-08-26,MTPLF,34557.44883168,1.91,66004.73
visionnaire,2026-08-26,NBIS,350.38542397,213.93,74957.95
visionnaire,2026-08-26,NIO,2231.20075758,4.37,9750.35
visionnaire,2026-08-26,NU,3667.15642023,15.17,55630.76
visionnaire,2026-08-26,NVDA,645.05724883,209.66,135242.71
visionnaire,2026-08-26,RKLB,451.73837628,66.18,29896.05
visionnaire,2026-08-26,SMCI,325.88492393,37.39,12184.84
visionnaire,2026-08-26,SMR,1103.75275938,9.27,10231.79
visionnaire,2026-08-26,SOFI,2923.26054591,18.84,55074.23
visionnaire,2026-08-26,TSLA,259.99956595,345.82,89913.05
visionnaire,2026-08-26,XPEV,578.7037037,11.71,6776.62
visionnaire,2026-08-26,ZETA,3073.56213556,28.23,86766.66
visionnaire,2026-08-27,AMD,128.32523871,476.67,61168.79
visionnaire,2026-08-27,BMNR,953.28884652,25.63,24432.79
visionnaire,2026-08-27,CASH,54456.56,1.0,54456.56
visionnaire,2026-08-27,CELH,4115.29728576,32.99,135763.66
visionnaire,2026-08-27,CRSP,391.46604032,59.37,23241.34
visionnaire,2026-08-27,DUOL,221.8770801,142.86,31697.36
visionnaire,2026-08-27,HIMS,4665.70337363,31.66,147716.17
visionnaire,2026-08-27,LFMD,2915.45189504,3.26,9504.37
visionnaire,2026-08-27,META,158.85623511,571.1,90722.79
visionnaire,2026-08-27,MTPLF,34557.44883168,2.005,69287.69
visionnaire,2026-08-27,NBIS,350.38542397,218.48,76552.21
visionnaire,2026-08-27,NIO,2231.20075758,4.36,9728.04
visionnaire,2026-08-27,NU,3667.15642023,14.88,54567.29
visionnaire,2026-08-27,NVDA,645.05724883,227.98,147060.15
visionnaire,2026-08-27,RKLB,451.73837628,67.53,30505.89
visionnaire,2026-08-27,SMCI,325.88492393,38.46,12533.53
visionnaire,2026-08-27,SMR,1103.75275938,9.74,10750.55
visionnaire,2026-08-27,SOFI,2923.26054591,19.18,56068.14
visionnaire,2026-08-27,TSLA,259.99956595,354.81,92250.45
visionnaire,2026-08-27,XPEV,578.7037037,11.33,6556.71
visionnaire,2026-08-27,ZETA,3073.56213556,30.22,92883.05
visionnaire,2026-08-28,AMD,128.32523871,465.58,59745.66
visionnaire,2026-08-28,BMNR,953.28884652,23.8,22688.27
visionnaire,2026-08-28,CASH,54456.56,1.0,54456.56
visionnaire,2026-08-28,CELH,4115.29728576,32.98,135722.5
visionnaire,2026-08-28,CRSP,391.46604032,57.72,22595.42
visionnaire,2026-08-28,DUOL,221.8770801,146.98,32611.49
visionnaire,2026-08-28,HIMS,4665.70337363,28.84,134558.89
visionnaire,2026-08-28,LFMD,2915.45189504,3.14,9154.52
visionnaire,2026-08-28,META,158.85623511,578.02,91822.08
visionnaire,2026-08-28,MTPLF,34557.44883168,2.0,69114.9
visionnaire,2026-08-28,NBIS,350.38542397,209.18,73293.62
visionnaire,2026-08-28,NIO,2231.20075758,4.37,9750.35
visionnaire,2026-08-28,NU,3667.15642023,14.3,52440.34
visionnaire,2026-08-28,NVDA,645.05724883,217.55,140332.21
visionnaire,2026-08-28,RKLB,451.73837628,64.39,29087.43
visionnaire,2026-08-28,SMCI,325.88492393,37.08,12083.81
visionnaire,2026-08-28,SMR,1103.75275938,9.29,10253.86
visionnaire,2026-08-28,SOFI,2923.26054591,18.06,52794.08
visionnaire,2026-08-28,TSLA,259.99956595,348.75,90674.85
visionnaire,2026-08-28,XPEV,578.7037037,11.53,6672.45
visionnaire,2026-08-28,ZETA,3073.56213556,30.54,93866.59
visionnaire,2026-08-29,AMD,128.32523871,465.58,59745.66
visionnaire,2026-08-29,BMNR,953.28884652,23.8,22688.27
visionnaire,2026-08-29,CASH,54456.56,1.0,54456.56
visionnaire,2026-08-29,CELH,4115.29728576,32.98,135722.5
visionnaire,2026-08-29,CRSP,391.46604032,57.72,22595.42
visionnaire,2026-08-29,DUOL,221.8770801,146.98,32611.49
visionnaire,2026-08-29,HIMS,4665.70337363,28.84,134558.89
visionnaire,2026-08-29,LFMD,2915.45189504,3.14,9154.52
visionnaire,2026-08-29,META,158.85623511,578.02,91822.08
visionnaire,2026-08-29,MTPLF,34557.44883168,2.0,69114.9
visionnaire,2026-08-29,NBIS,350.38542397,209.18,73293.62
visionnaire,2026-08-29,NIO,2231.20075758,4.37,9750.35
visionnaire,2026-08-29,NU,3667.15642023,14.3,52440.34
visionnaire,2026-08-29,NVDA,645.05724883,217.55,140332.21
visionnaire,2026-08-29,RKLB,451.73837628,64.39,29087.43
visionnaire,2026-08-29,SMCI,325.88492393,37.08,12083.81
visionnaire,2026-08-29,SMR,1103.75275938,9.29,10253.86
visionnaire,2026-08-29,SOFI,2923.26054591,18.06,52794.08
visionnaire,2026-08-29,TSLA,259.99956595,348.75,90674.85
visionnaire,2026-08-29,XPEV,578.7037037,11.53,6672.45
visionnaire,2026-08-29,ZETA,3073.56213556,30.54,93866.59
visionnaire,2026-08-30,AMD,128.32523871,465.58,59745.66
visionnaire,2026-08-30,BMNR,953.28884652,23.8,22688.27
visionnaire,2026-08-30,CASH,54456.56,1.0,54456.56
visionnaire,2026-08-30,CELH,4115.29728576,32.98,135722.5
visionnaire,2026-08-30,CRSP,391.46604032,57.72,22595.42
visionnaire,2026-08-30,DUOL,221.8770801,146.98,32611.49
visionnaire,2026-08-30,HIMS,4665.70337363,28.84,134558.89
visionnaire,2026-08-30,LFMD,2915.45189504,3.14,9154.52
visionnaire,2026-08-30,META,158.85623511,578.02,91822.08
visionnaire,2026-08-30,MTPLF,34557.44883168,2.0,69114.9
visionnaire,2026-08-30,NBIS,350.38542397,209.18,73293.62
visionnaire,2026-08-30,NIO,2231.20075758,4.37,9750.35
visionnaire,2026-08-30,NU,3667.15642023,14.3,52440.34
visionnaire,2026-08-30,NVDA,645.05724883,217.55,140332.21
visionnaire,2026-08-30,RKLB,451.73837628,64.39,29087.43
visionnaire,2026-08-30,SMCI,325.88492393,37.08,12083.81
visionnaire,2026-08-30,SMR,1103.75275938,9.29,10253.86
visionnaire,2026-08-30,SOFI,2923.26054591,18.06,52794.08
visionnaire,2026-08-30,TSLA,259.99956595,348.75,90674.85
visionnaire,2026-08-30,XPEV,578.7037037,11.53,6672.45
visionnaire,2026-08-30,ZETA,3073.56213556,30.54,93866.59
visionnaire,2026-08-31,AMD,128.32523871,470.72,60405.26
visionnaire,2026-08-31,BMNR,953.28884652,25.32,24137.27
visionnaire,2026-08-31,CASH,54456.56,1.0,54456.56
visionnaire,2026-08-31,CELH,4115.29728576,31.45,129426.1
visionnaire,2026-08-31,CRSP,391.46604032,56.98,22305.73
visionnaire,2026-08-31,DUOL,221.8770801,148.36,32917.68
visionnaire,2026-08-31,HIMS,4665.70337363,29.58,138011.51
visionnaire,2026-08-31,LFMD,2915.45189504,3.09,9008.75
visionnaire,2026-08-31,META,158.85623511,572.34,90919.78
visionnaire,2026-08-31,MTPLF,34557.44883168,2.0,69114.9
visionnaire,2026-08-31,NBIS,350.38542397,206.32,72291.52
visionnaire,2026-08-31,NIO,2231.20075758,4.23,9437.98
visionnaire,2026-08-31,NU,3667.15642023,14.55,53357.13
visionnaire,2026-08-31,NVDA,645.05724883,220.78,142415.74
visionnaire,2026-08-31,RKLB,451.73837628,63.92,28875.12
visionnaire,2026-08-31,SMCI,325.88492393,37.28,12148.99
visionnaire,2026-08-31,SMR,1103.75275938,9.27,10231.79
visionnaire,2026-08-31,SOFI,2923.26054591,17.88,52267.9
visionnaire,2026-08-31,TSLA,259.99956595,367.95,95666.84
visionnaire,2026-08-31,XPEV,578.7037037,11.36,6574.07
visionnaire,2026-08-31,ZETA,3073.56213556,30.97,95188.22
visionnaire,2026-09-01,AMD,128.32523871,459.61,58979.56
visionnaire,2026-09-01,BMNR,953.28884652,23.37,22278.36
visionnaire,2026-09-01,CASH,54456.56,1.0,54456.56
visionnaire,2026-09-01,CELH,4115.29728576,30.72,126421.93
visionnaire,2026-09-01,CRSP,391.46604032,56.82,22243.1
visionnaire,2026-09-01,DUOL,221.8770801,158.77,35227.42
visionnaire,2026-09-01,HIMS,4665.70337363,28.44,132692.61
visionnaire,2026-09-01,LFMD,2915.45189504,3.1,9037.9
visionnaire,2026-09-01,META,158.85623511,578.54,91904.68
visionnaire,2026-09-01,MTPLF,34557.44883168,1.945,67214.24
visionnaire,2026-09-01,NBIS,350.38542397,199.54,69915.91
visionnaire,2026-09-01,NIO,2231.20075758,4.06,9058.67
visionnaire,2026-09-01,NU,3667.15642023,14.46,53027.08
visionnaire,2026-09-01,NVDA,645.05724883,217.44,140261.25
visionnaire,2026-09-01,RKLB,451.73837628,62.54,28251.72
visionnaire,2026-09-01,SMCI,325.88492393,36.71,11963.24
visionnaire,2026-09-01,SMR,1103.75275938,9.21,10165.56
visionnaire,2026-09-01,SOFI,2923.26054591,17.05,49841.59
visionnaire,2026-09-01,TSLA,259.99956595,356.09,92583.24
visionnaire,2026-09-01,XPEV,578.7037037,11.17,6464.12
visionnaire,2026-09-01,ZETA,3073.56213556,31.56,97001.62
visionnaire,2026-09-02,AMD,128.32523871,457.06,58652.33
visionnaire,2026-09-02,BMNR,953.28884652,23.06,21982.84
visionnaire,2026-09-02,CASH,54456.56,1.0,54456.56
visionnaire,2026-09-02,CELH,4115.29728576,31.29,128767.66
visionnaire,2026-09-02,CRSP,391.46604032,56.92,22282.25
visionnaire,2026-09-02,DUOL,221.8770801,157.85,35023.3
visionnaire,2026-09-02,HIMS,4665.70337363,28.68,133812.37
visionnaire,2026-09-02,LFMD,2915.45189504,3.07,8950.44
visionnaire,2026-09-02,META,158.85623511,592.85,94177.92
visionnaire,2026-09-02,MTPLF,34557.44883168,1.87,64622.43
visionnaire,2026-09-02,NBIS,350.38542397,204.09,71510.16
visionnaire,2026-09-02,NIO,2231.20075758,3.86,8612.43
visionnaire,2026-09-02,NU,3667.15642023,15.4,56474.21
visionnaire,2026-09-02,NVDA,645.05724883,224.41,144757.3
visionnaire,2026-09-02,RKLB,451.73837628,63.1,28504.69
visionnaire,2026-09-02,SMCI,325.88492393,37.0,12057.74
visionnaire,2026-09-02,SMR,1103.75275938,9.56,10551.88
visionnaire,2026-09-02,SOFI,2923.26054591,17.84,52150.97
visionnaire,2026-09-02,TSLA,259.99956595,357.01,92822.45
visionnaire,2026-09-02,XPEV,578.7037037,11.08,6412.04
visionnaire,2026-09-02,ZETA,3073.56213556,30.44,93559.23
visionnaire,2026-09-03,AMD,128.32523871,456.16,58536.84
visionnaire,2026-09-03,BMNR,953.28884652,26.45,25214.49
visionnaire,2026-09-03,CASH,54456.56,1.0,54456.56
visionnaire,2026-09-03,CELH,4115.29728576,31.61,130084.55
visionnaire,2026-09-03,CRSP,391.46604032,56.49,22113.92
visionnaire,2026-09-03,DUOL,221.8770801,158.82,35238.52
visionnaire,2026-09-03,HIMS,4665.70337363,27.82,129799.87
visionnaire,2026-09-03,LFMD,2915.45189504,3.05,8892.13
visionnaire,2026-09-03,META,158.85623511,610.68,97010.32
visionnaire,2026-09-03,MTPLF,34557.44883168,1.947,67283.35
visionnaire,2026-09-03,NBIS,350.38542397,210.63,73801.68
visionnaire,2026-09-03,NIO,2231.20075758,3.86,8612.43
visionnaire,2026-09-03,NU,3667.15642023,15.68,57501.01
visionnaire,2026-09-03,NVDA,645.05724883,228.45,147363.33
visionnaire,2026-09-03,RKLB,451.73837628,63.81,28825.43
visionnaire,2026-09-03,SMCI,325.88492393,37.87,12341.26
visionnaire,2026-09-03,SMR,1103.75275938,9.75,10761.59
visionnaire,2026-09-03,SOFI,2923.26054591,18.51,54109.55
visionnaire,2026-09-03,TSLA,259.99956595,376.37,97856.04
visionnaire,2026-09-03,XPEV,578.7037037,11.14,6446.76
visionnaire,2026-09-03,ZETA,3073.56213556,32.68,100444.01
visionnaire,2026-09-04,AMD,128.32523871,477.57,61284.29
visionnaire,2026-09-04,BMNR,953.28884652,24.97,23803.62
visionnaire,2026-09-04,CASH,54456.56,1.0,54456.56
visionnaire,2026-09-04,CELH,4115.29728576,30.66,126175.01
visionnaire,2026-09-04,CRSP,391.46604032,55.79,21839.89
visionnaire,2026-09-04,DUOL,221.8770801,154.46,34271.14
visionnaire,2026-09-04,HIMS,4665.70337363,27.71,129286.64
visionnaire,2026-09-04,LFMD,2915.45189504,3.08,8979.59
visionnaire,2026-09-04,META,158.85623511,616.77,97977.76
visionnaire,2026-09-04,MTPLF,34557.44883168,1.805,62376.19
visionnaire,2026-09-04,NBIS,350.38542397,226.39,79323.76
visionnaire,2026-09-04,NIO,2231.20075758,3.8,8478.56
visionnaire,2026-09-04,NU,3667.15642023,15.37,56364.19
visionnaire,2026-09-04,NVDA,645.05724883,230.36,148595.39
visionnaire,2026-09-04,RKLB,451.73837628,64.26,29028.71
visionnaire,2026-09-04,SMCI,325.88492393,39.59,12901.78
visionnaire,2026-09-04,SMR,1103.75275938,9.7,10706.4
visionnaire,2026-09-04,SOFI,2923.26054591,18.22,53261.81
visionnaire,2026-09-04,TSLA,259.99956595,354.08,92060.64
visionnaire,2026-09-04,XPEV,578.7037037,10.95,6336.81
visionnaire,2026-09-04,ZETA,3073.56213556,31.35,96356.17
visionnaire,2026-09-05,AMD,128.32523871,477.57,61284.29
visionnaire,2026-09-05,BMNR,953.28884652,24.97,23803.62
visionnaire,2026-09-05,CASH,54456.56,1.0,54456.56
visionnaire,2026-09-05,CELH,4115.29728576,30.66,126175.01
visionnaire,2026-09-05,CRSP,391.46604032,55.79,21839.89
visionnaire,2026-09-05,DUOL,221.8770801,154.46,34271.14
visionnaire,2026-09-05,HIMS,4665.70337363,27.71,129286.64
visionnaire,2026-09-05,LFMD,2915.45189504,3.08,8979.59
visionnaire,2026-09-05,META,158.85623511,616.77,97977.76
visionnaire,2026-09-05,MTPLF,34557.44883168,1.805,62376.19
visionnaire,2026-09-05,NBIS,350.38542397,226.39,79323.76
visionnaire,2026-09-05,NIO,2231.20075758,3.8,8478.56
visionnaire,2026-09-05,NU,3667.15642023,15.37,56364.19
visionnaire,2026-09-05,NVDA,645.05724883,230.36,148595.39
visionnaire,2026-09-05,RKLB,451.73837628,64.26,29028.71
visionnaire,2026-09-05,SMCI,325.88492393,39.59,12901.78
visionnaire,2026-09-05,SMR,1103.75275938,9.7,10706.4
visionnaire,2026-09-05,SOFI,2923.26054591,18.22,53261.81
visionnaire,2026-09-05,TSLA,259.99956595,354.08,92060.64
visionnaire,2026-09-05,XPEV,578.7037037,10.95,6336.81
visionnaire,2026-09-05,ZETA,3073.56213556,31.35,96356.17
visionnaire,2026-09-06,AMD,128.32523871,477.57,61284.29
visionnaire,2026-09-06,BMNR,953.28884652,24.97,23803.62
visionnaire,2026-09-06,CASH,54456.56,1.0,54456.56
visionnaire,2026-09-06,CELH,4115.29728576,30.66,126175.01
visionnaire,2026-09-06,CRSP,391.46604032,55.79,21839.89
visionnaire,2026-09-06,DUOL,221.8770801,154.46,34271.14
visionnaire,2026-09-06,HIMS,4665.70337363,27.71,129286.64
visionnaire,2026-09-06,LFMD,2915.45189504,3.08,8979.59
visionnaire,2026-09-06,META,158.85623511,616.77,97977.76
visionnaire,2026-09-06,MTPLF,34557.44883168,1.805,62376.19
visionnaire,2026-09-06,NBIS,350.38542397,226.39,79323.76
visionnaire,2026-09-06,NIO,2231.20075758,3.8,8478.56
visionnaire,2026-09-06,NU,3667.15642023,15.37,56364.19
visionnaire,2026-09-06,NVDA,645.05724883,230.36,148595.39
visionnaire,2026-09-06,RKLB,451.73837628,64.26,29028.71
visionnaire,2026-09-06,SMCI,325.88492393,39.59,12901.78
visionnaire,2026-09-06,SMR,1103.75275938,9.7,10706.4
visionnaire,2026-09-06,SOFI,2923.26054591,18.22,53261.81
visionnaire,2026-09-06,TSLA,259.99956595,354.08,92060.64
visionnaire,2026-09-06,XPEV,578.7037037,10.95,6336.81
visionnaire,2026-09-06,ZETA,3073.56213556,31.35,96356.17
visionnaire,2026-09-07,AMD,128.32523871,477.57,61284.29
visionnaire,2026-09-07,BMNR,953.28884652,24.97,23803.62
visionnaire,2026-09-07,CASH,54456.56,1.0,54456.56
visionnaire,2026-09-07,CELH,4115.29728576,30.66,126175.01
visionnaire,2026-09-07,CRSP,391.46604032,55.79,21839.89
visionnaire,2026-09-07,DUOL,221.8770801,154.46,34271.14
visionnaire,2026-09-07,HIMS,4665.70337363,27.71,129286.64
visionnaire,2026-09-07,LFMD,2915.45189504,3.08,8979.59
visionnaire,2026-09-07,META,158.85623511,616.77,97977.76
visionnaire,2026-09-07,MTPLF,34557.44883168,1.805,62376.19
visionnaire,2026-09-07,NBIS,350.38542397,226.39,79323.76
visionnaire,2026-09-07,NIO,2231.20075758,3.8,8478.56
visionnaire,2026-09-07,NU,3667.15642023,15.37,56364.19
visionnaire,2026-09-07,NVDA,645.05724883,230.36,148595.39
visionnaire,2026-09-07,RKLB,451.73837628,64.26,29028.71
visionnaire,2026-09-07,SMCI,325.88492393,39.59,12901.78
visionnaire,2026-09-07,SMR,1103.75275938,9.7,10706.4
visionnaire,2026-09-07,SOFI,2923.26054591,18.22,53261.81
visionnaire,2026-09-07,TSLA,259.99956595,354.08,92060.64
visionnaire,2026-09-07,XPEV,578.7037037,10.95,6336.81
visionnaire,2026-09-07,ZETA,3073.56213556,31.35,96356.17
visionnaire,2026-09-08,AMD,128.32523871,505.74,64899.2
visionnaire,2026-09-08,BMNR,953.28884652,24.77,23612.97
visionnaire,2026-09-08,CASH,54456.56,1.0,54456.56
visionnaire,2026-09-08,CELH,4115.29728576,29.56,121648.19
visionnaire,2026-09-08,CRSP,391.46604032,54.78,21444.51
visionnaire,2026-09-08,DUOL,221.8770801,146.39,32480.59
visionnaire,2026-09-08,HIMS,4665.70337363,28.17,131432.86
visionnaire,2026-09-08,LFMD,2915.45189504,3.09,9008.75
visionnaire,2026-09-08,META,158.85623511,613.48,97455.12
visionnaire,2026-09-08,MTPLF,34557.44883168,1.62,55983.07
visionnaire,2026-09-08,NBIS,350.38542397,243.88,85452.0
visionnaire,2026-09-08,NIO,2231.20075758,3.79,8456.25
visionnaire,2026-09-08,NU,3667.15642023,15.33,56217.51
visionnaire,2026-09-08,NVDA,645.05724883,225.73,145608.77
visionnaire,2026-09-08,RKLB,451.73837628,65.87,29756.01
visionnaire,2026-09-08,SMCI,325.88492393,40.26,13120.13
visionnaire,2026-09-08,SMR,1103.75275938,11.18,12339.96
visionnaire,2026-09-08,SOFI,2923.26054591,18.01,52647.92
visionnaire,2026-09-08,TSLA,259.99956595,368.16,95721.44
visionnaire,2026-09-08,XPEV,578.7037037,10.93,6325.23
visionnaire,2026-09-08,ZETA,3073.56213556,30.79,94634.98
visionnaire,2026-09-09,AMD,128.32523871,521.1,66870.28
visionnaire,2026-09-09,BMNR,953.28884652,24.21,23079.12
visionnaire,2026-09-09,CASH,54456.56,1.0,54456.56
visionnaire,2026-09-09,CELH,4115.29728576,27.64,113746.81
visionnaire,2026-09-09,CRSP,391.46604032,53.45,20923.86
visionnaire,2026-09-09,DUOL,221.8770801,139.24,30894.17
visionnaire,2026-09-09,HIMS,4665.70337363,27.9,130173.12
visionnaire,2026-09-09,LFMD,2915.45189504,2.96,8629.74
visionnaire,2026-09-09,META,158.85623511,653.69,103842.73
visionnaire,2026-09-09,MTPLF,34557.44883168,1.64,56674.22
visionnaire,2026-09-09,NBIS,350.38542397,240.35,84215.14
visionnaire,2026-09-09,NIO,2231.20075758,3.7,8255.44
visionnaire,2026-09-09,NU,3667.15642023,15.0,55007.35
visionnaire,2026-09-09,NVDA,645.05724883,223.67,144279.95
visionnaire,2026-09-09,RKLB,451.73837628,63.07,28491.14
visionnaire,2026-09-09,SMCI,325.88492393,38.93,12686.7
visionnaire,2026-09-09,SMR,1103.75275938,10.81,11931.57
visionnaire,2026-09-09,SOFI,2923.26054591,17.33,50660.11
visionnaire,2026-09-09,TSLA,259.99956595,367.81,95630.44
visionnaire,2026-09-09,XPEV,578.7037037,10.57,6116.9
visionnaire,2026-09-09,ZETA,3073.56213556,30.42,93497.76
visionnaire,2026-09-10,AMD,128.32523871,503.6,64624.59
visionnaire,2026-09-10,BMNR,953.28884652,24.2,23069.59
visionnaire,2026-09-10,CASH,54456.56,1.0,54456.56
visionnaire,2026-09-10,CELH,4115.29728576,26.63,109590.36
visionnaire,2026-09-10,CRSP,391.46604032,52.26,20458.01
visionnaire,2026-09-10,DUOL,221.8770801,145.16,32207.68
visionnaire,2026-09-10,HIMS,4665.70337363,27.44,128026.9
visionnaire,2026-09-10,LFMD,2915.45189504,3.03,8833.82
visionnaire,2026-09-10,META,158.85623511,644.38,102363.78
visionnaire,2026-09-10,MTPLF,34557.44883168,1.609,55602.93
visionnaire,2026-09-10,NBIS,350.38542397,228.11,79926.42
visionnaire,2026-09-10,NIO,2231.20075758,3.58,7987.7
visionnaire,2026-09-10,NU,3667.15642023,15.02,55080.69
visionnaire,2026-09-10,NVDA,645.05724883,218.36,140854.7
visionnaire,2026-09-10,RKLB,451.73837628,61.96,27989.71
visionnaire,2026-09-10,SMCI,325.88492393,37.38,12181.58
visionnaire,2026-09-10,SMR,1103.75275938,10.21,11269.32
visionnaire,2026-09-10,SOFI,2923.26054591,17.21,50309.31
visionnaire,2026-09-10,TSLA,259.99956595,363.56,94525.44
visionnaire,2026-09-10,XPEV,578.7037037,10.34,5983.8
visionnaire,2026-09-10,ZETA,3073.56213556,30.56,93928.06
visionnaire,2026-09-11,AMD,128.32523871,516.13,66232.51
visionnaire,2026-09-11,BMNR,953.28884652,25.03,23860.82
visionnaire,2026-09-11,CASH,54456.56,1.0,54456.56
visionnaire,2026-09-11,CELH,4115.29728576,27.22,112018.39
visionnaire,2026-09-11,CRSP,391.46604032,51.72,20246.62
visionnaire,2026-09-11,DUOL,221.8770801,143.68,31879.3
visionnaire,2026-09-11,HIMS,4665.70337363,27.51,128353.5
visionnaire,2026-09-11,LFMD,2915.45189504,3.05,8892.13
visionnaire,2026-09-11,META,158.85623511,648.03,102943.61
visionnaire,2026-09-11,MTPLF,34557.44883168,1.655,57192.58
visionnaire,2026-09-11,NBIS,350.38542397,224.55,78679.05
visionnaire,2026-09-11,NIO,2231.20075758,3.69,8233.13
visionnaire,2026-09-11,NU,3667.15642023,14.62,53613.83
visionnaire,2026-09-11,NVDA,645.05724883,218.29,140809.54
visionnaire,2026-09-11,RKLB,451.73837628,62.95,28436.93
visionnaire,2026-09-11,SMCI,325.88492393,40.1,13067.98
visionnaire,2026-09-11,SMR,1103.75275938,8.61,9503.31
visionnaire,2026-09-11,SOFI,2923.26054591,17.32,50630.87
visionnaire,2026-09-11,TSLA,259.99956595,365.44,95014.24
visionnaire,2026-09-11,XPEV,578.7037037,10.54,6099.54
visionnaire,2026-09-11,ZETA,3073.56213556,30.18,92760.11
visionnaire,2026-09-12,AMD,128.32523871,516.13,66232.51
visionnaire,2026-09-12,BMNR,953.28884652,25.03,23860.82
visionnaire,2026-09-12,CASH,54456.56,1.0,54456.56
visionnaire,2026-09-12,CELH,4115.29728576,27.22,112018.39
visionnaire,2026-09-12,CRSP,391.46604032,51.72,20246.62
visionnaire,2026-09-12,DUOL,221.8770801,143.68,31879.3
visionnaire,2026-09-12,HIMS,4665.70337363,27.51,128353.5
visionnaire,2026-09-12,LFMD,2915.45189504,3.05,8892.13
visionnaire,2026-09-12,META,158.85623511,648.03,102943.61
visionnaire,2026-09-12,MTPLF,34557.44883168,1.655,57192.58
visionnaire,2026-09-12,NBIS,350.38542397,224.55,78679.05
visionnaire,2026-09-12,NIO,2231.20075758,3.69,8233.13
visionnaire,2026-09-12,NU,3667.15642023,14.62,53613.83
visionnaire,2026-09-12,NVDA,645.05724883,218.29,140809.54
visionnaire,2026-09-12,RKLB,451.73837628,62.95,28436.93
visionnaire,2026-09-12,SMCI,325.88492393,40.1,13067.98
visionnaire,2026-09-12,SMR,1103.75275938,8.61,9503.31
visionnaire,2026-09-12,SOFI,2923.26054591,17.32,50630.87
visionnaire,2026-09-12,TSLA,259.99956595,365.44,95014.24
visionnaire,2026-09-12,XPEV,578.7037037,10.54,6099.54
visionnaire,2026-09-12,ZETA,3073.56213556,30.18,92760.11
visionnaire,2026-09-13,AMD,128.32523871,516.13,66232.51
visionnaire,2026-09-13,BMNR,953.28884652,25.03,23860.82
visionnaire,2026-09-13,CASH,54456.56,1.0,54456.56
visionnaire,2026-09-13,CELH,4115.29728576,27.22,112018.39
visionnaire,2026-09-13,CRSP,391.46604032,51.72,20246.62
visionnaire,2026-09-13,DUOL,221.8770801,143.68,31879.3
visionnaire,2026-09-13,HIMS,4665.70337363,27.51,128353.5
visionnaire,2026-09-13,LFMD,2915.45189504,3.05,8892.13
visionnaire,2026-09-13,META,158.85623511,648.03,102943.61
visionnaire,2026-09-13,MTPLF,34557.44883168,1.655,57192.58
visionnaire,2026-09-13,NBIS,350.38542397,224.55,78679.05
visionnaire,2026-09-13,NIO,2231.20075758,3.69,8233.13
visionnaire,2026-09-13,NU,3667.15642023,14.62,53613.83
visionnaire,2026-09-13,NVDA,645.05724883,218.29,140809.54
visionnaire,2026-09-13,RKLB,451.73837628,62.95,28436.93
visionnaire,2026-09-13,SMCI,325.88492393,40.1,13067.98
visionnaire,2026-09-13,SMR,1103.75275938,8.61,9503.31
visionnaire,2026-09-13,SOFI,2923.26054591,17.32,50630.87
visionnaire,2026-09-13,TSLA,259.99956595,365.44,95014.24
visionnaire,2026-09-13,XPEV,578.7037037,10.54,6099.54
visionnaire,2026-09-13,ZETA,3073.56213556,30.18,92760.11
visionnaire,2026-09-14,AMD,128.32523871,493.41,63316.96
visionnaire,2026-09-14,BMNR,953.28884652,25.76,24556.72
visionnaire,2026-09-14,CASH,54456.56,1.0,54456.56
visionnaire,2026-09-14,CELH,4115.29728576,28.45,117080.21
visionnaire,2026-09-14,CRSP,391.46604032,52.96,20732.04
visionnaire,2026-09-14,DUOL,221.8770801,151.14,33534.5
visionnaire,2026-09-14,HIMS,4665.70337363,28.81,134418.91
visionnaire,2026-09-14,LFMD,2915.45189504,3.44,10029.15
visionnaire,2026-09-14,META,158.85623511,665.6,105734.71
visionnaire,2026-09-14,MTPLF,34557.44883168,1.62,55983.07
visionnaire,2026-09-14,NBIS,350.38542397,212.19,74348.28
visionnaire,2026-09-14,NIO,2231.20075758,3.67,8188.51
visionnaire,2026-09-14,NU,3667.15642023,14.41,52843.72
visionnaire,2026-09-14,NVDA,645.05724883,210.96,136081.28
visionnaire,2026-09-14,RKLB,451.73837628,62.55,28256.24
visionnaire,2026-09-14,SMCI,325.88492393,36.74,11973.01
visionnaire,2026-09-14,SMR,1103.75275938,8.51,9392.94
visionnaire,2026-09-14,SOFI,2923.26054591,17.65,51595.55
visionnaire,2026-09-14,TSLA,259.99956595,358.97,93332.04
visionnaire,2026-09-14,XPEV,578.7037037,10.71,6197.92
visionnaire,2026-09-14,ZETA,3073.56213556,31.01,95311.16
visionnaire,2026-09-15,AMD,128.32523871,504.2,64701.59
visionnaire,2026-09-15,BMNR,953.28884652,23.6,22497.62
visionnaire,2026-09-15,CASH,54456.56,1.0,54456.56
visionnaire,2026-09-15,CELH,4115.29728576,27.63,113705.66
visionnaire,2026-09-15,CRSP,391.46604032,51.83,20289.69
visionnaire,2026-09-15,DUOL,221.8770801,153.92,34151.32
visionnaire,2026-09-15,HIMS,4665.70337363,27.85,129939.84
visionnaire,2026-09-15,LFMD,2915.45189504,3.4,9912.54
visionnaire,2026-09-15,META,158.85623511,670.24,106471.8
visionnaire,2026-09-15,MTPLF,34557.44883168,1.59,54946.34
visionnaire,2026-09-15,NBIS,350.38542397,207.37,72659.42
visionnaire,2026-09-15,NIO,2231.20075758,3.6,8032.32
visionnaire,2026-09-15,NU,3667.15642023,14.19,52036.95
visionnaire,2026-09-15,NVDA,645.05724883,212.17,136861.8
visionnaire,2026-09-15,RKLB,451.73837628,63.55,28707.97
visionnaire,2026-09-15,SMCI,325.88492393,35.64,11614.54
visionnaire,2026-09-15,SMR,1103.75275938,8.43,9304.64
visionnaire,2026-09-15,SOFI,2923.26054591,17.07,49900.06
visionnaire,2026-09-15,TSLA,259.99956595,356.58,92710.64
visionnaire,2026-09-15,XPEV,578.7037037,10.23,5920.14
visionnaire,2026-09-15,ZETA,3073.56213556,31.04,95403.37
visionnaire,2026-09-16,AMD,128.32523871,512.5,65766.68
visionnaire,2026-09-16,BMNR,953.28884652,22.81,21744.52
visionnaire,2026-09-16,CASH,54456.56,1.0,54456.56
visionnaire,2026-09-16,CELH,4115.29728576,28.25,116257.15
visionnaire,2026-09-16,CRSP,391.46604032,52.21,20438.44
visionnaire,2026-09-16,DUOL,221.8770801,148.17,32875.53
visionnaire,2026-09-16,HIMS,4665.70337363,28.0,130639.69
visionnaire,2026-09-16,LFMD,2915.45189504,3.21,9358.6
visionnaire,2026-09-16,META,158.85623511,673.31,106959.49
visionnaire,2026-09-16,MTPLF,34557.44883168,1.55,53564.04
visionnaire,2026-09-16,NBIS,350.38542397,209.37,73360.19
visionnaire,2026-09-16,NIO,2231.20075758,3.58,7987.7
visionnaire,2026-09-16,NU,3667.15642023,13.81,50643.43
visionnaire,2026-09-16,NVDA,645.05724883,213.9,137977.74
visionnaire,2026-09-16,RKLB,451.73837628,63.7,28775.73
visionnaire,2026-09-16,SMCI,325.88492393,36.85,12008.86
visionnaire,2026-09-16,SMR,1103.75275938,8.3,9161.15
visionnaire,2026-09-16,SOFI,2923.26054591,16.84,49227.71
visionnaire,2026-09-16,TSLA,259.99956595,358.08,93100.64
visionnaire,2026-09-16,XPEV,578.7037037,10.34,5983.8
visionnaire,2026-09-16,ZETA,3073.56213556,30.85,94819.39
visionnaire,2026-09-17,AMD,128.32523871,545.09,69948.81
visionnaire,2026-09-17,BMNR,953.28884652,23.89,22774.07
visionnaire,2026-09-17,CASH,54456.56,1.0,54456.56
visionnaire,2026-09-17,CELH,4115.29728576,28.34,116627.53
visionnaire,2026-09-17,CRSP,391.46604032,57.325,22440.79
visionnaire,2026-09-17,DUOL,221.8770801,147.1,32638.12
visionnaire,2026-09-17,HIMS,4665.70337363,27.89,130126.46
visionnaire,2026-09-17,LFMD,2915.45189504,3.2,9329.45
visionnaire,2026-09-17,META,158.85623511,682.31,108389.2
visionnaire,2026-09-17,MTPLF,34557.44883168,1.554,53702.28
visionnaire,2026-09-17,NBIS,350.38542397,217.99,76380.52
visionnaire,2026-09-17,NIO,2231.20075758,3.62,8076.95
visionnaire,2026-09-17,NU,3667.15642023,13.84,50753.45
visionnaire,2026-09-17,NVDA,645.05724883,219.34,141486.85
visionnaire,2026-09-17,RKLB,451.73837628,67.82,30636.9
visionnaire,2026-09-17,SMCI,325.88492393,40.35,13149.46
visionnaire,2026-09-17,SMR,1103.75275938,9.04,9977.92
visionnaire,2026-09-17,SOFI,2923.26054591,16.73,48906.15
visionnaire,2026-09-17,TSLA,259.99956595,366.2,95211.84
visionnaire,2026-09-17,XPEV,578.7037037,10.6,6134.26
visionnaire,2026-09-17,ZETA,3073.56213556,30.37,93344.08
visionnaire,2026-09-18,AMD,128.32523871,559.82,71839.04
visionnaire,2026-09-18,BMNR,953.28884652,25.99,24775.98
visionnaire,2026-09-18,CASH,54456.56,1.0,54456.56
visionnaire,2026-09-18,CELH,4115.29728576,28.02,115310.63
visionnaire,2026-09-18,CRSP,391.46604032,56.56,22141.32
visionnaire,2026-09-18,DUOL,221.8770801,141.9,31484.36
visionnaire,2026-09-18,HIMS,4665.70337363,27.99,130593.04
visionnaire,2026-09-18,LFMD,2915.45189504,3.22,9387.76
visionnaire,2026-09-18,META,158.85623511,665.75,105758.54
visionnaire,2026-09-18,MTPLF,34557.44883168,1.68,58056.51
visionnaire,2026-09-18,NBIS,350.38542397,223.54,78325.16
visionnaire,2026-09-18,NIO,2231.20075758,3.66,8166.19
visionnaire,2026-09-18,NU,3667.15642023,13.65,50056.68
visionnaire,2026-09-18,NVDA,645.05724883,222.27,143376.88
visionnaire,2026-09-18,RKLB,451.73837628,64.57,29168.75
visionnaire,2026-09-18,SMCI,325.88492393,39.09,12738.84
visionnaire,2026-09-18,SMR,1103.75275938,8.27,9128.04
visionnaire,2026-09-18,SOFI,2923.26054591,16.96,49578.5
visionnaire,2026-09-18,TSLA,259.99956595,364.27,94710.04
visionnaire,2026-09-18,XPEV,578.7037037,10.62,6145.83
visionnaire,2026-09-18,ZETA,3073.56213556,30.23,92913.78
visionnaire,2026-09-19,AMD,128.32523871,559.82,71839.04
visionnaire,2026-09-19,BMNR,953.28884652,25.99,24775.98
visionnaire,2026-09-19,CASH,54456.56,1.0,54456.56
visionnaire,2026-09-19,CELH,4115.29728576,28.02,115310.63
visionnaire,2026-09-19,CRSP,391.46604032,56.56,22141.32
visionnaire,2026-09-19,DUOL,221.8770801,141.9,31484.36
visionnaire,2026-09-19,HIMS,4665.70337363,27.99,130593.04
visionnaire,2026-09-19,LFMD,2915.45189504,3.22,9387.76
visionnaire,2026-09-19,META,158.85623511,665.75,105758.54
visionnaire,2026-09-19,MTPLF,34557.44883168,1.68,58056.51
visionnaire,2026-09-19,NBIS,350.38542397,223.54,78325.16
visionnaire,2026-09-19,NIO,2231.20075758,3.66,8166.19
visionnaire,2026-09-19,NU,3667.15642023,13.65,50056.68
visionnaire,2026-09-19,NVDA,645.05724883,222.27,143376.88
visionnaire,2026-09-19,RKLB,451.73837628,64.57,29168.75
visionnaire,2026-09-19,SMCI,325.88492393,39.09,12738.84
visionnaire,2026-09-19,SMR,1103.75275938,8.27,9128.04
visionnaire,2026-09-19,SOFI,2923.26054591,16.96,49578.5
visionnaire,2026-09-19,TSLA,259.99956595,364.27,94710.04
visionnaire,2026-09-19,XPEV,578.7037037,10.62,6145.83
visionnaire,2026-09-19,ZETA,3073.56213556,30.23,92913.78
visionnaire,2026-09-20,AMD,128.32523871,559.82,71839.04
visionnaire,2026-09-20,BMNR,953.28884652,25.99,24775.98
visionnaire,2026-09-20,CASH,54456.56,1.0,54456.56
visionnaire,2026-09-20,CELH,4115.29728576,28.02,115310.63
visionnaire,2026-09-20,CRSP,391.46604032,56.56,22141.32
visionnaire,2026-09-20,DUOL,221.8770801,141.9,31484.36
visionnaire,2026-09-20,HIMS,4665.70337363,27.99,130593.04
visionnaire,2026-09-20,LFMD,2915.45189504,3.22,9387.76
visionnaire,2026-09-20,META,158.85623511,665.75,105758.54
visionnaire,2026-09-20,MTPLF,34557.44883168,1.68,58056.51
visionnaire,2026-09-20,NBIS,350.38542397,223.54,78325.16
visionnaire,2026-09-20,NIO,2231.20075758,3.66,8166.19
visionnaire,2026-09-20,NU,3667.15642023,13.65,50056.68
visionnaire,2026-09-20,NVDA,645.05724883,222.27,143376.88
visionnaire,2026-09-20,RKLB,451.73837628,64.57,29168.75
visionnaire,2026-09-20,SMCI,325.88492393,39.09,12738.84
visionnaire,2026-09-20,SMR,1103.75275938,8.27,9128.04
visionnaire,2026-09-20,SOFI,2923.26054591,16.96,49578.5
visionnaire,2026-09-20,TSLA,259.99956595,364.27,94710.04
visionnaire,2026-09-20,XPEV,578.7037037,10.62,6145.83
visionnaire,2026-09-20,ZETA,3073.56213556,30.23,92913.78
visionnaire,2026-09-21,AMD,128.32523871,615.52,78986.75
visionnaire,2026-09-21,BMNR,953.28884652,28.25,26930.41
visionnaire,2026-09-21,CASH,54456.56,1.0,54456.56
visionnaire,2026-09-21,CELH,4115.29728576,28.02,115310.63
visionnaire,2026-09-21,CRSP,391.46604032,58.33,22834.21
visionnaire,2026-09-21,DUOL,221.8770801,149.42,33152.87
visionnaire,2026-09-21,HIMS,4665.70337363,29.35,136938.4
visionnaire,2026-09-21,LFMD,2915.45189504,3.23,9416.91
visionnaire,2026-09-21,META,158.85623511,741.25,117752.18
visionnaire,2026-09-21,MTPLF,34557.44883168,1.84,63585.71
visionnaire,2026-09-21,NBIS,350.38542397,232.8,81569.73
visionnaire,2026-09-21,NIO,2231.20075758,3.67,8188.51
visionnaire,2026-09-21,NU,3667.15642023,14.06,51560.22
visionnaire,2026-09-21,NVDA,645.05724883,227.38,146673.12
visionnaire,2026-09-21,RKLB,451.73837628,69.89,31571.99
visionnaire,2026-09-21,SMCI,325.88492393,41.2,13426.46
visionnaire,2026-09-21,SMR,1103.75275938,8.79,9701.99
visionnaire,2026-09-21,SOFI,2923.26054591,16.97,49607.73
visionnaire,2026-09-21,TSLA,259.99956595,375.3,97577.83
visionnaire,2026-09-21,XPEV,578.7037037,10.47,6059.03
visionnaire,2026-09-21,ZETA,3073.56213556,31.15,95741.46
visionnaire,2026-09-22,AMD,128.32523871,623.77,80045.44
visionnaire,2026-09-22,BMNR,953.28884652,28.76,27416.59
visionnaire,2026-09-22,CASH,54456.56,1.0,54456.56
visionnaire,2026-09-22,CELH,4115.29728576,29.39,120948.58
visionnaire,2026-09-22,CRSP,391.46604032,58.33,22834.21
visionnaire,2026-09-22,DUOL,221.8770801,149.42,33152.87
visionnaire,2026-09-22,HIMS,4665.70337363,30.43,141977.36
visionnaire,2026-09-22,LFMD,2915.45189504,3.23,9416.91
visionnaire,2026-09-22,META,158.85623511,736.6,117013.5
visionnaire,2026-09-22,MTPLF,34557.44883168,1.84,63585.71
visionnaire,2026-09-22,NBIS,350.38542397,236.12,82733.0
visionnaire,2026-09-22,NIO,2231.20075758,3.72,8300.07
visionnaire,2026-09-22,NU,3667.15642023,14.06,51560.22
visionnaire,2026-09-22,NVDA,645.05724883,228.87,147634.25
visionnaire,2026-09-22,RKLB,451.73750932,71.98,32516.07
visionnaire,2026-09-22,SMCI,325.88492393,41.54,13537.26
visionnaire,2026-09-22,SMR,1103.75275938,8.89,9812.36
visionnaire,2026-09-22,SOFI,2923.26054591,17.16,50163.15
visionnaire,2026-09-22,TSLA,259.99956595,378.9,98513.83
visionnaire,2026-09-22,XPEV,578.7037037,10.48,6064.81
visionnaire,2026-09-22,ZETA,3073.56213556,30.13,92606.42
visionnaire,2026-09-23,AMD,81.98805551,614.61,50390.68
visionnaire,2026-09-23,AVGO,141.56425832,354.99,50253.89
visionnaire,2026-09-23,BMNR,953.28884652,27.46,26177.31
visionnaire,2026-09-23,CASH,52751.41,1.0,52751.41
visionnaire,2026-09-23,CELH,4115.29728576,29.18,120084.38
visionnaire,2026-09-23,CRSP,391.46604032,55.76,21828.15
visionnaire,2026-09-23,DUOL,221.8770801,145.98,32389.62
visionnaire,2026-09-23,HIMS,4665.70337363,28.39,132459.32
visionnaire,2026-09-23,LFMD,2915.45189504,3.05,8892.13
visionnaire,2026-09-23,META,158.85623511,744.1,118204.92
visionnaire,2026-09-23,MTPLF,41581.33772057,1.76,73183.15
visionnaire,2026-09-23,NBIS,350.38542397,226.61,79400.84
visionnaire,2026-09-23,NIO,2231.20075758,3.67,8188.51
visionnaire,2026-09-23,NU,3667.15642023,13.62,49946.67
visionnaire,2026-09-23,NVDA,645.05724883,225.51,145466.86
visionnaire,2026-09-23,SMCI,325.88492393,41.44,13504.67
visionnaire,2026-09-23,SMR,1103.75275938,8.68,9580.57
visionnaire,2026-09-23,SOFI,2923.26054591,16.55,48379.96
visionnaire,2026-09-23,TSLA,259.99956595,380.12,98831.03
visionnaire,2026-09-23,XPEV,578.7037037,10.29,5954.86
visionnaire,2026-09-23,ZETA,3073.56213556,29.79,91561.42
visionnaire,2026-09-24,AMD,81.98805551,629.26,51591.8
visionnaire,2026-09-24,AVGO,141.56425832,350.36,49598.45
visionnaire,2026-09-24,BMNR,953.28884652,28.03,26720.69
visionnaire,2026-09-24,CASH,52751.41,1.0,52751.41
visionnaire,2026-09-24,CELH,4115.29728576,28.43,116997.9
visionnaire,2026-09-24,CRSP,391.46604032,55.7,21804.66
visionnaire,2026-09-24,DUOL,221.8770801,147.75,32782.34
visionnaire,2026-09-24,HIMS,4665.70337363,29.28,136611.8
visionnaire,2026-09-24,LFMD,2915.45189504,2.91,8483.97
visionnaire,2026-09-24,META,158.85623511,777.59,123525.02
visionnaire,2026-09-24,MTPLF,41581.33772057,1.8,74846.41
visionnaire,2026-09-24,NBIS,350.38542397,243.48,85311.84
visionnaire,2026-09-24,NIO,2231.20075758,3.63,8099.26
visionnaire,2026-09-24,NU,3667.15642023,13.56,49726.64
visionnaire,2026-09-24,NVDA,645.05724883,224.58,144866.96
visionnaire,2026-09-24,SMCI,325.88492393,41.51,13527.48
visionnaire,2026-09-24,SMR,1103.75275938,8.47,9348.79
visionnaire,2026-09-24,SOFI,2923.26054591,16.8,49110.77
visionnaire,2026-09-24,TSLA,259.99956595,377.94,98264.24
visionnaire,2026-09-24,XPEV,578.7037037,10.25,5931.71
visionnaire,2026-09-24,ZETA,3073.56213556,29.57,90885.23
visionnaire,2026-09-25,AMD,81.98805551,630.63,51704.13
visionnaire,2026-09-25,AVGO,141.56425832,352.81,49945.29
visionnaire,2026-09-25,BMNR,953.28884652,27.56,26272.64
visionnaire,2026-09-25,CASH,52751.41,1.0,52751.41
visionnaire,2026-09-25,CELH,4115.29728576,27.99,115187.17
visionnaire,2026-09-25,CRSP,391.46604032,54.23,21229.2
visionnaire,2026-09-25,DUOL,221.8770801,143.51,31841.58
visionnaire,2026-09-25,HIMS,4665.70337363,29.42,137264.99
visionnaire,2026-09-25,LFMD,2915.45189504,2.97,8658.89
visionnaire,2026-09-25,META,158.85623511,751.66,119405.87
visionnaire,2026-09-25,MTPLF,41581.33772057,1.815,75470.13
visionnaire,2026-09-25,NBIS,350.38542397,237.33,83156.97
visionnaire,2026-09-25,NIO,2231.20075758,3.58,7987.7
visionnaire,2026-09-25,NU,3667.15642023,13.59,49836.66
visionnaire,2026-09-25,NVDA,645.05724883,225.07,145183.04
visionnaire,2026-09-25,SMCI,325.88492393,43.26,14097.78
visionnaire,2026-09-25,SMR,1103.75275938,8.42,9293.6
visionnaire,2026-09-25,SOFI,2923.26054591,16.58,48467.66
visionnaire,2026-09-25,TSLA,259.99956595,372.11,96748.43
visionnaire,2026-09-25,XPEV,578.7037037,10.12,5856.48
visionnaire,2026-09-25,ZETA,3073.56213556,29.45,90516.41
visionnaire,2026-09-26,AMD,81.98805551,630.63,51704.13
visionnaire,2026-09-26,AVGO,141.56425832,352.81,49945.29
visionnaire,2026-09-26,BMNR,953.28884652,27.56,26272.64
visionnaire,2026-09-26,CASH,52751.41,1.0,52751.41
visionnaire,2026-09-26,CELH,4115.29728576,27.99,115187.17
visionnaire,2026-09-26,CRSP,391.46604032,54.23,21229.2
visionnaire,2026-09-26,DUOL,221.8770801,143.51,31841.58
visionnaire,2026-09-26,HIMS,4665.70337363,29.42,137264.99
visionnaire,2026-09-26,LFMD,2915.45189504,2.97,8658.89
visionnaire,2026-09-26,META,158.85623511,751.66,119405.87
visionnaire,2026-09-26,MTPLF,41581.33772057,1.815,75470.13
visionnaire,2026-09-26,NBIS,350.38542397,237.33,83156.97
visionnaire,2026-09-26,NIO,2231.20075758,3.58,7987.7
visionnaire,2026-09-26,NU,3667.15642023,13.59,49836.66
visionnaire,2026-09-26,NVDA,645.05724883,225.07,145183.04
visionnaire,2026-09-26,SMCI,325.88492393,43.26,14097.78
visionnaire,2026-09-26,SMR,1103.75275938,8.42,9293.6
visionnaire,2026-09-26,SOFI,2923.26054591,16.58,48467.66
visionnaire,2026-09-26,TSLA,259.99956595,372.11,96748.43
visionnaire,2026-09-26,XPEV,578.7037037,10.12,5856.48
visionnaire,2026-09-26,ZETA,3073.56213556,29.45,90516.41
visionnaire,2026-09-27,AMD,81.98805551,630.63,51704.13
visionnaire,2026-09-27,AVGO,141.56425832,352.81,49945.29
visionnaire,2026-09-27,BMNR,953.28884652,27.56,26272.64
visionnaire,2026-09-27,CASH,52751.41,1.0,52751.41
visionnaire,2026-09-27,CELH,4115.29728576,27.99,115187.17
visionnaire,2026-09-27,CRSP,391.46604032,54.23,21229.2
visionnaire,2026-09-27,DUOL,221.8770801,143.51,31841.58
visionnaire,2026-09-27,HIMS,4665.70337363,29.42,137264.99
visionnaire,2026-09-27,LFMD,2915.45189504,2.97,8658.89
visionnaire,2026-09-27,META,158.85623511,751.66,119405.87
visionnaire,2026-09-27,MTPLF,41581.33772057,1.815,75470.13
visionnaire,2026-09-27,NBIS,350.38542397,237.33,83156.97
visionnaire,2026-09-27,NIO,2231.20075758,3.58,7987.7
visionnaire,2026-09-27,NU,3667.15642023,13.59,49836.66
visionnaire,2026-09-27,NVDA,645.05724883,225.07,145183.04
visionnaire,2026-09-27,SMCI,325.88492393,43.26,14097.78
visionnaire,2026-09-27,SMR,1103.75275938,8.42,9293.6
visionnaire,2026-09-27,SOFI,2923.26054591,16.58,48467.66
visionnaire,2026-09-27,TSLA,259.99956595,372.11,96748.43
visionnaire,2026-09-27,XPEV,578.7037037,10.12,5856.48
visionnaire,2026-09-27,ZETA,3073.56213556,29.45,90516.41
visionnaire,2026-09-28,AMD,81.98805551,607.87,49838.08
visionnaire,2026-09-28,AVGO,141.56425832,349.57,49486.62
visionnaire,2026-09-28,BMNR,953.28884652,26.84,25586.27
visionnaire,2026-09-28,CASH,52751.41,1.0,52751.41
visionnaire,2026-09-28,CELH,4115.29728576,28.0,115228.32
visionnaire,2026-09-28,CRSP,391.46604032,54.09,21174.4
visionnaire,2026-09-28,DUOL,221.8770801,134.3,29798.09
visionnaire,2026-09-28,HIMS,4665.70337363,28.78,134278.95
visionnaire,2026-09-28,LFMD,2915.45189504,2.93,8542.27
visionnaire,2026-09-28,META,158.85623511,715.62,113680.7
visionnaire,2026-09-28,MTPLF,41581.33772057,1.8,74846.41
visionnaire,2026-09-28,NBIS,350.38542397,231.88,81247.37
visionnaire,2026-09-28,NIO,2231.20075758,3.59,8010.01
visionnaire,2026-09-28,NU,3667.15642023,12.23,44849.32
visionnaire,2026-09-28,NVDA,645.05724883,228.86,147627.8
visionnaire,2026-09-28,SMCI,325.88492393,41.78,13615.47
visionnaire,2026-09-28,SMR,1103.75275938,7.91,8730.68
visionnaire,2026-09-28,SOFI,2923.26054591,15.93,46567.54
visionnaire,2026-09-28,TSLA,259.99956595,357.45,92936.85
visionnaire,2026-09-28,XPEV,578.7037037,9.95,5758.1
visionnaire,2026-09-28,ZETA,3073.56213556,28.99,89102.57
visionnaire,2026-09-29,AMD,81.98805551,607.57,49813.48
visionnaire,2026-09-29,AVGO,141.56425832,355.1,50269.47
visionnaire,2026-09-29,BMNR,953.28884652,26.73,25481.41
visionnaire,2026-09-29,CASH,52751.41,1.0,52751.41
visionnaire,2026-09-29,CELH,4115.29728576,27.71,114034.88
visionnaire,2026-09-29,CRSP,391.46604032,56.0,21922.1
visionnaire,2026-09-29,DUOL,221.8770801,142.62,31644.11
visionnaire,2026-09-29,HIMS,4665.70337363,28.7,133905.69
visionnaire,2026-09-29,LFMD,2915.45189504,2.88,8396.5
visionnaire,2026-09-29,META,158.85623511,738.79,117361.39
visionnaire,2026-09-29,MTPLF,41581.33772057,1.79,74430.59
visionnaire,2026-09-29,NBIS,350.38542397,237.355,83165.73
visionnaire,2026-09-29,NIO,2231.20075758,3.4,7586.08
visionnaire,2026-09-29,NU,3667.15642023,12.35,45289.38
visionnaire,2026-09-29,NVDA,645.05724883,227.21,146563.46
visionnaire,2026-09-29,SMCI,325.88492393,41.02,13367.8
visionnaire,2026-09-29,SMR,1103.75275938,7.76,8565.12
visionnaire,2026-09-29,SOFI,2923.26054591,15.91,46509.07
visionnaire,2026-09-29,TSLA,259.99956595,352.84,91738.25
visionnaire,2026-09-29,XPEV,578.7037037,9.47,5480.32
visionnaire,2026-09-29,ZETA,3073.56213556,28.96,89010.36
visionnaire,2026-09-30,AMD,81.98805551,611.76,50157.01
visionnaire,2026-09-30,AVGO,141.56425832,351.19,49715.95
visionnaire,2026-09-30,BMNR,953.28884652,26.43,25195.42
visionnaire,2026-09-30,CASH,52751.41,1.0,52751.41
visionnaire,2026-09-30,CELH,4115.29728576,27.35,112553.38
visionnaire,2026-09-30,CRSP,391.46604032,55.32,21655.9
visionnaire,2026-09-30,DUOL,221.8770801,142.4,31595.29
visionnaire,2026-09-30,HIMS,4665.70337363,29.79,138991.31
visionnaire,2026-09-30,LFMD,2915.45189504,2.9,8454.81
visionnaire,2026-09-30,META,158.85623511,725.18,115199.36
visionnaire,2026-09-30,MTPLF,41581.33772057,1.81,75262.22
visionnaire,2026-09-30,NBIS,350.38542397,235.88,82648.92
visionnaire,2026-09-30,NIO,2231.20075758,3.43,7653.02
visionnaire,2026-09-30,NU,3667.15642023,12.66,46426.2
visionnaire,2026-09-30,NVDA,645.05724883,228.38,147318.18
visionnaire,2026-09-30,SMCI,325.88492393,41.07,13384.09
visionnaire,2026-09-30,SMR,1103.75275938,7.9,8719.65
visionnaire,2026-09-30,SOFI,2923.26054591,15.72,45953.66
visionnaire,2026-09-30,TSLA,259.99956595,354.81,92250.45
visionnaire,2026-09-30,XPEV,578.7037037,9.56,5532.41
visionnaire,2026-09-30,ZETA,3073.56213556,31.57,97032.36
visionnaire,2026-10-01,AMD,81.98805551,615.73,50482.5
visionnaire,2026-10-01,AVGO,141.56425832,343.64,48647.14
visionnaire,2026-10-01,BMNR,953.28884652,26.73,25481.41
visionnaire,2026-10-01,CASH,52751.41,1.0,52751.41
visionnaire,2026-10-01,CELH,4115.29728576,27.41,112800.3
visionnaire,2026-10-01,CRSP,391.46604032,55.44,21702.88
visionnaire,2026-10-01,DUOL,221.8770801,146.57,32520.53
visionnaire,2026-10-01,HIMS,4665.70337363,29.3,136705.11
visionnaire,2026-10-01,LFMD,2915.45189504,2.85,8309.04
visionnaire,2026-10-01,META,158.85623511,725.93,115318.51
visionnaire,2026-10-01,MTPLF,41581.33772057,1.94,80667.8
visionnaire,2026-10-01,NBIS,350.38542397,232.28,81387.53
visionnaire,2026-10-01,NIO,2231.20075758,3.4,7586.08
visionnaire,2026-10-01,NU,3667.15642023,13.29,48736.51
visionnaire,2026-10-01,NVDA,645.05724883,230.86,148917.92
visionnaire,2026-10-01,SMCI,325.88492393,41.92,13661.1
visionnaire,2026-10-01,SMR,1103.75275938,7.79,8598.23
visionnaire,2026-10-01,SOFI,2923.26054591,15.84,46304.45
visionnaire,2026-10-01,TSLA,259.99956595,354.11,92068.44
visionnaire,2026-10-01,XPEV,578.7037037,9.42,5451.39
visionnaire,2026-10-01,ZETA,3073.56213556,32.4,99583.42
visionnaire,2026-10-02,AMD,81.98805551,633.91,51973.05
visionnaire,2026-10-02,AVGO,141.56425832,355.14,50275.13
visionnaire,2026-10-02,BMNR,953.28884652,26.27,25042.9
visionnaire,2026-10-02,CASH,52751.41,1.0,52751.41
visionnaire,2026-10-02,CELH,4115.29728576,26.75,110084.2
visionnaire,2026-10-02,CRSP,391.46604032,55.43,21698.96
visionnaire,2026-10-02,DUOL,221.8770801,144.27,32010.21
visionnaire,2026-10-02,HIMS,4665.70337363,29.0,135305.4
visionnaire,2026-10-02,LFMD,2915.45189504,2.74,7988.34
visionnaire,2026-10-02,META,158.85623511,728.08,115660.05
visionnaire,2026-10-02,MTPLF,41581.33772057,1.816,75511.71
visionnaire,2026-10-02,NBIS,350.38542397,242.81,85077.08
visionnaire,2026-10-02,NIO,2231.20075758,3.37,7519.15
visionnaire,2026-10-02,NU,3667.15642023,13.43,49249.91
visionnaire,2026-10-02,NVDA,645.05724883,233.95,150911.14
visionnaire,2026-10-02,SMCI,325.88492393,43.69,14237.91
visionnaire,2026-10-02,SMR,1103.75275938,7.75,8554.08
visionnaire,2026-10-02,SOFI,2923.26054591,15.77,46099.82
visionnaire,2026-10-02,TSLA,259.99956595,370.59,96353.24
visionnaire,2026-10-02,XPEV,578.7037037,9.25,5353.01
visionnaire,2026-10-02,ZETA,3073.56213556,32.63,100290.34
visionnaire,2026-10-03,AMD,81.98805551,633.91,51973.05
visionnaire,2026-10-03,AVGO,141.56425832,355.14,50275.13
visionnaire,2026-10-03,BMNR,953.28884652,26.27,25042.9
visionnaire,2026-10-03,CASH,52751.41,1.0,52751.41
visionnaire,2026-10-03,CELH,4115.29728576,26.75,110084.2
visionnaire,2026-10-03,CRSP,391.46604032,55.43,21698.96
visionnaire,2026-10-03,DUOL,221.8770801,144.27,32010.21
visionnaire,2026-10-03,HIMS,4665.70337363,29.0,135305.4
visionnaire,2026-10-03,LFMD,2915.45189504,2.74,7988.34
visionnaire,2026-10-03,META,158.85623511,728.08,115660.05
visionnaire,2026-10-03,MTPLF,41581.33772057,1.816,75511.71
visionnaire,2026-10-03,NBIS,350.38542397,242.81,85077.08
visionnaire,2026-10-03,NIO,2231.20075758,3.37,7519.15
visionnaire,2026-10-03,NU,3667.15642023,13.43,49249.91
visionnaire,2026-10-03,NVDA,645.05724883,233.95,150911.14
visionnaire,2026-10-03,SMCI,325.88492393,43.69,14237.91
visionnaire,2026-10-03,SMR,1103.75275938,7.75,8554.08
visionnaire,2026-10-03,SOFI,2923.26054591,15.77,46099.82
visionnaire,2026-10-03,TSLA,259.99956595,370.59,96353.24
visionnaire,2026-10-03,XPEV,578.7037037,9.25,5353.01
visionnaire,2026-10-03,ZETA,3073.56213556,32.63,100290.34
visionnaire,2026-10-04,AMD,81.98805551,633.91,51973.05
visionnaire,2026-10-04,AVGO,141.56425832,355.14,50275.13
visionnaire,2026-10-04,BMNR,953.28884652,26.27,25042.9
visionnaire,2026-10-04,CASH,52751.41,1.0,52751.41
visionnaire,2026-10-04,CELH,4115.29728576,26.75,110084.2
visionnaire,2026-10-04,CRSP,391.46604032,55.43,21698.96
visionnaire,2026-10-04,DUOL,221.8770801,144.27,32010.21
visionnaire,2026-10-04,HIMS,4665.70337363,29.0,135305.4
visionnaire,2026-10-04,LFMD,2915.45189504,2.74,7988.34
visionnaire,2026-10-04,META,158.85623511,728.08,115660.05
visionnaire,2026-10-04,MTPLF,41581.33772057,1.816,75511.71
visionnaire,2026-10-04,NBIS,350.38542397,242.81,85077.08
visionnaire,2026-10-04,NIO,2231.20075758,3.37,7519.15
visionnaire,2026-10-04,NU,3667.15642023,13.43,49249.91
visionnaire,2026-10-04,NVDA,645.05724883,233.95,150911.14
visionnaire,2026-10-04,SMCI,325.88492393,43.69,14237.91
visionnaire,2026-10-04,SMR,1103.75275938,7.75,8554.08
visionnaire,2026-10-04,SOFI,2923.26054591,15.77,46099.82
visionnaire,2026-10-04,TSLA,259.99956595,370.59,96353.24
visionnaire,2026-10-04,XPEV,578.7037037,9.25,5353.01
visionnaire,2026-10-04,ZETA,3073.56213556,32.63,100290.34
visionnaire,2026-10-05,AMD,81.98805551,631.75,51795.95
visionnaire,2026-10-05,AVGO,141.56425832,362.51,51318.46
visionnaire,2026-10-05,BMNR,953.28884652,26.79,25538.61
visionnaire,2026-10-05,CASH,52751.41,1.0,52751.41
visionnaire,2026-10-05,CELH,4115.29728576,27.52,113252.98
visionnaire,2026-10-05,CRSP,391.46604032,57.34,22446.66
visionnaire,2026-10-05,DUOL,221.8770801,147.1,32638.12
visionnaire,2026-10-05,HIMS,4665.70337363,29.67,138431.42
visionnaire,2026-10-05,LFMD,2915.45189504,2.72,7930.03
visionnaire,2026-10-05,META,158.85623511,741.9,117855.44
visionnaire,2026-10-05,MTPLF,41581.33772057,1.8,74846.41
visionnaire,2026-10-05,NBIS,350.38542397,232.57,81489.14
visionnaire,2026-10-05,NIO,2231.20075758,3.42,7630.71
visionnaire,2026-10-05,NU,3667.15642023,15.18,55667.44
visionnaire,2026-10-05,NVDA,645.05724883,238.9,154104.17
visionnaire,2026-10-05,SMCI,325.88492393,43.19,14074.97
visionnaire,2026-10-05,SMR,1103.75275938,7.68,8476.82
visionnaire,2026-10-05,SOFI,2923.26054591,15.92,46538.31
visionnaire,2026-10-05,TSLA,259.99956595,378.73,98469.64
visionnaire,2026-10-05,XPEV,578.7037037,9.4,5439.81
visionnaire,2026-10-05,ZETA,3073.56213556,32.88,101058.73
visionnaire,2026-10-06,AMD,81.98805551,649.42,53244.68
visionnaire,2026-10-06,AVGO,141.56425832,375.81,53201.26
visionnaire,2026-10-06,BMNR,953.28884652,26.2,24976.17
visionnaire,2026-10-06,CASH,52751.41,1.0,52751.41
visionnaire,2026-10-06,CELH,4115.29728576,27.29,112306.47
visionnaire,2026-10-06,CRSP,391.46604032,54.0,21139.17
visionnaire,2026-10-06,DUOL,221.8770801,148.13,32866.65
visionnaire,2026-10-06,HIMS,4665.70337363,29.47,137498.28
visionnaire,2026-10-06,LFMD,2915.45189504,2.73,7959.18
visionnaire,2026-10-06,META,158.85623511,738.88,117375.7
visionnaire,2026-10-06,MTPLF,41581.33772057,1.78,74014.78
visionnaire,2026-10-06,NBIS,350.38542397,249.87,87550.8
visionnaire,2026-10-06,NIO,2231.20075758,3.48,7764.58
visionnaire,2026-10-06,NU,3667.15642023,15.66,57427.67
visionnaire,2026-10-06,NVDA,645.05724883,239.24,154323.5
visionnaire,2026-10-06,SMCI,325.88492393,43.46,14162.96
visionnaire,2026-10-06,SMR,1103.75275938,8.02,8852.1
visionnaire,2026-10-06,SOFI,2923.26054591,15.76,46070.59
visionnaire,2026-10-06,TSLA,259.99956595,380.68,98976.63
visionnaire,2026-10-06,XPEV,578.7037037,9.56,5532.41
visionnaire,2026-10-06,ZETA,3073.56213556,32.95,101273.87
visionnaire,2026-10-07,AMD,81.98805551,645.86,52952.8
visionnaire,2026-10-07,AVGO,141.56425832,376.51,53300.36
visionnaire,2026-10-07,BMNR,953.28884652,24.66,23508.1
visionnaire,2026-10-07,CASH,52751.41,1.0,52751.41
visionnaire,2026-10-07,CELH,4115.29728576,26.92,110783.8
visionnaire,2026-10-07,CRSP,391.46604032,52.35,20493.25
visionnaire,2026-10-07,DUOL,221.8770801,151.72,33663.19
visionnaire,2026-10-07,HIMS,4665.70337363,29.54,137824.88
visionnaire,2026-10-07,LFMD,2915.45189504,2.79,8134.11
visionnaire,2026-10-07,META,158.85623511,721.31,114584.59
visionnaire,2026-10-07,MTPLF,41581.33772057,1.74,72351.53
visionnaire,2026-10-07,NBIS,350.38542397,237.15,83093.9
visionnaire,2026-10-07,NIO,2231.20075758,3.54,7898.45
visionnaire,2026-10-07,NU,3667.15642023,15.58,57134.3
visionnaire,2026-10-07,NVDA,645.05724883,237.47,153181.75
visionnaire,2026-10-07,SMCI,325.88492393,44.94,14645.27
visionnaire,2026-10-07,SMR,1103.75275938,7.67,8465.78
visionnaire,2026-10-07,SOFI,2923.26054591,15.66,45778.26
visionnaire,2026-10-07,TSLA,259.99956595,377.81,98230.44
visionnaire,2026-10-07,XPEV,578.7037037,9.58,5543.98
visionnaire,2026-10-07,ZETA,3073.56213556,33.74,103701.99
visionnaire,2026-10-08,AMD,81.98805551,620.68,50888.35
visionnaire,2026-10-08,AVGO,141.56425832,360.14,50982.95
visionnaire,2026-10-08,BMNR,953.28884652,24.04,22917.06
visionnaire,2026-10-08,CASH,52751.41,1.0,52751.41
visionnaire,2026-10-08,CELH,4115.29728576,27.4,112759.14
visionnaire,2026-10-08,CRSP,391.46604032,50.44,19745.55
visionnaire,2026-10-08,DUOL,221.8770801,151.22,33552.25
visionnaire,2026-10-08,HIMS,4665.70337363,28.06,130919.63
visionnaire,2026-10-08,LFMD,2915.45189504,2.65,7725.95
visionnaire,2026-10-08,META,158.85623511,720.89,114517.87
visionnaire,2026-10-08,MTPLF,41581.33772057,1.6,66530.14
visionnaire,2026-10-08,NBIS,350.38542397,219.71,76983.18
visionnaire,2026-10-08,NIO,2231.20075758,3.41,7608.39
visionnaire,2026-10-08,NU,3667.15642023,15.38,56400.87
visionnaire,2026-10-08,NVDA,645.05724883,230.48,148672.79
visionnaire,2026-10-08,SMCI,325.88492393,42.77,13938.1
visionnaire,2026-10-08,SMR,1103.75275938,7.32,8079.47
visionnaire,2026-10-08,SOFI,2923.26054591,15.61,45632.1
visionnaire,2026-10-08,TSLA,259.99956595,375.0,97499.84
visionnaire,2026-10-08,XPEV,578.7037037,9.55,5526.62
visionnaire,2026-10-08,ZETA,3073.56213556,33.03,101519.75
visionnaire,2026-10-09,AMD,81.98805551,608.1,49856.93
visionnaire,2026-10-09,AVGO,141.56425832,361.54,51181.14
visionnaire,2026-10-09,BMNR,953.28884652,24.03,22907.53
visionnaire,2026-10-09,CASH,52751.41,1.0,52751.41
visionnaire,2026-10-09,CELH,4115.29728576,28.58,117615.2
visionnaire,2026-10-09,CRSP,391.46604032,53.39,20900.37
visionnaire,2026-10-09,DUOL,221.8770801,149.92,33263.81
visionnaire,2026-10-09,HIMS,4665.70337363,30.92,144263.55
visionnaire,2026-10-09,LFMD,2915.45189504,2.63,7667.64
visionnaire,2026-10-09,META,158.85623511,718.67,114165.21
visionnaire,2026-10-09,MTPLF,41581.33772057,1.65,68609.21
visionnaire,2026-10-09,NBIS,350.38542397,221.07,77459.71
visionnaire,2026-10-09,NIO,2231.20075758,3.58,7987.7
visionnaire,2026-10-09,NU,3667.15642023,16.12,59114.56
visionnaire,2026-10-09,NVDA,645.05724883,229.28,147898.73
visionnaire,2026-10-09,SMCI,325.88492393,41.86,13641.54
visionnaire,2026-10-09,SMR,1103.75275938,7.2,7947.02
visionnaire,2026-10-09,SOFI,2923.26054591,15.8,46187.52
visionnaire,2026-10-09,TSLA,259.99956595,382.7,99501.84
visionnaire,2026-10-09,XPEV,578.7037037,9.9,5729.17
visionnaire,2026-10-09,ZETA,3073.56213556,33.09,101704.17
visionnaire,2026-10-10,AMD,81.98805551,608.1,49856.93
visionnaire,2026-10-10,AVGO,141.56425832,361.54,51181.14
visionnaire,2026-10-10,BMNR,953.28884652,24.03,22907.53
visionnaire,2026-10-10,CASH,52751.41,1.0,52751.41
visionnaire,2026-10-10,CELH,4115.29728576,28.58,117615.2
visionnaire,2026-10-10,CRSP,391.46604032,53.39,20900.37
visionnaire,2026-10-10,DUOL,221.8770801,149.92,33263.81
visionnaire,2026-10-10,HIMS,4665.70337363,30.92,144263.55
visionnaire,2026-10-10,LFMD,2915.45189504,2.63,7667.64
visionnaire,2026-10-10,META,158.85623511,718.67,114165.21
visionnaire,2026-10-10,MTPLF,41581.33772057,1.65,68609.21
visionnaire,2026-10-10,NBIS,350.38542397,221.07,77459.71
visionnaire,2026-10-10,NIO,2231.20075758,3.58,7987.7
visionnaire,2026-10-10,NU,3667.15642023,16.12,59114.56
visionnaire,2026-10-10,NVDA,645.05724883,229.28,147898.73
visionnaire,2026-10-10,SMCI,325.88492393,41.86,13641.54
visionnaire,2026-10-10,SMR,1103.75275938,7.2,7947.02
visionnaire,2026-10-10,SOFI,2923.26054591,15.8,46187.52
visionnaire,2026-10-10,TSLA,259.99956595,382.7,99501.84
visionnaire,2026-10-10,XPEV,578.7037037,9.9,5729.17
visionnaire,2026-10-10,ZETA,3073.56213556,33.09,101704.17
